Workbook

Sheet 국내
A2: 2026년 경영계획 국내_월별 손익계산서 (더미데이터)
A6: 1. 국내_손익계산서
A7: ※ 지게차 22.9cell 환산
S8: (단위 : 대, 백만원)
A9: 구분 | B9: 1월 | C9: 2월 | D9: 3월 | E9: 4월 | F9: 5월 | G9: 6월 | H9: 7월 | I9: 8월 | J9: 9월 | K9: 10월 | L9: 11월 | M9: 12월 | N9: 1/4분기 | O9: 2/4분기 | P9: 3/4분기 | Q9: 4/4분기 | R9: 상반기 | S9: 하반기 | T9: 총계
A10: 매출수량 | B10: =모티브!B4+고정형!B4+대리점!B4+차량oe!B4 | C10: =모티브!C4+고정형!C4+대리점!C4+차량oe!C4 | D10: =모티브!D4+고정형!D4+대리점!D4+차량oe!D4 | E10: =모티브!E4+고정형!E4+대리점!E4+차량oe!E4 | F10: =모티브!F4+고정형!F4+대리점!F4+차량oe!F4 | G10: =모티브!G4+고정형!G4+대리점!G4+차량oe!G4 | H10: =모티브!H4+고정형!H4+대리점!H4+차량oe!H4 | I10: =모티브!I4+고정형!I4+대리점!I4+차량oe!I4 | ... M10: =모티브!M4+고정형!M4+대리점!M4+차량oe!M4 | N10: =SUM(B10:D10) | O10: =SUM(E10:G10) | P10: =SUM(H10:J10) | Q10: =SUM(K10:M10) | R10: =SUM(N10:O10) | S10: =SUM(P10:Q10) | T10: =R10+S10
A11: 매출액(Total) | B11: =모티브!B5+고정형!B5+대리점!B5+차량oe!B5 | C11: =모티브!C5+고정형!C5+대리점!C5+차량oe!C5 | D11: =모티브!D5+고정형!D5+대리점!D5+차량oe!D5 | E11: =모티브!E5+고정형!E5+대리점!E5+차량oe!E5 | F11: =모티브!F5+고정형!F5+대리점!F5+차량oe!F5 | G11: =모티브!G5+고정형!G5+대리점!G5+차량oe!G5 | H11: =모티브!H5+고정형!H5+대리점!H5+차량oe!H5 | I11: =모티브!I5+고정형!I5+대리점!I5+차량oe!I5 | ... M11: =모티브!M5+고정형!M5+대리점!M5+차량oe!M5 | N11: =SUM(B11:D11) | O11: =SUM(E11:G11) | P11: =SUM(H11:J11) | Q11: =SUM(K11:M11) | R11: =SUM(N11:O11) | S11: =SUM(P11:Q11) | T11: =R11+S11
A12: 매출원가(A)Tot | B12: =SUM(B14:B46) | C12: =SUM(C14:C46) | D12: =SUM(D14:D46) | E12: =SUM(E14:E46) | F12: =SUM(F14:F46) | G12: =SUM(G14:G46) | H12: =SUM(H14:H46) | I12: =SUM(I14:I46) | ... M12: =SUM(M14:M46) | N12: =SUM(B12:D12) | O12: =SUM(E12:G12) | P12: =SUM(H12:J12) | Q12: =SUM(K12:M12) | R12: =SUM(N12:O12) | S12: =SUM(P12:Q12) | T12: =R12+S12
B13: =IFERROR(B12/B11,0) | C13: =IFERROR(C12/C11,0) | D13: =IFERROR(D12/D11,0) | E13: =IFERROR(E12/E11,0) | F13: =IFERROR(F12/F11,0) | G13: =IFERROR(G12/G11,0) | H13: =IFERROR(H12/H11,0) | I13: =IFERROR(I12/I11,0) | ... T13: =IFERROR(T12/T11,0)
A14: 상품매출원가 | B14: =모티브!B8+고정형!B8+대리점!B8+차량oe!B8 | C14: =모티브!C8+고정형!C8+대리점!C8+차량oe!C8 | D14: =모티브!D8+고정형!D8+대리점!D8+차량oe!D8 | E14: =모티브!E8+고정형!E8+대리점!E8+차량oe!E8 | F14: =모티브!F8+고정형!F8+대리점!F8+차량oe!F8 | G14: =모티브!G8+고정형!G8+대리점!G8+차량oe!G8 | H14: =모티브!H8+고정형!H8+대리점!H8+차량oe!H8 | I14: =모티브!I8+고정형!I8+대리점!I8+차량oe!I8 | ... M14: =모티브!M8+고정형!M8+대리점!M8+차량oe!M8 | N14: =SUM(B14:D14) | O14: =SUM(E14:G14) | P14: =SUM(H14:J14) | Q14: =SUM(K14:M14) | R14: =SUM(N14:O14) | S14: =SUM(P14:Q14) | T14: =R14+S14
A15: 재고실사차이 | B15: =모티브!B9+고정형!B9+대리점!B9+차량oe!B9 | C15: =모티브!C9+고정형!C9+대리점!C9+차량oe!C9 | D15: =모티브!D9+고정형!D9+대리점!D9+차량oe!D9 | E15: =모티브!E9+고정형!E9+대리점!E9+차량oe!E9 | F15: =모티브!F9+고정형!F9+대리점!F9+차량oe!F9 | G15: =모티브!G9+고정형!G9+대리점!G9+차량oe!G9 | H15: =모티브!H9+고정형!H9+대리점!H9+차량oe!H9 | I15: =모티브!I9+고정형!I9+대리점!I9+차량oe!I9 | ... M15: =모티브!M9+고정형!M9+대리점!M9+차량oe!M9 | N15: =SUM(B15:D15) | O15: =SUM(E15:G15) | P15: =SUM(H15:J15) | Q15: =SUM(K15:M15) | R15: =SUM(N15:O15) | S15: =SUM(P15:Q15) | T15: =R15+S15
A16: 환불부채 | B16: =모티브!B10+고정형!B10+대리점!B10+차량oe!B10 | C16: =모티브!C10+고정형!C10+대리점!C10+차량oe!C10 | D16: =모티브!D10+고정형!D10+대리점!D10+차량oe!D10 | E16: =모티브!E10+고정형!E10+대리점!E10+차량oe!E10 | F16: =모티브!F10+고정형!F10+대리점!F10+차량oe!F10 | G16: =모티브!G10+고정형!G10+대리점!G10+차량oe!G10 | H16: =모티브!H10+고정형!H10+대리점!H10+차량oe!H10 | I16: =모티브!I10+고정형!I10+대리점!I10+차량oe!I10 | ... M16: =모티브!M10+고정형!M10+대리점!M10+차량oe!M10 | N16: =SUM(B16:D16) | O16: =SUM(E16:G16) | P16: =SUM(H16:J16) | Q16: =SUM(K16:M16) | R16: =SUM(N16:O16) | S16: =SUM(P16:Q16) | T16: =R16+S16
A17: 평가손실 | B17: =모티브!B11+고정형!B11+대리점!B11+차량oe!B11 | C17: =모티브!C11+고정형!C11+대리점!C11+차량oe!C11 | D17: =모티브!D11+고정형!D11+대리점!D11+차량oe!D11 | E17: =모티브!E11+고정형!E11+대리점!E11+차량oe!E11 | F17: =모티브!F11+고정형!F11+대리점!F11+차량oe!F11 | G17: =모티브!G11+고정형!G11+대리점!G11+차량oe!G11 | H17: =모티브!H11+고정형!H11+대리점!H11+차량oe!H11 | I17: =모티브!I11+고정형!I11+대리점!I11+차량oe!I11 | ... M17: =모티브!M11+고정형!M11+대리점!M11+차량oe!M11 | N17: =SUM(B17:D17) | O17: =SUM(E17:G17) | P17: =SUM(H17:J17) | Q17: =SUM(K17:M17) | R17: =SUM(N17:O17) | S17: =SUM(P17:Q17) | T17: =R17+S17
A18: 관세환급 | B18: =모티브!B12+고정형!B12+대리점!B12+차량oe!B12 | C18: =모티브!C12+고정형!C12+대리점!C12+차량oe!C12 | D18: =모티브!D12+고정형!D12+대리점!D12+차량oe!D12 | E18: =모티브!E12+고정형!E12+대리점!E12+차량oe!E12 | F18: =모티브!F12+고정형!F12+대리점!F12+차량oe!F12 | G18: =모티브!G12+고정형!G12+대리점!G12+차량oe!G12 | H18: =모티브!H12+고정형!H12+대리점!H12+차량oe!H12 | I18: =모티브!I12+고정형!I12+대리점!I12+차량oe!I12 | ... M18: =모티브!M12+고정형!M12+대리점!M12+차량oe!M12 | N18: =SUM(B18:D18) | O18: =SUM(E18:G18) | P18: =SUM(H18:J18) | Q18: =SUM(K18:M18) | R18: =SUM(N18:O18) | S18: =SUM(P18:Q18) | T18: =R18+S18
A19: 매출원가조정기타 | B19: =모티브!B13+고정형!B13+대리점!B13+차량oe!B13 | C19: =모티브!C13+고정형!C13+대리점!C13+차량oe!C13 | D19: =모티브!D13+고정형!D13+대리점!D13+차량oe!D13 | E19: =모티브!E13+고정형!E13+대리점!E13+차량oe!E13 | F19: =모티브!F13+고정형!F13+대리점!F13+차량oe!F13 | G19: =모티브!G13+고정형!G13+대리점!G13+차량oe!G13 | H19: =모티브!H13+고정형!H13+대리점!H13+차량oe!H13 | I19: =모티브!I13+고정형!I13+대리점!I13+차량oe!I13 | ... M19: =모티브!M13+고정형!M13+대리점!M13+차량oe!M13 | N19: =SUM(B19:D19) | O19: =SUM(E19:G19) | P19: =SUM(H19:J19) | Q19: =SUM(K19:M19) | R19: =SUM(N19:O19) | S19: =SUM(P19:Q19) | T19: =R19+S19
A20: 원재료비_순연 | B20: =모티브!B14+고정형!B14+대리점!B14+차량oe!B14 | C20: =모티브!C14+고정형!C14+대리점!C14+차량oe!C14 | D20: =모티브!D14+고정형!D14+대리점!D14+차량oe!D14 | E20: =모티브!E14+고정형!E14+대리점!E14+차량oe!E14 | F20: =모티브!F14+고정형!F14+대리점!F14+차량oe!F14 | G20: =모티브!G14+고정형!G14+대리점!G14+차량oe!G14 | H20: =모티브!H14+고정형!H14+대리점!H14+차량oe!H14 | I20: =모티브!I14+고정형!I14+대리점!I14+차량oe!I14 | ... M20: =모티브!M14+고정형!M14+대리점!M14+차량oe!M14 | N20: =SUM(B20:D20) | O20: =SUM(E20:G20) | P20: =SUM(H20:J20) | Q20: =SUM(K20:M20) | R20: =SUM(N20:O20) | S20: =SUM(P20:Q20) | T20: =R20+S20
A21: 원재료(LOSS_순연) | B21: =모티브!B15+고정형!B15+대리점!B15+차량oe!B15 | C21: =모티브!C15+고정형!C15+대리점!C15+차량oe!C15 | D21: =모티브!D15+고정형!D15+대리점!D15+차량oe!D15 | E21: =모티브!E15+고정형!E15+대리점!E15+차량oe!E15 | F21: =모티브!F15+고정형!F15+대리점!F15+차량oe!F15 | G21: =모티브!G15+고정형!G15+대리점!G15+차량oe!G15 | H21: =모티브!H15+고정형!H15+대리점!H15+차량oe!H15 | I21: =모티브!I15+고정형!I15+대리점!I15+차량oe!I15 | ... M21: =모티브!M15+고정형!M15+대리점!M15+차량oe!M15 | N21: =SUM(B21:D21) | O21: =SUM(E21:G21) | P21: =SUM(H21:J21) | Q21: =SUM(K21:M21) | R21: =SUM(N21:O21) | S21: =SUM(P21:Q21) | T21: =R21+S21
A22: 원재료비_경연 | B22: =모티브!B16+고정형!B16+대리점!B16+차량oe!B16 | C22: =모티브!C16+고정형!C16+대리점!C16+차량oe!C16 | D22: =모티브!D16+고정형!D16+대리점!D16+차량oe!D16 | E22: =모티브!E16+고정형!E16+대리점!E16+차량oe!E16 | F22: =모티브!F16+고정형!F16+대리점!F16+차량oe!F16 | G22: =모티브!G16+고정형!G16+대리점!G16+차량oe!G16 | H22: =모티브!H16+고정형!H16+대리점!H16+차량oe!H16 | I22: =모티브!I16+고정형!I16+대리점!I16+차량oe!I16 | ... M22: =모티브!M16+고정형!M16+대리점!M16+차량oe!M16 | N22: =SUM(B22:D22) | O22: =SUM(E22:G22) | P22: =SUM(H22:J22) | Q22: =SUM(K22:M22) | R22: =SUM(N22:O22) | S22: =SUM(P22:Q22) | T22: =R22+S22
A23: 원재료(LOSS_경연) | B23: =모티브!B17+고정형!B17+대리점!B17+차량oe!B17 | C23: =모티브!C17+고정형!C17+대리점!C17+차량oe!C17 | D23: =모티브!D17+고정형!D17+대리점!D17+차량oe!D17 | E23: =모티브!E17+고정형!E17+대리점!E17+차량oe!E17 | F23: =모티브!F17+고정형!F17+대리점!F17+차량oe!F17 | G23: =모티브!G17+고정형!G17+대리점!G17+차량oe!G17 | H23: =모티브!H17+고정형!H17+대리점!H17+차량oe!H17 | I23: =모티브!I17+고정형!I17+대리점!I17+차량oe!I17 | ... M23: =모티브!M17+고정형!M17+대리점!M17+차량oe!M17 | N23: =SUM(B23:D23) | O23: =SUM(E23:G23) | P23: =SUM(H23:J23) | Q23: =SUM(K23:M23) | R23: =SUM(N23:O23) | S23: =SUM(P23:Q23) | T23: =R23+S23
A24: 원재료비_칼슘연 | B24: =모티브!B18+고정형!B18+대리점!B18+차량oe!B18 | C24: =모티브!C18+고정형!C18+대리점!C18+차량oe!C18 | D24: =모티브!D18+고정형!D18+대리점!D18+차량oe!D18 | E24: =모티브!E18+고정형!E18+대리점!E18+차량oe!E18 | F24: =모티브!F18+고정형!F18+대리점!F18+차량oe!F18 | G24: =모티브!G18+고정형!G18+대리점!G18+차량oe!G18 | H24: =모티브!H18+고정형!H18+대리점!H18+차량oe!H18 | I24: =모티브!I18+고정형!I18+대리점!I18+차량oe!I18 | ... M24: =모티브!M18+고정형!M18+대리점!M18+차량oe!M18 | N24: =SUM(B24:D24) | O24: =SUM(E24:G24) | P24: =SUM(H24:J24) | Q24: =SUM(K24:M24) | R24: =SUM(N24:O24) | S24: =SUM(P24:Q24) | T24: =R24+S24
A25: 원재료(LOSS_칼슘연) | B25: =모티브!B19+고정형!B19+대리점!B19+차량oe!B19 | C25: =모티브!C19+고정형!C19+대리점!C19+차량oe!C19 | D25: =모티브!D19+고정형!D19+대리점!D19+차량oe!D19 | E25: =모티브!E19+고정형!E19+대리점!E19+차량oe!E19 | F25: =모티브!F19+고정형!F19+대리점!F19+차량oe!F19 | G25: =모티브!G19+고정형!G19+대리점!G19+차량oe!G19 | H25: =모티브!H19+고정형!H19+대리점!H19+차량oe!H19 | I25: =모티브!I19+고정형!I19+대리점!I19+차량oe!I19 | ... M25: =모티브!M19+고정형!M19+대리점!M19+차량oe!M19 | N25: =SUM(B25:D25) | O25: =SUM(E25:G25) | P25: =SUM(H25:J25) | Q25: =SUM(K25:M25) | R25: =SUM(N25:O25) | S25: =SUM(P25:Q25) | T25: =R25+S25
... A46: 원가절감(해외) | B46: =모티브!B40+고정형!B40+대리점!B40+차량oe!B40 | C46: =모티브!C40+고정형!C40+대리점!C40+차량oe!C40 | D46: =모티브!D40+고정형!D40+대리점!D40+차량oe!D40 | E46: =모티브!E40+고정형!E40+대리점!E40+차량oe!E40 | F46: =모티브!F40+고정형!F40+대리점!F40+차량oe!F40 | G46: =모티브!G40+고정형!G40+대리점!G40+차량oe!G40 | H46: =모티브!H40+고정형!H40+대리점!H40+차량oe!H40 | I46: =모티브!I40+고정형!I40+대리점!I40+차량oe!I40 | ... M46: =모티브!M40+고정형!M40+대리점!M40+차량oe!M40 | N46: =SUM(B46:D46) | O46: =SUM(E46:G46) | P46: =SUM(H46:J46) | Q46: =SUM(K46:M46) | R46: =SUM(N46:O46) | S46: =SUM(P46:Q46) | T46: =R46+S46
A47: 매출총이익(A) | B47: =B11-B12 | C47: =C11-C12 | D47: =D11-D12 | E47: =E11-E12 | F47: =F11-F12 | G47: =G11-G12 | H47: =H11-H12 | I47: =I11-I12 | ... T47: =T11-T12
A48: 판관비(Total) | B48: =SUM(B50:B86) | C48: =SUM(C50:C86) | D48: =SUM(D50:D86) | E48: =SUM(E50:E86) | F48: =SUM(F50:F86) | G48: =SUM(G50:G86) | H48: =SUM(H50:H86) | I48: =SUM(I50:I86) | ... M48: =SUM(M50:M86) | N48: =SUM(B48:D48) | O48: =SUM(E48:G48) | P48: =SUM(H48:J48) | Q48: =SUM(K48:M48) | R48: =SUM(N48:O48) | S48: =SUM(P48:Q48) | T48: =R48+S48
B49: =IFERROR(B48/B11,0) | C49: =IFERROR(C48/C11,0) | D49: =IFERROR(D48/D11,0) | E49: =IFERROR(E48/E11,0) | F49: =IFERROR(F48/F11,0) | G49: =IFERROR(G48/G11,0) | H49: =IFERROR(H48/H11,0) | I49: =IFERROR(I48/I11,0) | ... T49: =IFERROR(T48/T11,0)
A50: 임원급여 | B50: =모티브!B44+고정형!B44+대리점!B44+차량oe!B44 | C50: =모티브!C44+고정형!C44+대리점!C44+차량oe!C44 | D50: =모티브!D44+고정형!D44+대리점!D44+차량oe!D44 | E50: =모티브!E44+고정형!E44+대리점!E44+차량oe!E44 | F50: =모티브!F44+고정형!F44+대리점!F44+차량oe!F44 | G50: =모티브!G44+고정형!G44+대리점!G44+차량oe!G44 | H50: =모티브!H44+고정형!H44+대리점!H44+차량oe!H44 | I50: =모티브!I44+고정형!I44+대리점!I44+차량oe!I44 | ... M50: =모티브!M44+고정형!M44+대리점!M44+차량oe!M44 | N50: =SUM(B50:D50) | O50: =SUM(E50:G50) | P50: =SUM(H50:J50) | Q50: =SUM(K50:M50) | R50: =SUM(N50:O50) | S50: =SUM(P50:Q50) | T50: =R50+S50
A51: 직원급여 | B51: =모티브!B45+고정형!B45+대리점!B45+차량oe!B45 | C51: =모티브!C45+고정형!C45+대리점!C45+차량oe!C45 | D51: =모티브!D45+고정형!D45+대리점!D45+차량oe!D45 | E51: =모티브!E45+고정형!E45+대리점!E45+차량oe!E45 | F51: =모티브!F45+고정형!F45+대리점!F45+차량oe!F45 | G51: =모티브!G45+고정형!G45+대리점!G45+차량oe!G45 | H51: =모티브!H45+고정형!H45+대리점!H45+차량oe!H45 | I51: =모티브!I45+고정형!I45+대리점!I45+차량oe!I45 | ... M51: =모티브!M45+고정형!M45+대리점!M45+차량oe!M45 | N51: =SUM(B51:D51) | O51: =SUM(E51:G51) | P51: =SUM(H51:J51) | Q51: =SUM(K51:M51) | R51: =SUM(N51:O51) | S51: =SUM(P51:Q51) | T51: =R51+S51
A52: 임원상여 | B52: =모티브!B46+고정형!B46+대리점!B46+차량oe!B46 | C52: =모티브!C46+고정형!C46+대리점!C46+차량oe!C46 | D52: =모티브!D46+고정형!D46+대리점!D46+차량oe!D46 | E52: =모티브!E46+고정형!E46+대리점!E46+차량oe!E46 | F52: =모티브!F46+고정형!F46+대리점!F46+차량oe!F46 | G52: =모티브!G46+고정형!G46+대리점!G46+차량oe!G46 | H52: =모티브!H46+고정형!H46+대리점!H46+차량oe!H46 | I52: =모티브!I46+고정형!I46+대리점!I46+차량oe!I46 | ... M52: =모티브!M46+고정형!M46+대리점!M46+차량oe!M46 | N52: =SUM(B52:D52) | O52: =SUM(E52:G52) | P52: =SUM(H52:J52) | Q52: =SUM(K52:M52) | R52: =SUM(N52:O52) | S52: =SUM(P52:Q52) | T52: =R52+S52
A53: 직원상여 | B53: =모티브!B47+고정형!B47+대리점!B47+차량oe!B47 | C53: =모티브!C47+고정형!C47+대리점!C47+차량oe!C47 | D53: =모티브!D47+고정형!D47+대리점!D47+차량oe!D47 | E53: =모티브!E47+고정형!E47+대리점!E47+차량oe!E47 | F53: =모티브!F47+고정형!F47+대리점!F47+차량oe!F47 | G53: =모티브!G47+고정형!G47+대리점!G47+차량oe!G47 | H53: =모티브!H47+고정형!H47+대리점!H47+차량oe!H47 | I53: =모티브!I47+고정형!I47+대리점!I47+차량oe!I47 | ... M53: =모티브!M47+고정형!M47+대리점!M47+차량oe!M47 | N53: =SUM(B53:D53) | O53: =SUM(E53:G53) | P53: =SUM(H53:J53) | Q53: =SUM(K53:M53) | R53: =SUM(N53:O53) | S53: =SUM(P53:Q53) | T53: =R53+S53
A54: 임금 | B54: =모티브!B48+고정형!B48+대리점!B48+차량oe!B48 | C54: =모티브!C48+고정형!C48+대리점!C48+차량oe!C48 | D54: =모티브!D48+고정형!D48+대리점!D48+차량oe!D48 | E54: =모티브!E48+고정형!E48+대리점!E48+차량oe!E48 | F54: =모티브!F48+고정형!F48+대리점!F48+차량oe!F48 | G54: =모티브!G48+고정형!G48+대리점!G48+차량oe!G48 | H54: =모티브!H48+고정형!H48+대리점!H48+차량oe!H48 | I54: =모티브!I48+고정형!I48+대리점!I48+차량oe!I48 | ... M54: =모티브!M48+고정형!M48+대리점!M48+차량oe!M48 | N54: =SUM(B54:D54) | O54: =SUM(E54:G54) | P54: =SUM(H54:J54) | Q54: =SUM(K54:M54) | R54: =SUM(N54:O54) | S54: =SUM(P54:Q54) | T54: =R54+S54
A55: 제수당 | B55: =모티브!B49+고정형!B49+대리점!B49+차량oe!B49 | C55: =모티브!C49+고정형!C49+대리점!C49+차량oe!C49 | D55: =모티브!D49+고정형!D49+대리점!D49+차량oe!D49 | E55: =모티브!E49+고정형!E49+대리점!E49+차량oe!E49 | F55: =모티브!F49+고정형!F49+대리점!F49+차량oe!F49 | G55: =모티브!G49+고정형!G49+대리점!G49+차량oe!G49 | H55: =모티브!H49+고정형!H49+대리점!H49+차량oe!H49 | I55: =모티브!I49+고정형!I49+대리점!I49+차량oe!I49 | ... M55: =모티브!M49+고정형!M49+대리점!M49+차량oe!M49 | N55: =SUM(B55:D55) | O55: =SUM(E55:G55) | P55: =SUM(H55:J55) | Q55: =SUM(K55:M55) | R55: =SUM(N55:O55) | S55: =SUM(P55:Q55) | T55: =R55+S55
A56: 잡급 | B56: =모티브!B50+고정형!B50+대리점!B50+차량oe!B50 | C56: =모티브!C50+고정형!C50+대리점!C50+차량oe!C50 | D56: =모티브!D50+고정형!D50+대리점!D50+차량oe!D50 | E56: =모티브!E50+고정형!E50+대리점!E50+차량oe!E50 | F56: =모티브!F50+고정형!F50+대리점!F50+차량oe!F50 | G56: =모티브!G50+고정형!G50+대리점!G50+차량oe!G50 | H56: =모티브!H50+고정형!H50+대리점!H50+차량oe!H50 | I56: =모티브!I50+고정형!I50+대리점!I50+차량oe!I50 | ... M56: =모티브!M50+고정형!M50+대리점!M50+차량oe!M50 | N56: =SUM(B56:D56) | O56: =SUM(E56:G56) | P56: =SUM(H56:J56) | Q56: =SUM(K56:M56) | R56: =SUM(N56:O56) | S56: =SUM(P56:Q56) | T56: =R56+S56
A57: 퇴직급여 | B57: =모티브!B51+고정형!B51+대리점!B51+차량oe!B51 | C57: =모티브!C51+고정형!C51+대리점!C51+차량oe!C51 | D57: =모티브!D51+고정형!D51+대리점!D51+차량oe!D51 | E57: =모티브!E51+고정형!E51+대리점!E51+차량oe!E51 | F57: =모티브!F51+고정형!F51+대리점!F51+차량oe!F51 | G57: =모티브!G51+고정형!G51+대리점!G51+차량oe!G51 | H57: =모티브!H51+고정형!H51+대리점!H51+차량oe!H51 | I57: =모티브!I51+고정형!I51+대리점!I51+차량oe!I51 | ... M57: =모티브!M51+고정형!M51+대리점!M51+차량oe!M51 | N57: =SUM(B57:D57) | O57: =SUM(E57:G57) | P57: =SUM(H57:J57) | Q57: =SUM(K57:M57) | R57: =SUM(N57:O57) | S57: =SUM(P57:Q57) | T57: =R57+S57
A58: 대손상각비 | B58: =모티브!B52+고정형!B52+대리점!B52+차량oe!B52 | C58: =모티브!C52+고정형!C52+대리점!C52+차량oe!C52 | D58: =모티브!D52+고정형!D52+대리점!D52+차량oe!D52 | E58: =모티브!E52+고정형!E52+대리점!E52+차량oe!E52 | F58: =모티브!F52+고정형!F52+대리점!F52+차량oe!F52 | G58: =모티브!G52+고정형!G52+대리점!G52+차량oe!G52 | H58: =모티브!H52+고정형!H52+대리점!H52+차량oe!H52 | I58: =모티브!I52+고정형!I52+대리점!I52+차량oe!I52 | ... M58: =모티브!M52+고정형!M52+대리점!M52+차량oe!M52 | N58: =SUM(B58:D58) | O58: =SUM(E58:G58) | P58: =SUM(H58:J58) | Q58: =SUM(K58:M58) | R58: =SUM(N58:O58) | S58: =SUM(P58:Q58) | T58: =R58+S58
A59: 복리후생비 | B59: =모티브!B53+고정형!B53+대리점!B53+차량oe!B53 | C59: =모티브!C53+고정형!C53+대리점!C53+차량oe!C53 | D59: =모티브!D53+고정형!D53+대리점!D53+차량oe!D53 | E59: =모티브!E53+고정형!E53+대리점!E53+차량oe!E53 | F59: =모티브!F53+고정형!F53+대리점!F53+차량oe!F53 | G59: =모티브!G53+고정형!G53+대리점!G53+차량oe!G53 | H59: =모티브!H53+고정형!H53+대리점!H53+차량oe!H53 | I59: =모티브!I53+고정형!I53+대리점!I53+차량oe!I53 | ... M59: =모티브!M53+고정형!M53+대리점!M53+차량oe!M53 | N59: =SUM(B59:D59) | O59: =SUM(E59:G59) | P59: =SUM(H59:J59) | Q59: =SUM(K59:M59) | R59: =SUM(N59:O59) | S59: =SUM(P59:Q59) | T59: =R59+S59
A60: 여비교통비 | B60: =모티브!B54+고정형!B54+대리점!B54+차량oe!B54 | C60: =모티브!C54+고정형!C54+대리점!C54+차량oe!C54 | D60: =모티브!D54+고정형!D54+대리점!D54+차량oe!D54 | E60: =모티브!E54+고정형!E54+대리점!E54+차량oe!E54 | F60: =모티브!F54+고정형!F54+대리점!F54+차량oe!F54 | G60: =모티브!G54+고정형!G54+대리점!G54+차량oe!G54 | H60: =모티브!H54+고정형!H54+대리점!H54+차량oe!H54 | I60: =모티브!I54+고정형!I54+대리점!I54+차량oe!I54 | ... M60: =모티브!M54+고정형!M54+대리점!M54+차량oe!M54 | N60: =SUM(B60:D60) | O60: =SUM(E60:G60) | P60: =SUM(H60:J60) | Q60: =SUM(K60:M60) | R60: =SUM(N60:O60) | S60: =SUM(P60:Q60) | T60: =R60+S60
A61: 통신비 | B61: =모티브!B55+고정형!B55+대리점!B55+차량oe!B55 | C61: =모티브!C55+고정형!C55+대리점!C55+차량oe!C55 | D61: =모티브!D55+고정형!D55+대리점!D55+차량oe!D55 | E61: =모티브!E55+고정형!E55+대리점!E55+차량oe!E55 | F61: =모티브!F55+고정형!F55+대리점!F55+차량oe!F55 | G61: =모티브!G55+고정형!G55+대리점!G55+차량oe!G55 | H61: =모티브!H55+고정형!H55+대리점!H55+차량oe!H55 | I61: =모티브!I55+고정형!I55+대리점!I55+차량oe!I55 | ... M61: =모티브!M55+고정형!M55+대리점!M55+차량oe!M55 | N61: =SUM(B61:D61) | O61: =SUM(E61:G61) | P61: =SUM(H61:J61) | Q61: =SUM(K61:M61) | R61: =SUM(N61:O61) | S61: =SUM(P61:Q61) | T61: =R61+S61
... A86: 수출비용_해상운임( | B86: =모티브!B80+고정형!B80+대리점!B80+차량oe!B80 | C86: =모티브!C80+고정형!C80+대리점!C80+차량oe!C80 | D86: =모티브!D80+고정형!D80+대리점!D80+차량oe!D80 | E86: =모티브!E80+고정형!E80+대리점!E80+차량oe!E80 | F86: =모티브!F80+고정형!F80+대리점!F80+차량oe!F80 | G86: =모티브!G80+고정형!G80+대리점!G80+차량oe!G80 | H86: =모티브!H80+고정형!H80+대리점!H80+차량oe!H80 | I86: =모티브!I80+고정형!I80+대리점!I80+차량oe!I80 | ... M86: =모티브!M80+고정형!M80+대리점!M80+차량oe!M80 | N86: =SUM(B86:D86) | O86: =SUM(E86:G86) | P86: =SUM(H86:J86) | Q86: =SUM(K86:M86) | R86: =SUM(N86:O86) | S86: =SUM(P86:Q86) | T86: =R86+S86
A87: 영업이익(A) | B87: =B47-B48 | C87: =C47-C48 | D87: =D47-D48 | E87: =E47-E48 | F87: =F47-F48 | G87: =G47-G48 | H87: =H47-H48 | I87: =I47-I48 | ... T87: =T47-T48
B88: =IFERROR(B87/B11,0) | C88: =IFERROR(C87/C11,0) | D88: =IFERROR(D87/D11,0) | E88: =IFERROR(E87/E11,0) | F88: =IFERROR(F87/F11,0) | G88: =IFERROR(G87/G11,0) | H88: =IFERROR(H87/H11,0) | I88: =IFERROR(I87/I11,0) | ... T88: =IFERROR(T87/T11,0)

Sheet 모티브
A1: 1-1) 모티브 연간 손익계산서 (단위 : 백만원)
T2: (단위 : 대, 백만원)
A3: 구분 | B3: 1월 | C3: 2월 | D3: 3월 | E3: 4월 | F3: 5월 | G3: 6월 | H3: 7월 | I3: 8월 | J3: 9월 | K3: 10월 | L3: 11월 | M3: 12월 | N3: 1/4분기 | O3: 2/4분기 | P3: 3/4분기 | Q3: 4/4분기 | R3: 상반기 | S3: 하반기 | T3: 총계
A4: 매출수량 | B4: 40611 | C4: 34943 | D4: 42937 | E4: 31582 | F4: 32373 | G4: 47559 | H4: 33084 | I4: 41982 | J4: 31900 | K4: 46627 | L4: 37035 | M4: 31228 | N4: =SUM(B4:D4) | O4: =SUM(E4:G4) | P4: =SUM(H4:J4) | Q4: =SUM(K4:M4) | R4: =SUM(N4:O4) | S4: =SUM(P4:Q4) | T4: =R4+S4
A5: 매출액(Total) | B5: 5852 | C5: 7276 | D5: 7212 | E5: 5786 | F5: 6485 | G5: 5871 | H5: 7757 | I5: 7238 | J5: 5742 | K5: 7816 | L5: 6007 | M5: 6414 | N5: =SUM(B5:D5) | O5: =SUM(E5:G5) | P5: =SUM(H5:J5) | Q5: =SUM(K5:M5) | R5: =SUM(N5:O5) | S5: =SUM(P5:Q5) | T5: =R5+S5
A6: 매출원가(A)Tot | B6: =SUM(B8:B40) | C6: =SUM(C8:C40) | D6: =SUM(D8:D40) | E6: =SUM(E8:E40) | F6: =SUM(F8:F40) | G6: =SUM(G8:G40) | H6: =SUM(H8:H40) | I6: =SUM(I8:I40) | ... M6: =SUM(M8:M40) | N6: =SUM(B6:D6) | O6: =SUM(E6:G6) | P6: =SUM(H6:J6) | Q6: =SUM(K6:M6) | R6: =SUM(N6:O6) | S6: =SUM(P6:Q6) | T6: =R6+S6
B7: =IFERROR(B6/B5,0) | C7: =IFERROR(C6/C5,0) | D7: =IFERROR(D6/D5,0) | E7: =IFERROR(E6/E5,0) | F7: =IFERROR(F6/F5,0) | G7: =IFERROR(G6/G5,0) | H7: =IFERROR(H6/H5,0) | I7: =IFERROR(I6/I5,0) | ... T7: =IFERROR(T6/T5,0)
A8: 상품매출원가 | B8: 185 | C8: 194 | D8: 221 | E8: 159 | F8: 189 | G8: 203 | H8: 232 | I8: 252 | J8: 153 | K8: 243 | L8: 200 | M8: 215 | N8: =SUM(B8:D8) | O8: =SUM(E8:G8) | P8: =SUM(H8:J8) | Q8: =SUM(K8:M8) | R8: =SUM(N8:O8) | S8: =SUM(P8:Q8) | T8: =R8+S8
A9: 재고실사차이 | B9: 35 | C9: 43 | D9: 45 | E9: 39 | F9: 35 | G9: 32 | H9: 45 | I9: 48 | J9: 31 | K9: 52 | L9: 35 | M9: 41 | N9: =SUM(B9:D9) | O9: =SUM(E9:G9) | P9: =SUM(H9:J9) | Q9: =SUM(K9:M9) | R9: =SUM(N9:O9) | S9: =SUM(P9:Q9) | T9: =R9+S9
A10: 환불부채 | B10: 189 | C10: 220 | D10: 236 | E10: 198 | F10: 190 | G10: 204 | H10: 228 | I10: 230 | J10: 176 | K10: 220 | L10: 173 | M10: 211 | N10: =SUM(B10:D10) | O10: =SUM(E10:G10) | P10: =SUM(H10:J10) | Q10: =SUM(K10:M10) | R10: =SUM(N10:O10) | S10: =SUM(P10:Q10) | T10: =R10+S10
A11: 평가손실 | B11: 32 | C11: 46 | D11: 41 | E11: 29 | F11: 36 | G11: 31 | H11: 39 | I11: 40 | J11: 33 | K11: 47 | L11: 39 | M11: 38 | N11: =SUM(B11:D11) | O11: =SUM(E11:G11) | P11: =SUM(H11:J11) | Q11: =SUM(K11:M11) | R11: =SUM(N11:O11) | S11: =SUM(P11:Q11) | T11: =R11+S11
A12: 관세환급 | B12: 77 | C12: 91 | D12: 86 | E12: 71 | F12: 93 | G12: 68 | H12: 117 | I12: 90 | J12: 73 | K12: 95 | L12: 83 | M12: 91 | N12: =SUM(B12:D12) | O12: =SUM(E12:G12) | P12: =SUM(H12:J12) | Q12: =SUM(K12:M12) | R12: =SUM(N12:O12) | S12: =SUM(P12:Q12) | T12: =R12+S12
A13: 매출원가조정기타 | B13: 162 | C13: 190 | D13: 234 | E13: 193 | F13: 199 | G13: 185 | H13: 225 | I13: 236 | J13: 191 | K13: 242 | L13: 179 | M13: 182 | N13: =SUM(B13:D13) | O13: =SUM(E13:G13) | P13: =SUM(H13:J13) | Q13: =SUM(K13:M13) | R13: =SUM(N13:O13) | S13: =SUM(P13:Q13) | T13: =R13+S13
A14: 원재료비_순연 | B14: 54 | C14: 69 | D14: 67 | E14: 50 | F14: 71 | G14: 55 | H14: 65 | I14: 71 | J14: 48 | K14: 76 | L14: 58 | M14: 70 | N14: =SUM(B14:D14) | O14: =SUM(E14:G14) | P14: =SUM(H14:J14) | Q14: =SUM(K14:M14) | R14: =SUM(N14:O14) | S14: =SUM(P14:Q14) | T14: =R14+S14
A15: 원재료(LOSS_순연) | B15: 139 | C15: 145 | D15: 151 | E15: 128 | F15: 155 | G15: 153 | H15: 183 | I15: 165 | J15: 116 | K15: 179 | L15: 157 | M15: 146 | N15: =SUM(B15:D15) | O15: =SUM(E15:G15) | P15: =SUM(H15:J15) | Q15: =SUM(K15:M15) | R15: =SUM(N15:O15) | S15: =SUM(P15:Q15) | T15: =R15+S15
A16: 원재료비_경연 | B16: 158 | C16: 186 | D16: 222 | E16: 177 | F16: 184 | G16: 178 | H16: 223 | I16: 189 | J16: 187 | K16: 214 | L16: 182 | M16: 206 | N16: =SUM(B16:D16) | O16: =SUM(E16:G16) | P16: =SUM(H16:J16) | Q16: =SUM(K16:M16) | R16: =SUM(N16:O16) | S16: =SUM(P16:Q16) | T16: =R16+S16
A17: 원재료(LOSS_경연) | B17: 189 | C17: 205 | D17: 226 | E17: 152 | F17: 215 | G17: 177 | H17: 261 | I17: 208 | J17: 158 | K17: 238 | L17: 180 | M17: 200 | N17: =SUM(B17:D17) | O17: =SUM(E17:G17) | P17: =SUM(H17:J17) | Q17: =SUM(K17:M17) | R17: =SUM(N17:O17) | S17: =SUM(P17:Q17) | T17: =R17+S17
A18: 원재료비_칼슘연 | B18: 179 | C18: 233 | D18: 229 | E18: 155 | F18: 176 | G18: 168 | H18: 250 | I18: 194 | J18: 169 | K18: 247 | L18: 203 | M18: 206 | N18: =SUM(B18:D18) | O18: =SUM(E18:G18) | P18: =SUM(H18:J18) | Q18: =SUM(K18:M18) | R18: =SUM(N18:O18) | S18: =SUM(P18:Q18) | T18: =R18+S18
A19: 원재료(LOSS_칼슘연) | B19: 204 | C19: 233 | D19: 262 | E19: 194 | F19: 249 | G19: 221 | H19: 261 | I19: 291 | J19: 177 | K19: 242 | L19: 210 | M19: 215 | N19: =SUM(B19:D19) | O19: =SUM(E19:G19) | P19: =SUM(H19:J19) | Q19: =SUM(K19:M19) | R19: =SUM(N19:O19) | S19: =SUM(P19:Q19) | T19: =R19+S19
... A40: 원가절감(해외) | B40: 134 | C40: 184 | D40: 153 | E40: 160 | F40: 174 | G40: 128 | H40: 211 | I40: 191 | J40: 144 | K40: 205 | L40: 156 | M40: 156 | N40: =SUM(B40:D40) | O40: =SUM(E40:G40) | P40: =SUM(H40:J40) | Q40: =SUM(K40:M40) | R40: =SUM(N40:O40) | S40: =SUM(P40:Q40) | T40: =R40+S40
A41: 매출총이익(A) | B41: =B5-B6 | C41: =C5-C6 | D41: =D5-D6 | E41: =E5-E6 | F41: =F5-F6 | G41: =G5-G6 | H41: =H5-H6 | I41: =I5-I6 | ... T41: =T5-T6
A42: 판관비(Total) | B42: =SUM(B44:B80) | C42: =SUM(C44:C80) | D42: =SUM(D44:D80) | E42: =SUM(E44:E80) | F42: =SUM(F44:F80) | G42: =SUM(G44:G80) | H42: =SUM(H44:H80) | I42: =SUM(I44:I80) | ... M42: =SUM(M44:M80) | N42: =SUM(B42:D42) | O42: =SUM(E42:G42) | P42: =SUM(H42:J42) | Q42: =SUM(K42:M42) | R42: =SUM(N42:O42) | S42: =SUM(P42:Q42) | T42: =R42+S42
B43: =IFERROR(B42/B5,0) | C43: =IFERROR(C42/C5,0) | D43: =IFERROR(D42/D5,0) | E43: =IFERROR(E42/E5,0) | F43: =IFERROR(F42/F5,0) | G43: =IFERROR(G42/G5,0) | H43: =IFERROR(H42/H5,0) | I43: =IFERROR(I42/I5,0) | ... T43: =IFERROR(T42/T5,0)
A44: 임원급여 | B44: 10 | C44: 13 | D44: 10 | E44: 10 | F44: 9 | G44: 10 | H44: 12 | I44: 13 | J44: 8 | K44: 14 | L44: 9 | M44: 9 | N44: =SUM(B44:D44) | O44: =SUM(E44:G44) | P44: =SUM(H44:J44) | Q44: =SUM(K44:M44) | R44: =SUM(N44:O44) | S44: =SUM(P44:Q44) | T44: =R44+S44
A45: 직원급여 | B45: 3 | C45: 3 | D45: 4 | E45: 3 | F45: 3 | G45: 3 | H45: 4 | I45: 3 | J45: 3 | K45: 4 | L45: 3 | M45: 3 | N45: =SUM(B45:D45) | O45: =SUM(E45:G45) | P45: =SUM(H45:J45) | Q45: =SUM(K45:M45) | R45: =SUM(N45:O45) | S45: =SUM(P45:Q45) | T45: =R45+S45
A46: 임원상여 | B46: 11 | C46: 15 | D46: 16 | E46: 11 | F46: 13 | G46: 13 | H46: 18 | I46: 15 | J46: 11 | K46: 14 | L46: 12 | M46: 12 | N46: =SUM(B46:D46) | O46: =SUM(E46:G46) | P46: =SUM(H46:J46) | Q46: =SUM(K46:M46) | R46: =SUM(N46:O46) | S46: =SUM(P46:Q46) | T46: =R46+S46
A47: 직원상여 | B47: 9 | C47: 13 | D47: 15 | E47: 12 | F47: 11 | G47: 12 | H47: 16 | I47: 11 | J47: 9 | K47: 15 | L47: 10 | M47: 11 | N47: =SUM(B47:D47) | O47: =SUM(E47:G47) | P47: =SUM(H47:J47) | Q47: =SUM(K47:M47) | R47: =SUM(N47:O47) | S47: =SUM(P47:Q47) | T47: =R47+S47
A48: 임금 | B48: 8 | C48: 10 | D48: 9 | E48: 7 | F48: 8 | G48: 8 | H48: 12 | I48: 9 | J48: 7 | K48: 12 | L48: 8 | M48: 8 | N48: =SUM(B48:D48) | O48: =SUM(E48:G48) | P48: =SUM(H48:J48) | Q48: =SUM(K48:M48) | R48: =SUM(N48:O48) | S48: =SUM(P48:Q48) | T48: =R48+S48
A49: 제수당 | B49: 7 | C49: 8 | D49: 8 | E49: 6 | F49: 7 | G49: 6 | H49: 8 | I49: 8 | J49: 7 | K49: 8 | L49: 6 | M49: 8 | N49: =SUM(B49:D49) | O49: =SUM(E49:G49) | P49: =SUM(H49:J49) | Q49: =SUM(K49:M49) | R49: =SUM(N49:O49) | S49: =SUM(P49:Q49) | T49: =R49+S49
A50: 잡급 | B50: 10 | C50: 11 | D50: 12 | E50: 11 | F50: 10 | G50: 12 | H50: 15 | I50: 14 | J50: 9 | K50: 12 | L50: 11 | M50: 12 | N50: =SUM(B50:D50) | O50: =SUM(E50:G50) | P50: =SUM(H50:J50) | Q50: =SUM(K50:M50) | R50: =SUM(N50:O50) | S50: =SUM(P50:Q50) | T50: =R50+S50
A51: 퇴직급여 | B51: 7 | C51: 11 | D51: 9 | E51: 7 | F51: 9 | G51: 8 | H51: 10 | I51: 8 | J51: 8 | K51: 10 | L51: 9 | M51: 9 | N51: =SUM(B51:D51) | O51: =SUM(E51:G51) | P51: =SUM(H51:J51) | Q51: =SUM(K51:M51) | R51: =SUM(N51:O51) | S51: =SUM(P51:Q51) | T51: =R51+S51
A52: 대손상각비 | B52: 12 | C52: 14 | D52: 18 | E52: 13 | F52: 15 | G52: 12 | H52: 19 | I52: 16 | J52: 14 | K52: 18 | L52: 12 | M52: 14 | N52: =SUM(B52:D52) | O52: =SUM(E52:G52) | P52: =SUM(H52:J52) | Q52: =SUM(K52:M52) | R52: =SUM(N52:O52) | S52: =SUM(P52:Q52) | T52: =R52+S52
A53: 복리후생비 | B53: 10 | C53: 13 | D53: 15 | E53: 11 | F53: 12 | G53: 10 | H53: 15 | I53: 14 | J53: 10 | K53: 15 | L53: 10 | M53: 12 | N53: =SUM(B53:D53) | O53: =SUM(E53:G53) | P53: =SUM(H53:J53) | Q53: =SUM(K53:M53) | R53: =SUM(N53:O53) | S53: =SUM(P53:Q53) | T53: =R53+S53
A54: 여비교통비 | B54: 9 | C54: 11 | D54: 10 | E54: 8 | F54: 10 | G54: 8 | H54: 12 | I54: 10 | J54: 8 | K54: 12 | L54: 8 | M54: 9 | N54: =SUM(B54:D54) | O54: =SUM(E54:G54) | P54: =SUM(H54:J54) | Q54: =SUM(K54:M54) | R54: =SUM(N54:O54) | S54: =SUM(P54:Q54) | T54: =R54+S54
A55: 통신비 | B55: 13 | C55: 13 | D55: 12 | E55: 13 | F55: 13 | G55: 13 | H55: 14 | I55: 14 | J55: 12 | K55: 16 | L55: 12 | M55: 12 | N55: =SUM(B55:D55) | O55: =SUM(E55:G55) | P55: =SUM(H55:J55) | Q55: =SUM(K55:M55) | R55: =SUM(N55:O55) | S55: =SUM(P55:Q55) | T55: =R55+S55
... A80: 수출비용_해상운임( | B80: 7 | C80: 10 | D80: 8 | E80: 6 | F80: 7 | G80: 8 | H80: 9 | I80: 9 | J80: 8 | K80: 10 | L80: 7 | M80: 8 | N80: =SUM(B80:D80) | O80: =SUM(E80:G80) | P80: =SUM(H80:J80) | Q80: =SUM(K80:M80) | R80: =SUM(N80:O80) | S80: =SUM(P80:Q80) | T80: =R80+S80
A81: 영업이익(A) | B81: =B41-B42 | C81: =C41-C42 | D81: =D41-D42 | E81: =E41-E42 | F81: =F41-F42 | G81: =G41-G42 | H81: =H41-H42 | I81: =I41-I42 | ... T81: =T41-T42
B82: =IFERROR(B81/B5,0) | C82: =IFERROR(C81/C5,0) | D82: =IFERROR(D81/D5,0) | E82: =IFERROR(E81/E5,0) | F82: =IFERROR(F81/F5,0) | G82: =IFERROR(G81/G5,0) | H82: =IFERROR(H81/H5,0) | I82: =IFERROR(I81/I5,0) | ... T82: =IFERROR(T81/T5,0)

Sheet 고정형
A1: 1-2) 고정형 연간 손익계산서 (단위 : 백만원)
T2: (단위 : 대, 백만원)
A3: 구분 | B3: 1월 | C3: 2월 | D3: 3월 | E3: 4월 | F3: 5월 | G3: 6월 | H3: 7월 | I3: 8월 | J3: 9월 | K3: 10월 | L3: 11월 | M3: 12월 | N3: 1/4분기 | O3: 2/4분기 | P3: 3/4분기 | Q3: 4/4분기 | R3: 상반기 | S3: 하반기 | T3: 총계
A4: 매출수량 | B4: 95604 | C4: 119154 | D4: 96258 | E4: 89397 | F4: 92129 | G4: 110148 | H4: 117146 | I4: 134385 | J4: 137744 | K4: 136914 | L4: 137737 | M4: 97932 | N4: =SUM(B4:D4) | O4: =SUM(E4:G4) | P4: =SUM(H4:J4) | Q4: =SUM(K4:M4) | R4: =SUM(N4:O4) | S4: =SUM(P4:Q4) | T4: =R4+S4
A5: 매출액(Total) | B5: 9941 | C5: 7075 | D5: 5712 | E5: 12909 | F5: 10153 | G5: 5874 | H5: 14955 | I5: 15426 | J5: 11355 | K5: 6413 | L5: 16670 | M5: 15163 | N5: =SUM(B5:D5) | O5: =SUM(E5:G5) | P5: =SUM(H5:J5) | Q5: =SUM(K5:M5) | R5: =SUM(N5:O5) | S5: =SUM(P5:Q5) | T5: =R5+S5
A6: 매출원가(A)Tot | B6: =SUM(B8:B40) | C6: =SUM(C8:C40) | D6: =SUM(D8:D40) | E6: =SUM(E8:E40) | F6: =SUM(F8:F40) | G6: =SUM(G8:G40) | H6: =SUM(H8:H40) | I6: =SUM(I8:I40) | ... M6: =SUM(M8:M40) | N6: =SUM(B6:D6) | O6: =SUM(E6:G6) | P6: =SUM(H6:J6) | Q6: =SUM(K6:M6) | R6: =SUM(N6:O6) | S6: =SUM(P6:Q6) | T6: =R6+S6
B7: =IFERROR(B6/B5,0) | C7: =IFERROR(C6/C5,0) | D7: =IFERROR(D6/D5,0) | E7: =IFERROR(E6/E5,0) | F7: =IFERROR(F6/F5,0) | G7: =IFERROR(G6/G5,0) | H7: =IFERROR(H6/H5,0) | I7: =IFERROR(I6/I5,0) | ... T7: =IFERROR(T6/T5,0)
A8: 상품매출원가 | B8: 446 | C8: 274 | D8: 220 | E8: 524 | F8: 436 | G8: 253 | H8: 640 | I8: 586 | J8: 387 | K8: 241 | L8: 627 | M8: 648 | N8: =SUM(B8:D8) | O8: =SUM(E8:G8) | P8: =SUM(H8:J8) | Q8: =SUM(K8:M8) | R8: =SUM(N8:O8) | S8: =SUM(P8:Q8) | T8: =R8+S8
A9: 재고실사차이 | B9: 288 | C9: 215 | D9: 143 | E9: 332 | F9: 331 | G9: 161 | H9: 462 | I9: 391 | J9: 354 | K9: 208 | L9: 505 | M9: 477 | N9: =SUM(B9:D9) | O9: =SUM(E9:G9) | P9: =SUM(H9:J9) | Q9: =SUM(K9:M9) | R9: =SUM(N9:O9) | S9: =SUM(P9:Q9) | T9: =R9+S9
A10: 환불부채 | B10: 322 | C10: 232 | D10: 223 | E10: 516 | F10: 339 | G10: 197 | H10: 630 | I10: 546 | J10: 469 | K10: 264 | L10: 665 | M10: 611 | N10: =SUM(B10:D10) | O10: =SUM(E10:G10) | P10: =SUM(H10:J10) | Q10: =SUM(K10:M10) | R10: =SUM(N10:O10) | S10: =SUM(P10:Q10) | T10: =R10+S10
A11: 평가손실 | B11: 257 | C11: 219 | D11: 166 | E11: 337 | F11: 271 | G11: 171 | H11: 473 | I11: 429 | J11: 296 | K11: 206 | L11: 467 | M11: 439 | N11: =SUM(B11:D11) | O11: =SUM(E11:G11) | P11: =SUM(H11:J11) | Q11: =SUM(K11:M11) | R11: =SUM(N11:O11) | S11: =SUM(P11:Q11) | T11: =R11+S11
A12: 관세환급 | B12: 287 | C12: 182 | D12: 153 | E12: 328 | F12: 275 | G12: 171 | H12: 390 | I12: 409 | J12: 305 | K12: 195 | L12: 433 | M12: 458 | N12: =SUM(B12:D12) | O12: =SUM(E12:G12) | P12: =SUM(H12:J12) | Q12: =SUM(K12:M12) | R12: =SUM(N12:O12) | S12: =SUM(P12:Q12) | T12: =R12+S12
A13: 매출원가조정기타 | B13: 94 | C13: 85 | D13: 71 | E13: 139 | F13: 111 | G13: 68 | H13: 182 | I13: 155 | J13: 125 | K13: 77 | L13: 194 | M13: 159 | N13: =SUM(B13:D13) | O13: =SUM(E13:G13) | P13: =SUM(H13:J13) | Q13: =SUM(K13:M13) | R13: =SUM(N13:O13) | S13: =SUM(P13:Q13) | T13: =R13+S13
A14: 원재료비_순연 | B14: 212 | C14: 151 | D14: 113 | E14: 272 | F14: 197 | G14: 120 | H14: 343 | I14: 389 | J14: 236 | K14: 143 | L14: 348 | M14: 383 | N14: =SUM(B14:D14) | O14: =SUM(E14:G14) | P14: =SUM(H14:J14) | Q14: =SUM(K14:M14) | R14: =SUM(N14:O14) | S14: =SUM(P14:Q14) | T14: =R14+S14
A15: 원재료(LOSS_순연) | B15: 286 | C15: 207 | D15: 166 | E15: 358 | F15: 283 | G15: 140 | H15: 363 | I15: 415 | J15: 287 | K15: 159 | L15: 373 | M15: 392 | N15: =SUM(B15:D15) | O15: =SUM(E15:G15) | P15: =SUM(H15:J15) | Q15: =SUM(K15:M15) | R15: =SUM(N15:O15) | S15: =SUM(P15:Q15) | T15: =R15+S15
A16: 원재료비_경연 | B16: 47 | C16: 28 | D16: 23 | E16: 61 | F16: 44 | G16: 27 | H16: 70 | I16: 69 | J16: 49 | K16: 26 | L16: 74 | M16: 77 | N16: =SUM(B16:D16) | O16: =SUM(E16:G16) | P16: =SUM(H16:J16) | Q16: =SUM(K16:M16) | R16: =SUM(N16:O16) | S16: =SUM(P16:Q16) | T16: =R16+S16
A17: 원재료(LOSS_경연) | B17: 367 | C17: 248 | D17: 256 | E17: 564 | F17: 411 | G17: 210 | H17: 549 | I17: 666 | J17: 435 | K17: 288 | L17: 781 | M17: 540 | N17: =SUM(B17:D17) | O17: =SUM(E17:G17) | P17: =SUM(H17:J17) | Q17: =SUM(K17:M17) | R17: =SUM(N17:O17) | S17: =SUM(P17:Q17) | T17: =R17+S17
A18: 원재료비_칼슘연 | B18: 101 | C18: 73 | D18: 54 | E18: 123 | F18: 97 | G18: 55 | H18: 138 | I18: 129 | J18: 90 | K18: 52 | L18: 133 | M18: 127 | N18: =SUM(B18:D18) | O18: =SUM(E18:G18) | P18: =SUM(H18:J18) | Q18: =SUM(K18:M18) | R18: =SUM(N18:O18) | S18: =SUM(P18:Q18) | T18: =R18+S18
A19: 원재료(LOSS_칼슘연) | B19: 156 | C19: 139 | D19: 88 | E19: 234 | F19: 186 | G19: 94 | H19: 255 | I19: 272 | J19: 208 | K19: 117 | L19: 285 | M19: 275 | N19: =SUM(B19:D19) | O19: =SUM(E19:G19) | P19: =SUM(H19:J19) | Q19: =SUM(K19:M19) | R19: =SUM(N19:O19) | S19: =SUM(P19:Q19) | T19: =R19+S19
... A40: 원가절감(해외) | B40: 30 | C40: 23 | D40: 19 | E40: 44 | F40: 29 | G40: 15 | H40: 50 | I40: 53 | J40: 31 | K40: 18 | L40: 47 | M40: 49 | N40: =SUM(B40:D40) | O40: =SUM(E40:G40) | P40: =SUM(H40:J40) | Q40: =SUM(K40:M40) | R40: =SUM(N40:O40) | S40: =SUM(P40:Q40) | T40: =R40+S40
A41: 매출총이익(A) | B41: =B5-B6 | C41: =C5-C6 | D41: =D5-D6 | E41: =E5-E6 | F41: =F5-F6 | G41: =G5-G6 | H41: =H5-H6 | I41: =I5-I6 | ... T41: =T5-T6
A42: 판관비(Total) | B42: =SUM(B44:B80) | C42: =SUM(C44:C80) | D42: =SUM(D44:D80) | E42: =SUM(E44:E80) | F42: =SUM(F44:F80) | G42: =SUM(G44:G80) | H42: =SUM(H44:H80) | I42: =SUM(I44:I80) | ... M42: =SUM(M44:M80) | N42: =SUM(B42:D42) | O42: =SUM(E42:G42) | P42: =SUM(H42:J42) | Q42: =SUM(K42:M42) | R42: =SUM(N42:O42) | S42: =SUM(P42:Q42) | T42: =R42+S42
B43: =IFERROR(B42/B5,0) | C43: =IFERROR(C42/C5,0) | D43: =IFERROR(D42/D5,0) | E43: =IFERROR(E42/E5,0) | F43: =IFERROR(F42/F5,0) | G43: =IFERROR(G42/G5,0) | H43: =IFERROR(H42/H5,0) | I43: =IFERROR(I42/I5,0) | ... T43: =IFERROR(T42/T5,0)
A44: 임원급여 | B44: 10 | C44: 9 | D44: 6 | E44: 16 | F44: 13 | G44: 8 | H44: 16 | I44: 19 | J44: 15 | K44: 8 | L44: 19 | M44: 20 | N44: =SUM(B44:D44) | O44: =SUM(E44:G44) | P44: =SUM(H44:J44) | Q44: =SUM(K44:M44) | R44: =SUM(N44:O44) | S44: =SUM(P44:Q44) | T44: =R44+S44
A45: 직원급여 | B45: 19 | C45: 13 | D45: 11 | E45: 23 | F45: 20 | G45: 10 | H45: 29 | I45: 30 | J45: 24 | K45: 12 | L45: 30 | M45: 30 | N45: =SUM(B45:D45) | O45: =SUM(E45:G45) | P45: =SUM(H45:J45) | Q45: =SUM(K45:M45) | R45: =SUM(N45:O45) | S45: =SUM(P45:Q45) | T45: =R45+S45
A46: 임원상여 | B46: 43 | C46: 27 | D46: 24 | E46: 49 | F46: 40 | G46: 24 | H46: 52 | I46: 69 | J46: 40 | K46: 24 | L46: 64 | M46: 53 | N46: =SUM(B46:D46) | O46: =SUM(E46:G46) | P46: =SUM(H46:J46) | Q46: =SUM(K46:M46) | R46: =SUM(N46:O46) | S46: =SUM(P46:Q46) | T46: =R46+S46
A47: 직원상여 | B47: 23 | C47: 15 | D47: 15 | E47: 30 | F47: 22 | G47: 14 | H47: 36 | I47: 32 | J47: 23 | K47: 14 | L47: 39 | M47: 35 | N47: =SUM(B47:D47) | O47: =SUM(E47:G47) | P47: =SUM(H47:J47) | Q47: =SUM(K47:M47) | R47: =SUM(N47:O47) | S47: =SUM(P47:Q47) | T47: =R47+S47
A48: 임금 | B48: 13 | C48: 8 | D48: 7 | E48: 17 | F48: 11 | G48: 7 | H48: 18 | I48: 19 | J48: 14 | K48: 9 | L48: 17 | M48: 20 | N48: =SUM(B48:D48) | O48: =SUM(E48:G48) | P48: =SUM(H48:J48) | Q48: =SUM(K48:M48) | R48: =SUM(N48:O48) | S48: =SUM(P48:Q48) | T48: =R48+S48
A49: 제수당 | B49: 24 | C49: 17 | D49: 13 | E49: 31 | F49: 22 | G49: 12 | H49: 39 | I49: 38 | J49: 24 | K49: 13 | L49: 39 | M49: 39 | N49: =SUM(B49:D49) | O49: =SUM(E49:G49) | P49: =SUM(H49:J49) | Q49: =SUM(K49:M49) | R49: =SUM(N49:O49) | S49: =SUM(P49:Q49) | T49: =R49+S49
A50: 잡급 | B50: 4 | C50: 3 | D50: 2 | E50: 5 | F50: 4 | G50: 2 | H50: 5 | I50: 6 | J50: 5 | K50: 2 | L50: 6 | M50: 6 | N50: =SUM(B50:D50) | O50: =SUM(E50:G50) | P50: =SUM(H50:J50) | Q50: =SUM(K50:M50) | R50: =SUM(N50:O50) | S50: =SUM(P50:Q50) | T50: =R50+S50
A51: 퇴직급여 | B51: 37 | C51: 25 | D51: 21 | E51: 47 | F51: 44 | G51: 23 | H51: 51 | I51: 55 | J51: 44 | K51: 21 | L51: 54 | M51: 61 | N51: =SUM(B51:D51) | O51: =SUM(E51:G51) | P51: =SUM(H51:J51) | Q51: =SUM(K51:M51) | R51: =SUM(N51:O51) | S51: =SUM(P51:Q51) | T51: =R51+S51
A52: 대손상각비 | B52: 22 | C52: 15 | D52: 10 | E52: 25 | F52: 21 | G52: 10 | H52: 26 | I52: 29 | J52: 19 | K52: 11 | L52: 33 | M52: 28 | N52: =SUM(B52:D52) | O52: =SUM(E52:G52) | P52: =SUM(H52:J52) | Q52: =SUM(K52:M52) | R52: =SUM(N52:O52) | S52: =SUM(P52:Q52) | T52: =R52+S52
A53: 복리후생비 | B53: 19 | C53: 13 | D53: 12 | E53: 22 | F53: 17 | G53: 10 | H53: 23 | I53: 26 | J53: 19 | K53: 11 | L53: 28 | M53: 31 | N53: =SUM(B53:D53) | O53: =SUM(E53:G53) | P53: =SUM(H53:J53) | Q53: =SUM(K53:M53) | R53: =SUM(N53:O53) | S53: =SUM(P53:Q53) | T53: =R53+S53
A54: 여비교통비 | B54: 39 | C54: 24 | D54: 18 | E54: 45 | F54: 32 | G54: 19 | H54: 56 | I54: 48 | J54: 46 | K54: 20 | L54: 67 | M54: 52 | N54: =SUM(B54:D54) | O54: =SUM(E54:G54) | P54: =SUM(H54:J54) | Q54: =SUM(K54:M54) | R54: =SUM(N54:O54) | S54: =SUM(P54:Q54) | T54: =R54+S54
A55: 통신비 | B55: 23 | C55: 16 | D55: 13 | E55: 29 | F55: 20 | G55: 12 | H55: 38 | I55: 35 | J55: 28 | K55: 13 | L55: 38 | M55: 35 | N55: =SUM(B55:D55) | O55: =SUM(E55:G55) | P55: =SUM(H55:J55) | Q55: =SUM(K55:M55) | R55: =SUM(N55:O55) | S55: =SUM(P55:Q55) | T55: =R55+S55
... A80: 수출비용_해상운임( | B80: 44 | C80: 34 | D80: 22 | E80: 60 | F80: 50 | G80: 25 | H80: 60 | I80: 62 | J80: 45 | K80: 27 | L80: 70 | M80: 59 | N80: =SUM(B80:D80) | O80: =SUM(E80:G80) | P80: =SUM(H80:J80) | Q80: =SUM(K80:M80) | R80: =SUM(N80:O80) | S80: =SUM(P80:Q80) | T80: =R80+S80
A81: 영업이익(A) | B81: =B41-B42 | C81: =C41-C42 | D81: =D41-D42 | E81: =E41-E42 | F81: =F41-F42 | G81: =G41-G42 | H81: =H41-H42 | I81: =I41-I42 | ... T81: =T41-T42
B82: =IFERROR(B81/B5,0) | C82: =IFERROR(C81/C5,0) | D82: =IFERROR(D81/D5,0) | E82: =IFERROR(E81/E5,0) | F82: =IFERROR(F81/F5,0) | G82: =IFERROR(G81/G5,0) | H82: =IFERROR(H81/H5,0) | I82: =IFERROR(I81/I5,0) | ... T82: =IFERROR(T81/T5,0)

Sheet 대리점
A1: 1-3) 대리점 연간 손익계산서 (단위 : 백만원)
T2: (단위 : 대, 백만원)
A3: 구분 | B3: 1월 | C3: 2월 | D3: 3월 | E3: 4월 | F3: 5월 | G3: 6월 | H3: 7월 | I3: 8월 | J3: 9월 | K3: 10월 | L3: 11월 | M3: 12월 | N3: 1/4분기 | O3: 2/4분기 | P3: 3/4분기 | Q3: 4/4분기 | R3: 상반기 | S3: 하반기 | T3: 총계
A4: 매출수량 | B4: 283891 | C4: 205681 | D4: 138403 | E4: 361792 | F4: 396229 | G4: 308732 | H4: 397798 | I4: 203475 | J4: 362263 | K4: 131008 | L4: 280153 | M4: 227423 | N4: =SUM(B4:D4) | O4: =SUM(E4:G4) | P4: =SUM(H4:J4) | Q4: =SUM(K4:M4) | R4: =SUM(N4:O4) | S4: =SUM(P4:Q4) | T4: =R4+S4
A5: 매출액(Total) | B5: 22799 | C5: 25262 | D5: 12328 | E5: 24400 | F5: 18152 | G5: 20071 | H5: 29721 | I5: 16920 | J5: 15524 | K5: 16902 | L5: 28093 | M5: 18550 | N5: =SUM(B5:D5) | O5: =SUM(E5:G5) | P5: =SUM(H5:J5) | Q5: =SUM(K5:M5) | R5: =SUM(N5:O5) | S5: =SUM(P5:Q5) | T5: =R5+S5
A6: 매출원가(A)Tot | B6: =SUM(B8:B40) | C6: =SUM(C8:C40) | D6: =SUM(D8:D40) | E6: =SUM(E8:E40) | F6: =SUM(F8:F40) | G6: =SUM(G8:G40) | H6: =SUM(H8:H40) | I6: =SUM(I8:I40) | ... M6: =SUM(M8:M40) | N6: =SUM(B6:D6) | O6: =SUM(E6:G6) | P6: =SUM(H6:J6) | Q6: =SUM(K6:M6) | R6: =SUM(N6:O6) | S6: =SUM(P6:Q6) | T6: =R6+S6
B7: =IFERROR(B6/B5,0) | C7: =IFERROR(C6/C5,0) | D7: =IFERROR(D6/D5,0) | E7: =IFERROR(E6/E5,0) | F7: =IFERROR(F6/F5,0) | G7: =IFERROR(G6/G5,0) | H7: =IFERROR(H6/H5,0) | I7: =IFERROR(I6/I5,0) | ... T7: =IFERROR(T6/T5,0)
A8: 상품매출원가 | B8: 234 | C8: 307 | D8: 146 | E8: 296 | F8: 194 | G8: 258 | H8: 393 | I8: 227 | J8: 177 | K8: 217 | L8: 327 | M8: 241 | N8: =SUM(B8:D8) | O8: =SUM(E8:G8) | P8: =SUM(H8:J8) | Q8: =SUM(K8:M8) | R8: =SUM(N8:O8) | S8: =SUM(P8:Q8) | T8: =R8+S8
A9: 재고실사차이 | B9: 134 | C9: 190 | D9: 95 | E9: 165 | F9: 124 | G9: 137 | H9: 204 | I9: 98 | J9: 120 | K9: 105 | L9: 172 | M9: 111 | N9: =SUM(B9:D9) | O9: =SUM(E9:G9) | P9: =SUM(H9:J9) | Q9: =SUM(K9:M9) | R9: =SUM(N9:O9) | S9: =SUM(P9:Q9) | T9: =R9+S9
A10: 환불부채 | B10: 151 | C10: 198 | D10: 76 | E10: 153 | F10: 138 | G10: 130 | H10: 182 | I10: 125 | J10: 114 | K10: 122 | L10: 213 | M10: 117 | N10: =SUM(B10:D10) | O10: =SUM(E10:G10) | P10: =SUM(H10:J10) | Q10: =SUM(K10:M10) | R10: =SUM(N10:O10) | S10: =SUM(P10:Q10) | T10: =R10+S10
A11: 평가손실 | B11: 775 | C11: 823 | D11: 326 | E11: 662 | F11: 554 | G11: 614 | H11: 849 | I11: 459 | J11: 462 | K11: 461 | L11: 883 | M11: 629 | N11: =SUM(B11:D11) | O11: =SUM(E11:G11) | P11: =SUM(H11:J11) | Q11: =SUM(K11:M11) | R11: =SUM(N11:O11) | S11: =SUM(P11:Q11) | T11: =R11+S11
A12: 관세환급 | B12: 520 | C12: 659 | D12: 338 | E12: 560 | F12: 508 | G12: 579 | H12: 733 | I12: 421 | J12: 436 | K12: 435 | L12: 694 | M12: 536 | N12: =SUM(B12:D12) | O12: =SUM(E12:G12) | P12: =SUM(H12:J12) | Q12: =SUM(K12:M12) | R12: =SUM(N12:O12) | S12: =SUM(P12:Q12) | T12: =R12+S12
A13: 매출원가조정기타 | B13: 384 | C13: 374 | D13: 177 | E13: 360 | F13: 277 | G13: 357 | H13: 504 | I13: 296 | J13: 264 | K13: 290 | L13: 378 | M13: 290 | N13: =SUM(B13:D13) | O13: =SUM(E13:G13) | P13: =SUM(H13:J13) | Q13: =SUM(K13:M13) | R13: =SUM(N13:O13) | S13: =SUM(P13:Q13) | T13: =R13+S13
A14: 원재료비_순연 | B14: 324 | C14: 357 | D14: 142 | E14: 298 | F14: 236 | G14: 240 | H14: 375 | I14: 184 | J14: 190 | K14: 211 | L14: 300 | M14: 207 | N14: =SUM(B14:D14) | O14: =SUM(E14:G14) | P14: =SUM(H14:J14) | Q14: =SUM(K14:M14) | R14: =SUM(N14:O14) | S14: =SUM(P14:Q14) | T14: =R14+S14
A15: 원재료(LOSS_순연) | B15: 801 | C15: 842 | D15: 429 | E15: 781 | F15: 611 | G15: 689 | H15: 1020 | I15: 448 | J15: 498 | K15: 484 | L15: 911 | M15: 532 | N15: =SUM(B15:D15) | O15: =SUM(E15:G15) | P15: =SUM(H15:J15) | Q15: =SUM(K15:M15) | R15: =SUM(N15:O15) | S15: =SUM(P15:Q15) | T15: =R15+S15
A16: 원재료비_경연 | B16: 810 | C16: 999 | D16: 448 | E16: 792 | F16: 640 | G16: 690 | H16: 1183 | I16: 556 | J16: 513 | K16: 619 | L16: 873 | M16: 669 | N16: =SUM(B16:D16) | O16: =SUM(E16:G16) | P16: =SUM(H16:J16) | Q16: =SUM(K16:M16) | R16: =SUM(N16:O16) | S16: =SUM(P16:Q16) | T16: =R16+S16
A17: 원재료(LOSS_경연) | B17: 1030 | C17: 1008 | D17: 456 | E17: 960 | F17: 729 | G17: 713 | H17: 1048 | I17: 598 | J17: 579 | K17: 653 | L17: 1046 | M17: 680 | N17: =SUM(B17:D17) | O17: =SUM(E17:G17) | P17: =SUM(H17:J17) | Q17: =SUM(K17:M17) | R17: =SUM(N17:O17) | S17: =SUM(P17:Q17) | T17: =R17+S17
A18: 원재료비_칼슘연 | B18: 588 | C18: 754 | D18: 400 | E18: 742 | F18: 546 | G18: 618 | H18: 797 | I18: 530 | J18: 452 | K18: 505 | L18: 855 | M18: 541 | N18: =SUM(B18:D18) | O18: =SUM(E18:G18) | P18: =SUM(H18:J18) | Q18: =SUM(K18:M18) | R18: =SUM(N18:O18) | S18: =SUM(P18:Q18) | T18: =R18+S18
A19: 원재료(LOSS_칼슘연) | B19: 265 | C19: 287 | D19: 139 | E19: 302 | F19: 216 | G19: 254 | H19: 313 | I19: 199 | J19: 212 | K19: 192 | L19: 352 | M19: 228 | N19: =SUM(B19:D19) | O19: =SUM(E19:G19) | P19: =SUM(H19:J19) | Q19: =SUM(K19:M19) | R19: =SUM(N19:O19) | S19: =SUM(P19:Q19) | T19: =R19+S19
... A40: 원가절감(해외) | B40: 657 | C40: 700 | D40: 382 | E40: 669 | F40: 605 | G40: 534 | H40: 895 | I40: 514 | J40: 433 | K40: 548 | L40: 813 | M40: 583 | N40: =SUM(B40:D40) | O40: =SUM(E40:G40) | P40: =SUM(H40:J40) | Q40: =SUM(K40:M40) | R40: =SUM(N40:O40) | S40: =SUM(P40:Q40) | T40: =R40+S40
A41: 매출총이익(A) | B41: =B5-B6 | C41: =C5-C6 | D41: =D5-D6 | E41: =E5-E6 | F41: =F5-F6 | G41: =G5-G6 | H41: =H5-H6 | I41: =I5-I6 | ... T41: =T5-T6
A42: 판관비(Total) | B42: =SUM(B44:B80) | C42: =SUM(C44:C80) | D42: =SUM(D44:D80) | E42: =SUM(E44:E80) | F42: =SUM(F44:F80) | G42: =SUM(G44:G80) | H42: =SUM(H44:H80) | I42: =SUM(I44:I80) | ... M42: =SUM(M44:M80) | N42: =SUM(B42:D42) | O42: =SUM(E42:G42) | P42: =SUM(H42:J42) | Q42: =SUM(K42:M42) | R42: =SUM(N42:O42) | S42: =SUM(P42:Q42) | T42: =R42+S42
B43: =IFERROR(B42/B5,0) | C43: =IFERROR(C42/C5,0) | D43: =IFERROR(D42/D5,0) | E43: =IFERROR(E42/E5,0) | F43: =IFERROR(F42/F5,0) | G43: =IFERROR(G42/G5,0) | H43: =IFERROR(H42/H5,0) | I43: =IFERROR(I42/I5,0) | ... T43: =IFERROR(T42/T5,0)
A44: 임원급여 | B44: 28 | C44: 40 | D44: 19 | E44: 36 | F44: 22 | G44: 24 | H44: 37 | I44: 22 | J44: 20 | K44: 23 | L44: 34 | M44: 25 | N44: =SUM(B44:D44) | O44: =SUM(E44:G44) | P44: =SUM(H44:J44) | Q44: =SUM(K44:M44) | R44: =SUM(N44:O44) | S44: =SUM(P44:Q44) | T44: =R44+S44
A45: 직원급여 | B45: 40 | C45: 39 | D45: 23 | E45: 42 | F45: 33 | G45: 31 | H45: 49 | I45: 30 | J45: 25 | K45: 24 | L45: 52 | M45: 34 | N45: =SUM(B45:D45) | O45: =SUM(E45:G45) | P45: =SUM(H45:J45) | Q45: =SUM(K45:M45) | R45: =SUM(N45:O45) | S45: =SUM(P45:Q45) | T45: =R45+S45
A46: 임원상여 | B46: 12 | C46: 13 | D46: 8 | E46: 15 | F46: 9 | G46: 11 | H46: 15 | I46: 11 | J46: 8 | K46: 11 | L46: 17 | M46: 9 | N46: =SUM(B46:D46) | O46: =SUM(E46:G46) | P46: =SUM(H46:J46) | Q46: =SUM(K46:M46) | R46: =SUM(N46:O46) | S46: =SUM(P46:Q46) | T46: =R46+S46
A47: 직원상여 | B47: 22 | C47: 22 | D47: 12 | E47: 24 | F47: 15 | G47: 16 | H47: 31 | I47: 15 | J47: 16 | K47: 16 | L47: 27 | M47: 19 | N47: =SUM(B47:D47) | O47: =SUM(E47:G47) | P47: =SUM(H47:J47) | Q47: =SUM(K47:M47) | R47: =SUM(N47:O47) | S47: =SUM(P47:Q47) | T47: =R47+S47
A48: 임금 | B48: 80 | C48: 84 | D48: 36 | E48: 88 | F48: 60 | G48: 68 | H48: 114 | I48: 51 | J48: 57 | K48: 49 | L48: 101 | M48: 69 | N48: =SUM(B48:D48) | O48: =SUM(E48:G48) | P48: =SUM(H48:J48) | Q48: =SUM(K48:M48) | R48: =SUM(N48:O48) | S48: =SUM(P48:Q48) | T48: =R48+S48
A49: 제수당 | B49: 31 | C49: 37 | D49: 20 | E49: 37 | F49: 27 | G49: 27 | H49: 37 | I49: 23 | J49: 22 | K49: 22 | L49: 38 | M49: 24 | N49: =SUM(B49:D49) | O49: =SUM(E49:G49) | P49: =SUM(H49:J49) | Q49: =SUM(K49:M49) | R49: =SUM(N49:O49) | S49: =SUM(P49:Q49) | T49: =R49+S49
A50: 잡급 | B50: 65 | C50: 72 | D50: 31 | E50: 61 | F50: 49 | G50: 53 | H50: 91 | I50: 44 | J50: 39 | K50: 51 | L50: 68 | M50: 51 | N50: =SUM(B50:D50) | O50: =SUM(E50:G50) | P50: =SUM(H50:J50) | Q50: =SUM(K50:M50) | R50: =SUM(N50:O50) | S50: =SUM(P50:Q50) | T50: =R50+S50
A51: 퇴직급여 | B51: 14 | C51: 18 | D51: 8 | E51: 17 | F51: 11 | G51: 14 | H51: 20 | I51: 11 | J51: 11 | K51: 12 | L51: 16 | M51: 12 | N51: =SUM(B51:D51) | O51: =SUM(E51:G51) | P51: =SUM(H51:J51) | Q51: =SUM(K51:M51) | R51: =SUM(N51:O51) | S51: =SUM(P51:Q51) | T51: =R51+S51
A52: 대손상각비 | B52: 51 | C52: 54 | D52: 25 | E52: 53 | F52: 38 | G52: 50 | H52: 68 | I52: 35 | J52: 34 | K52: 39 | L52: 63 | M52: 39 | N52: =SUM(B52:D52) | O52: =SUM(E52:G52) | P52: =SUM(H52:J52) | Q52: =SUM(K52:M52) | R52: =SUM(N52:O52) | S52: =SUM(P52:Q52) | T52: =R52+S52
A53: 복리후생비 | B53: 32 | C53: 34 | D53: 22 | E53: 42 | F53: 25 | G53: 34 | H53: 54 | I53: 27 | J53: 22 | K53: 27 | L53: 44 | M53: 27 | N53: =SUM(B53:D53) | O53: =SUM(E53:G53) | P53: =SUM(H53:J53) | Q53: =SUM(K53:M53) | R53: =SUM(N53:O53) | S53: =SUM(P53:Q53) | T53: =R53+S53
A54: 여비교통비 | B54: 48 | C54: 45 | D54: 29 | E54: 53 | F54: 40 | G54: 48 | H54: 65 | I54: 33 | J54: 30 | K54: 32 | L54: 51 | M54: 42 | N54: =SUM(B54:D54) | O54: =SUM(E54:G54) | P54: =SUM(H54:J54) | Q54: =SUM(K54:M54) | R54: =SUM(N54:O54) | S54: =SUM(P54:Q54) | T54: =R54+S54
A55: 통신비 | B55: 34 | C55: 32 | D55: 15 | E55: 34 | F55: 27 | G55: 31 | H55: 36 | I55: 25 | J55: 23 | K55: 25 | L55: 36 | M55: 23 | N55: =SUM(B55:D55) | O55: =SUM(E55:G55) | P55: =SUM(H55:J55) | Q55: =SUM(K55:M55) | R55: =SUM(N55:O55) | S55: =SUM(P55:Q55) | T55: =R55+S55
... A80: 수출비용_해상운임( | B80: 22 | C80: 21 | D80: 12 | E80: 26 | F80: 17 | G80: 16 | H80: 30 | I80: 17 | J80: 14 | K80: 14 | L80: 24 | M80: 17 | N80: =SUM(B80:D80) | O80: =SUM(E80:G80) | P80: =SUM(H80:J80) | Q80: =SUM(K80:M80) | R80: =SUM(N80:O80) | S80: =SUM(P80:Q80) | T80: =R80+S80
A81: 영업이익(A) | B81: =B41-B42 | C81: =C41-C42 | D81: =D41-D42 | E81: =E41-E42 | F81: =F41-F42 | G81: =G41-G42 | H81: =H41-H42 | I81: =I41-I42 | ... T81: =T41-T42
B82: =IFERROR(B81/B5,0) | C82: =IFERROR(C81/C5,0) | D82: =IFERROR(D81/D5,0) | E82: =IFERROR(E81/E5,0) | F82: =IFERROR(F81/F5,0) | G82: =IFERROR(G81/G5,0) | H82: =IFERROR(H81/H5,0) | I82: =IFERROR(I81/I5,0) | ... T82: =IFERROR(T81/T5,0)

Sheet 차량oe
A1: 1-4) 차량OE 연간 손익계산서 (단위 : 백만원)
T2: (단위 : 대, 백만원)
A3: 구분 | B3: 1월 | C3: 2월 | D3: 3월 | E3: 4월 | F3: 5월 | G3: 6월 | H3: 7월 | I3: 8월 | J3: 9월 | K3: 10월 | L3: 11월 | M3: 12월 | N3: 1/4분기 | O3: 2/4분기 | P3: 3/4분기 | Q3: 4/4분기 | R3: 상반기 | S3: 하반기 | T3: 총계
A4: 매출수량 | B4: 10983 | C4: 51935 | D4: 31161 | E4: 11807 | F4: 23908 | G4: 31072 | H4: 31413 | I4: 59107 | J4: 11775 | K4: 52528 | L4: 41871 | M4: 36562 | N4: =SUM(B4:D4) | O4: =SUM(E4:G4) | P4: =SUM(H4:J4) | Q4: =SUM(K4:M4) | R4: =SUM(N4:O4) | S4: =SUM(P4:Q4) | T4: =R4+S4
A5: 매출액(Total) | B5: 8534 | C5: 5859 | D5: 3941 | E5: 9787 | F5: 3744 | G5: 4428 | H5: 8480 | I5: 11099 | J5: 9546 | K5: 7210 | L5: 10591 | M5: 3222 | N5: =SUM(B5:D5) | O5: =SUM(E5:G5) | P5: =SUM(H5:J5) | Q5: =SUM(K5:M5) | R5: =SUM(N5:O5) | S5: =SUM(P5:Q5) | T5: =R5+S5
A6: 매출원가(A)Tot | B6: =SUM(B8:B40) | C6: =SUM(C8:C40) | D6: =SUM(D8:D40) | E6: =SUM(E8:E40) | F6: =SUM(F8:F40) | G6: =SUM(G8:G40) | H6: =SUM(H8:H40) | I6: =SUM(I8:I40) | ... M6: =SUM(M8:M40) | N6: =SUM(B6:D6) | O6: =SUM(E6:G6) | P6: =SUM(H6:J6) | Q6: =SUM(K6:M6) | R6: =SUM(N6:O6) | S6: =SUM(P6:Q6) | T6: =R6+S6
B7: =IFERROR(B6/B5,0) | C7: =IFERROR(C6/C5,0) | D7: =IFERROR(D6/D5,0) | E7: =IFERROR(E6/E5,0) | F7: =IFERROR(F6/F5,0) | G7: =IFERROR(G6/G5,0) | H7: =IFERROR(H6/H5,0) | I7: =IFERROR(I6/I5,0) | ... T7: =IFERROR(T6/T5,0)
A8: 상품매출원가 | B8: 120 | C8: 71 | D8: 60 | E8: 155 | F8: 46 | G8: 64 | H8: 114 | I8: 176 | J8: 149 | K8: 104 | L8: 130 | M8: 45 | N8: =SUM(B8:D8) | O8: =SUM(E8:G8) | P8: =SUM(H8:J8) | Q8: =SUM(K8:M8) | R8: =SUM(N8:O8) | S8: =SUM(P8:Q8) | T8: =R8+S8
A9: 재고실사차이 | B9: 201 | C9: 164 | D9: 95 | E9: 261 | F9: 104 | G9: 128 | H9: 244 | I9: 318 | J9: 268 | K9: 188 | L9: 262 | M9: 89 | N9: =SUM(B9:D9) | O9: =SUM(E9:G9) | P9: =SUM(H9:J9) | Q9: =SUM(K9:M9) | R9: =SUM(N9:O9) | S9: =SUM(P9:Q9) | T9: =R9+S9
A10: 환불부채 | B10: 115 | C10: 89 | D10: 49 | E10: 151 | F10: 58 | G10: 59 | H10: 106 | I10: 165 | J10: 112 | K10: 104 | L10: 124 | M10: 48 | N10: =SUM(B10:D10) | O10: =SUM(E10:G10) | P10: =SUM(H10:J10) | Q10: =SUM(K10:M10) | R10: =SUM(N10:O10) | S10: =SUM(P10:Q10) | T10: =R10+S10
A11: 평가손실 | B11: 166 | C11: 107 | D11: 65 | E11: 156 | F11: 63 | G11: 86 | H11: 142 | I11: 202 | J11: 183 | K11: 107 | L11: 157 | M11: 59 | N11: =SUM(B11:D11) | O11: =SUM(E11:G11) | P11: =SUM(H11:J11) | Q11: =SUM(K11:M11) | R11: =SUM(N11:O11) | S11: =SUM(P11:Q11) | T11: =R11+S11
A12: 관세환급 | B12: 219 | C12: 156 | D12: 104 | E12: 267 | F12: 97 | G12: 137 | H12: 236 | I12: 354 | J12: 289 | K12: 199 | L12: 333 | M12: 97 | N12: =SUM(B12:D12) | O12: =SUM(E12:G12) | P12: =SUM(H12:J12) | Q12: =SUM(K12:M12) | R12: =SUM(N12:O12) | S12: =SUM(P12:Q12) | T12: =R12+S12
A13: 매출원가조정기타 | B13: 313 | C13: 169 | D13: 120 | E13: 277 | F13: 103 | G13: 159 | H13: 253 | I13: 339 | J13: 319 | K13: 265 | L13: 313 | M13: 90 | N13: =SUM(B13:D13) | O13: =SUM(E13:G13) | P13: =SUM(H13:J13) | Q13: =SUM(K13:M13) | R13: =SUM(N13:O13) | S13: =SUM(P13:Q13) | T13: =R13+S13
A14: 원재료비_순연 | B14: 75 | C14: 53 | D14: 34 | E14: 69 | F14: 33 | G14: 35 | H14: 68 | I14: 80 | J14: 88 | K14: 62 | L14: 94 | M14: 23 | N14: =SUM(B14:D14) | O14: =SUM(E14:G14) | P14: =SUM(H14:J14) | Q14: =SUM(K14:M14) | R14: =SUM(N14:O14) | S14: =SUM(P14:Q14) | T14: =R14+S14
A15: 원재료(LOSS_순연) | B15: 31 | C15: 17 | D15: 12 | E15: 31 | F15: 11 | G15: 15 | H15: 27 | I15: 35 | J15: 30 | K15: 24 | L15: 36 | M15: 10 | N15: =SUM(B15:D15) | O15: =SUM(E15:G15) | P15: =SUM(H15:J15) | Q15: =SUM(K15:M15) | R15: =SUM(N15:O15) | S15: =SUM(P15:Q15) | T15: =R15+S15
A16: 원재료비_경연 | B16: 82 | C16: 66 | D16: 41 | E16: 90 | F16: 39 | G16: 38 | H16: 76 | I16: 115 | J16: 98 | K16: 77 | L16: 114 | M16: 28 | N16: =SUM(B16:D16) | O16: =SUM(E16:G16) | P16: =SUM(H16:J16) | Q16: =SUM(K16:M16) | R16: =SUM(N16:O16) | S16: =SUM(P16:Q16) | T16: =R16+S16
A17: 원재료(LOSS_경연) | B17: 204 | C17: 109 | D17: 75 | E17: 238 | F17: 92 | G17: 96 | H17: 155 | I17: 218 | J17: 207 | K17: 161 | L17: 230 | M17: 79 | N17: =SUM(B17:D17) | O17: =SUM(E17:G17) | P17: =SUM(H17:J17) | Q17: =SUM(K17:M17) | R17: =SUM(N17:O17) | S17: =SUM(P17:Q17) | T17: =R17+S17
A18: 원재료비_칼슘연 | B18: 280 | C18: 210 | D18: 146 | E18: 278 | F18: 139 | G18: 159 | H18: 315 | I18: 331 | J18: 271 | K18: 249 | L18: 294 | M18: 97 | N18: =SUM(B18:D18) | O18: =SUM(E18:G18) | P18: =SUM(H18:J18) | Q18: =SUM(K18:M18) | R18: =SUM(N18:O18) | S18: =SUM(P18:Q18) | T18: =R18+S18
A19: 원재료(LOSS_칼슘연) | B19: 149 | C19: 81 | D19: 52 | E19: 163 | F19: 65 | G19: 63 | H19: 123 | I19: 146 | J19: 144 | K19: 103 | L19: 154 | M19: 48 | N19: =SUM(B19:D19) | O19: =SUM(E19:G19) | P19: =SUM(H19:J19) | Q19: =SUM(K19:M19) | R19: =SUM(N19:O19) | S19: =SUM(P19:Q19) | T19: =R19+S19
... A40: 원가절감(해외) | B40: 90 | C40: 72 | D40: 49 | E40: 123 | F40: 44 | G40: 46 | H40: 106 | I40: 137 | J40: 111 | K40: 82 | L40: 111 | M40: 33 | N40: =SUM(B40:D40) | O40: =SUM(E40:G40) | P40: =SUM(H40:J40) | Q40: =SUM(K40:M40) | R40: =SUM(N40:O40) | S40: =SUM(P40:Q40) | T40: =R40+S40
A41: 매출총이익(A) | B41: =B5-B6 | C41: =C5-C6 | D41: =D5-D6 | E41: =E5-E6 | F41: =F5-F6 | G41: =G5-G6 | H41: =H5-H6 | I41: =I5-I6 | ... T41: =T5-T6
A42: 판관비(Total) | B42: =SUM(B44:B80) | C42: =SUM(C44:C80) | D42: =SUM(D44:D80) | E42: =SUM(E44:E80) | F42: =SUM(F44:F80) | G42: =SUM(G44:G80) | H42: =SUM(H44:H80) | I42: =SUM(I44:I80) | ... M42: =SUM(M44:M80) | N42: =SUM(B42:D42) | O42: =SUM(E42:G42) | P42: =SUM(H42:J42) | Q42: =SUM(K42:M42) | R42: =SUM(N42:O42) | S42: =SUM(P42:Q42) | T42: =R42+S42
B43: =IFERROR(B42/B5,0) | C43: =IFERROR(C42/C5,0) | D43: =IFERROR(D42/D5,0) | E43: =IFERROR(E42/E5,0) | F43: =IFERROR(F42/F5,0) | G43: =IFERROR(G42/G5,0) | H43: =IFERROR(H42/H5,0) | I43: =IFERROR(I42/I5,0) | ... T43: =IFERROR(T42/T5,0)
A44: 임원급여 | B44: 4 | C44: 3 | D44: 2 | E44: 5 | F44: 2 | G44: 2 | H44: 5 | I44: 6 | J44: 4 | K44: 3 | L44: 5 | M44: 2 | N44: =SUM(B44:D44) | O44: =SUM(E44:G44) | P44: =SUM(H44:J44) | Q44: =SUM(K44:M44) | R44: =SUM(N44:O44) | S44: =SUM(P44:Q44) | T44: =R44+S44
A45: 직원급여 | B45: 14 | C45: 8 | D45: 6 | E45: 16 | F45: 6 | G45: 7 | H45: 13 | I45: 15 | J45: 14 | K45: 9 | L45: 13 | M45: 4 | N45: =SUM(B45:D45) | O45: =SUM(E45:G45) | P45: =SUM(H45:J45) | Q45: =SUM(K45:M45) | R45: =SUM(N45:O45) | S45: =SUM(P45:Q45) | T45: =R45+S45
A46: 임원상여 | B46: 10 | C46: 7 | D46: 5 | E46: 12 | F46: 5 | G46: 5 | H46: 10 | I46: 12 | J46: 13 | K46: 10 | L46: 14 | M46: 4 | N46: =SUM(B46:D46) | O46: =SUM(E46:G46) | P46: =SUM(H46:J46) | Q46: =SUM(K46:M46) | R46: =SUM(N46:O46) | S46: =SUM(P46:Q46) | T46: =R46+S46
A47: 직원상여 | B47: 8 | C47: 4 | D47: 3 | E47: 8 | F47: 3 | G47: 3 | H47: 7 | I47: 9 | J47: 9 | K47: 6 | L47: 10 | M47: 2 | N47: =SUM(B47:D47) | O47: =SUM(E47:G47) | P47: =SUM(H47:J47) | Q47: =SUM(K47:M47) | R47: =SUM(N47:O47) | S47: =SUM(P47:Q47) | T47: =R47+S47
A48: 임금 | B48: 7 | C48: 5 | D48: 3 | E48: 8 | F48: 3 | G48: 3 | H48: 7 | I48: 10 | J48: 7 | K48: 5 | L48: 8 | M48: 2 | N48: =SUM(B48:D48) | O48: =SUM(E48:G48) | P48: =SUM(H48:J48) | Q48: =SUM(K48:M48) | R48: =SUM(N48:O48) | S48: =SUM(P48:Q48) | T48: =R48+S48
A49: 제수당 | B49: 12 | C49: 8 | D49: 6 | E49: 14 | F49: 5 | G49: 7 | H49: 11 | I49: 16 | J49: 17 | K49: 10 | L49: 17 | M49: 6 | N49: =SUM(B49:D49) | O49: =SUM(E49:G49) | P49: =SUM(H49:J49) | Q49: =SUM(K49:M49) | R49: =SUM(N49:O49) | S49: =SUM(P49:Q49) | T49: =R49+S49
A50: 잡급 | B50: 16 | C50: 10 | D50: 6 | E50: 15 | F50: 5 | G50: 6 | H50: 12 | I50: 20 | J50: 17 | K50: 11 | L50: 19 | M50: 5 | N50: =SUM(B50:D50) | O50: =SUM(E50:G50) | P50: =SUM(H50:J50) | Q50: =SUM(K50:M50) | R50: =SUM(N50:O50) | S50: =SUM(P50:Q50) | T50: =R50+S50
A51: 퇴직급여 | B51: 3 | C51: 2 | D51: 2 | E51: 3 | F51: 1 | G51: 1 | H51: 3 | I51: 3 | J51: 3 | K51: 2 | L51: 3 | M51: 1 | N51: =SUM(B51:D51) | O51: =SUM(E51:G51) | P51: =SUM(H51:J51) | Q51: =SUM(K51:M51) | R51: =SUM(N51:O51) | S51: =SUM(P51:Q51) | T51: =R51+S51
A52: 대손상각비 | B52: 3 | C52: 2 | D52: 2 | E52: 3 | F52: 1 | G52: 1 | H52: 3 | I52: 5 | J52: 3 | K52: 3 | L52: 4 | M52: 1 | N52: =SUM(B52:D52) | O52: =SUM(E52:G52) | P52: =SUM(H52:J52) | Q52: =SUM(K52:M52) | R52: =SUM(N52:O52) | S52: =SUM(P52:Q52) | T52: =R52+S52
A53: 복리후생비 | B53: 7 | C53: 4 | D53: 3 | E53: 9 | F53: 3 | G53: 3 | H53: 8 | I53: 8 | J53: 8 | K53: 6 | L53: 10 | M53: 3 | N53: =SUM(B53:D53) | O53: =SUM(E53:G53) | P53: =SUM(H53:J53) | Q53: =SUM(K53:M53) | R53: =SUM(N53:O53) | S53: =SUM(P53:Q53) | T53: =R53+S53
A54: 여비교통비 | B54: 11 | C54: 9 | D54: 6 | E54: 14 | F54: 4 | G54: 5 | H54: 13 | I54: 13 | J54: 13 | K54: 9 | L54: 13 | M54: 5 | N54: =SUM(B54:D54) | O54: =SUM(E54:G54) | P54: =SUM(H54:J54) | Q54: =SUM(K54:M54) | R54: =SUM(N54:O54) | S54: =SUM(P54:Q54) | T54: =R54+S54
A55: 통신비 | B55: 11 | C55: 10 | D55: 5 | E55: 15 | F55: 6 | G55: 7 | H55: 15 | I55: 18 | J55: 16 | K55: 11 | L55: 18 | M55: 5 | N55: =SUM(B55:D55) | O55: =SUM(E55:G55) | P55: =SUM(H55:J55) | Q55: =SUM(K55:M55) | R55: =SUM(N55:O55) | S55: =SUM(P55:Q55) | T55: =R55+S55
... A80: 수출비용_해상운임( | B80: 4 | C80: 3 | D80: 2 | E80: 5 | F80: 2 | G80: 2 | H80: 4 | I80: 5 | J80: 5 | K80: 3 | L80: 4 | M80: 2 | N80: =SUM(B80:D80) | O80: =SUM(E80:G80) | P80: =SUM(H80:J80) | Q80: =SUM(K80:M80) | R80: =SUM(N80:O80) | S80: =SUM(P80:Q80) | T80: =R80+S80
A81: 영업이익(A) | B81: =B41-B42 | C81: =C41-C42 | D81: =D41-D42 | E81: =E41-E42 | F81: =F41-F42 | G81: =G41-G42 | H81: =H41-H42 | I81: =I41-I42 | ... T81: =T41-T42
B82: =IFERROR(B81/B5,0) | C82: =IFERROR(C81/C5,0) | D82: =IFERROR(D81/D5,0) | E82: =IFERROR(E81/E5,0) | F82: =IFERROR(F81/F5,0) | G82: =IFERROR(G81/G5,0) | H82: =IFERROR(H81/H5,0) | I82: =IFERROR(I81/I5,0) | ... T82: =IFERROR(T81/T5,0)
