Workbook

Sheet 실적 Raw Data
F1: 매출액(Total) | G1: 매출원가(A)Tot | H1: 매출액 | I1: 기타매출액 | J1: 제품매출조정 | K1: 매출원가(S)Tot | L1: 매출원가(S) | M1: 매출수량 | N1: 용량(단위당) | O1: 총용량 | P1: 연량(단위당) | Q1: 총연량 | R1: 매출액A(조정전) | S1: 매출원가A(조정전) | T1: 판관비A(조정전) | U1: 영업이익A(조정전) | V1: 재고실사차이 | W1: 환불부채 | X1: 평가손실 | Y1: 관세환급 | Z1: 매출원가조정기타 | AA1: 매출총이익(S) | AB1: 원재료비_순연(S) | AC1: 원재료비_경연(S) | AD1: 원재료비_칼슘연(S | AE1: 원재료비_니켈(S) | AF1: 원재료비_리튬(S) | AG1: 주재료비_전조(S) | AH1: 주재료비_카바(S) | AI1: 주재료비_격리판(S | AJ1: 부재료비(S) | AK1: 포장비(S) | AL1: 부대품재료비(S) | AM1: 부산물공제(S) | AN1: 변동직접노무비(S) | AO1: 변동경비(S) | AP1: 고정직접노무비(S) | AQ1: 간접노무비(S) | AR1: 고정경비(S) | AS1: 외주가공비(S) | AT1: 매출원가(A) | AU1: 매출총이익(A) | AV1: 원재료비_순연(A) | AW1: 원재료비_경연(A) | AX1: 원재료비_칼슘연(A | AY1: 원재료비_니켈(A) | AZ1: 원재료비_리튬(A) | BA1: 주재료비_전조(A) | BB1: 주재료비_카바(A) | BC1: 주재료비_격리판(A | BD1: 부재료비(A) | BE1: 포장비(A) | BF1: 부대품재료비(A) | BG1: 부산물공제(A) | BH1: 변동직접노무비(A) | BI1: 변동경비(A) | BJ1: 고정직접노무비(A) | BK1: 간접노무비(A) | BL1: 고정경비(A) | BM1: 외주가공비(A) | BN1: 총매출액 | BO1: 매출할인 | BP1: 판관비(Total) | BQ1: 영업이익(A) | BR1: 영업외수익 | BS1: 영업외비용 | BT1: 경상이익(A) | BU1: 기타수익(Total | BV1: 기타비용(Total | BW1: 금융수익(Total | BX1: 금융비용(Total | BY1: 임원급여 | BZ1: 직원급여 | CA1: 임원상여 | CB1: 직원상여 | CC1: 임금 | CD1: 제수당 | CE1: 잡급 | CF1: 퇴직급여 | CG1: 대손상각비 | CH1: 복리후생비 | CI1: 여비교통비 | CJ1: 통신비 | CK1: 소모품비 | CL1: 도서인쇄비 | CM1: 세금과공과 | CN1: 임차료 | CO1: 수도광열비 | CP1: 광고선전비 | CQ1: 접대비(S) | CR1: 접대비(A) | CS1: 차량유지비 | CT1: 운반비 | CU1: 지급수수료 | CV1: 수출비용(S) | CW1: 수출비용(A) | CX1: 교육훈련비 | CY1: 감가상각비 | CZ1: 무형자산상각비 | DA1: 수선유지비 | DB1: 보험료 | DC1: 회의비 | DD1: 시험설치비(S) | DE1: 시험설치비(A) | DF1: 경상연구개발비 | DG1: 연구개발비(국책과제 | DH1: 판매보증비 | DI1: 대손충당금환입 | DJ1: 불량제품손실 | DK1: 판관비_기타 | DL1: 수출비용_해상운임( | DM1: 외환차익 | DN1: 외화환산이익 | DO1: 임대료수익 | DP1: 투자자산처분이익등 | DQ1: 유무형자산처분이익등 | DR1: 기타영업외수익 | DS1: 외환차손 | DT1: 외화환산손실 | DU1: 투자자산처분및손상차 | DV1: 유무형자산처분및손상 | DW1: 기부금 | DX1: 기타영업외비용 | DY1: 이자수익 | DZ1: 배당금수익 | EA1: 금융자산처분이익 | EB1: 금융자산평가이익 | EC1: 금융자산손상차손환입 | ED1: 파생상품평가이익 | EE1: 파생상품거래이익 | EF1: 이자비용 | EG1: 금융자산처분손실 | EH1: 금융자산평가손실 | EI1: 금융자산손상차손 | EJ1: 파생상품평가손실 | EK1: 파생상품거래손실
A2: 손익 센터 | B2: 상품 | C2: 기간/연도 | D2: 납품처 | E2: 고객 | F2: 1 KRW | G2: 1 KRW | H2: 1 KRW | I2: 1 KRW | J2: 1 KRW | K2: 1 KRW | L2: 1 KRW | M2: 1 * | N2: 1 | O2: 1 AH | P2: 1 | Q2: 1 G | R2: 1 KRW | S2: 1 KRW | T2: 1 KRW | U2: 1 KRW | V2: 1 KRW | W2: 1 KRW | X2: 1 KRW | Y2: 1 KRW | Z2: 1 KRW | AA2: 1 KRW | AB2: 1 KRW | AC2: 1 KRW | AD2: 1 KRW | AE2: 1 KRW | AF2: 1 KRW | AG2: 1 KRW | AH2: 1 KRW | AI2: 1 KRW | AJ2: 1 KRW | AK2: 1 KRW | AL2: 1 KRW | AM2: 1 KRW | AN2: 1 KRW | AO2: 1 KRW | AP2: 1 KRW | AQ2: 1 KRW | AR2: 1 KRW | AS2: 1 KRW | AT2: 1 KRW | AU2: 1 KRW | AV2: 1 KRW | AW2: 1 KRW | AX2: 1 KRW | AY2: 1 KRW | AZ2: 1 KRW | BA2: 1 KRW | BB2: 1 KRW | BC2: 1 KRW | BD2: 1 KRW | BE2: 1 KRW | BF2: 1 KRW | BG2: 1 KRW | BH2: 1 KRW | BI2: 1 KRW | BJ2: 1 KRW | BK2: 1 KRW | BL2: 1 KRW | BM2: 1 KRW | BN2: 1 KRW | BO2: 1 KRW | BP2: 1 KRW | BQ2: 1 KRW | BR2: 1 KRW | BS2: 1 KRW | BT2: 1 KRW | BU2: 1 KRW | BV2: 1 KRW | BW2: 1 KRW | BX2: 1 KRW | BY2: 1 KRW | BZ2: 1 KRW | CA2: 1 KRW | CB2: 1 KRW | CC2: 1 KRW | CD2: 1 KRW | CE2: 1 KRW | CF2: 1 KRW | CG2: 1 KRW | CH2: 1 KRW | CI2: 1 KRW | CJ2: 1 KRW | CK2: 1 KRW | CL2: 1 KRW | CM2: 1 KRW | CN2: 1 KRW | CO2: 1 KRW | CP2: 1 KRW | CQ2: 1 KRW | CR2: 1 KRW | CS2: 1 KRW | CT2: 1 KRW | CU2: 1 KRW | CV2: 1 KRW | CW2: 1 KRW | CX2: 1 KRW | CY2: 1 KRW | CZ2: 1 KRW | DA2: 1 KRW | DB2: 1 KRW | DC2: 1 KRW | DD2: 1 KRW | DE2: 1 KRW | DF2: 1 KRW | DG2: 1 KRW | DH2: 1 KRW | DI2: 1 KRW | DJ2: 1 KRW | DK2: 1 KRW | DL2: 1 KRW | DM2: 1 KRW | DN2: 1 KRW | DO2: 1 KRW | DP2: 1 KRW | DQ2: 1 KRW | DR2: 1 KRW | DS2: 1 KRW | DT2: 1 KRW | DU2: 1 KRW | DV2: 1 KRW | DW2: 1 KRW | DX2: 1 KRW | DY2: 1 KRW | DZ2: 1 KRW | EA2: 1 KRW | EB2: 1 KRW | EC2: 1 KRW | ED2: 1 KRW | EE2: 1 KRW | EF2: 1 KRW | EG2: 1 KRW | EH2: 1 KRW | EI2: 1 KRW | EJ2: 1 KRW | EK2: 1 KRW
A3: 20313 영업-차량대리점팀 | B3: PCC90001 GB 250L(테스트-대리점)* | C3: 2026/008 8월 2026 | D3: 미지정 | E3: 미지정 | F3: 0 | G3: 0 | H3: 0 | I3: 0 | J3: 0 | K3: 0 | L3: 0 | M3: 0 | N3: 0 | O3: 0 | P3: 0 | Q3: 0 | R3: 0 | S3: 0 | T3: 0 | U3: 0 | V3: 0 | W3: 0 | X3: 0 | Y3: 0 | Z3: 0 | AA3: 0 | AB3: 0 | AC3: 0 | AD3: 0 | AE3: 0 | AF3: 0 | AG3: 0 | AH3: 0 | AI3: 0 | AJ3: 0 | AK3: 0 | AL3: 0 | AM3: 0 | AN3: 0 | AO3: 0 | AP3: 0 | AQ3: 0 | AR3: 0 | AS3: 0 | AT3: 0 | AU3: 0 | AV3: 0 | AW3: 0 | AX3: 0 | AY3: 0 | AZ3: 0 | BA3: 0 | BB3: 0 | BC3: 0 | BD3: 0 | BE3: 0 | BF3: 0 | BG3: 0 | BH3: 0 | BI3: 0 | BJ3: 0 | BK3: 0 | BL3: 0 | BM3: 0 | BN3: 0 | BO3: 0 | BP3: 0 | BQ3: 0 | BR3: 0 | BS3: 0 | BT3: 0 | BU3: 0 | BV3: 0 | BW3: 0 | BX3: 0 | BY3: 0 | BZ3: 0 | CA3: 0 | CB3: 0 | CC3: 0 | CD3: 0 | CE3: 0 | CF3: 0 | CG3: 0 | CH3: 0 | CI3: 0 | CJ3: 0 | CK3: 0 | CL3: 0 | CM3: 0 | CN3: 0 | CO3: 0 | CP3: 0 | CQ3: 0 | CR3: 0 | CS3: 0 | CT3: 0 | CU3: 0 | CV3: 0 | CW3: 0 | CX3: 0 | CY3: 0 | CZ3: 0 | DA3: 0 | DB3: 0 | DC3: 0 | DD3: 0 | DE3: 0 | DF3: 0 | DG3: 0 | DH3: 0 | DI3: 0 | DJ3: 0 | DK3: 0 | DL3: 0 | DM3: 0 | DN3: 0 | DO3: 0 | DP3: 0 | DQ3: 0 | DR3: 0 | DS3: 0 | DT3: 0 | DU3: 0 | DV3: 0 | DW3: 0 | DX3: 0 | DY3: 0 | DZ3: 0 | EA3: 0 | EB3: 0 | EC3: 0 | ED3: 0 | EE3: 0 | EF3: 0 | EG3: 0 | EH3: 0 | EI3: 0 | EJ3: 0 | EK3: 0
A4: 20313 영업-차량대리점팀 | B4: PCC90002 GB 300L(테스트-대리점)* | C4: 2026/008 8월 2026 | D4: 2100001 (주)테스트배터리대전 | E4: 2100001 (주)테스트배터리대전 | F4: 934912 | G4: 210805 | H4: 2308113 | I4: 0 | J4: 0 | K4: 2055301 | L4: 1873427 | M4: 1171528 | N4: 860791 | O4: 4575866 | P4: 730295 | Q4: 4954410 | R4: 3540336 | S4: 267612 | T4: 250957 | U4: 786972 | V4: 0 | W4: 0 | X4: 0 | Y4: 0 | Z4: 1835068 | AA4: 1952701 | AB4: 4240227 | AC4: 223599 | AD4: 4709064 | AE4: 0 | AF4: 0 | AG4: 1668971 | AH4: 4572300 | AI4: 3520187 | AJ4: 1850189 | AK4: 3769238 | AL4: 0 | AM4: 0 | AN4: 4944118 | AO4: 2334632 | AP4: 55515 | AQ4: 1340319 | AR4: 3546146 | AS4: 2855228 | AT4: 2331953 | AU4: 1305256 | AV4: 1807182 | AW4: 2824559 | AX4: 858401 | AY4: 0 | AZ4: 0 | BA4: 779008 | BB4: 3188061 | BC4: 812315 | BD4: 3012337 | BE4: 2886309 | BF4: 0 | BG4: 2219961 | BH4: 365488 | BI4: 3854935 | BJ4: 4499207 | BK4: 1048117 | BL4: 3176376 | BM4: 662023 | BN4: 4631852 | BO4: -2460357 | BP4: 3034614 | BQ4: 4844180 | BR4: -1614033 | BS4: 584470 | BT4: -385402 | BU4: -1912749 | BV4: 2428562 | BW4: -670343 | BX4: -1953791 | BY4: 848261 | BZ4: 3189729 | CA4: 2332811 | CB4: 3804481 | CC4: 0 | CD4: 0 | CE4: 0 | CF4: 3061434 | CG4: 0 | CH4: 1365441 | CI4: 3106303 | CJ4: 2981226 | CK4: 1758472 | CL4: 2240572 | CM4: 599967 | CN4: 1436615 | CO4: 4481690 | CP4: 2054622 | CQ4: 0 | CR4: 1371719 | CS4: 3878719 | CT4: 3184102 | CU4: 2265486 | CV4: 0 | CW4: 0 | CX4: 4673033 | CY4: 1843265 | CZ4: 0 | DA4: 2721280 | DB4: 470241 | DC4: 1922394 | DD4: 0 | DE4: 270276 | DF4: 0 | DG4: 0 | DH4: 0 | DI4: 0 | DJ4: 2647211 | DK4: 0 | DL4: 0 | DM4: -3366214 | DN4: 2246973 | DO4: -556230 | DP4: 0 | DQ4: -1770852 | DR4: -4758851 | DS4: 2640709 | DT4: 1784640 | DU4: 0 | DV4: 4188855 | DW4: 3319800 | DX4: 3850128 | DY4: -1199493 | DZ4: -2222975 | EA4: -1172304 | EB4: -2069861 | EC4: 0 | ED4: 0 | EE4: 0 | EF4: 4710097 | EG4: 0 | EH4: -4522269 | EI4: 0 | EJ4: 0 | EK4: 0
A5: 20313 영업-차량대리점팀 | B5: PCC90001 GB 250L(테스트-대리점)* | C5: 2026/008 8월 2026 | D5: 2100002 성진상사(부산) | E5: 2100002 성진상사(부산) | F5: 2205036 | G5: 4904862 | H5: 3594963 | I5: 0 | J5: 0 | K5: 4896028 | L5: 3351414 | M5: 3037646 | N5: 1840795 | O5: 1161410 | P5: 4275216 | Q5: 4140910 | R5: 763603 | S5: 396240 | T5: 920803 | U5: 1283125 | V5: 0 | W5: 0 | X5: 0 | Y5: 0 | Z5: 1343026 | AA5: 3542334 | AB5: 533909 | AC5: 3228662 | AD5: 3202254 | AE5: 0 | AF5: 0 | AG5: 4999674 | AH5: 3927287 | AI5: 4439532 | AJ5: 2110014 | AK5: 4641795 | AL5: 0 | AM5: 0 | AN5: 97309 | AO5: 961929 | AP5: 4505433 | AQ5: 2239291 | AR5: 2854598 | AS5: 936767 | AT5: 2463057 | AU5: 3648075 | AV5: 1327723 | AW5: 3807110 | AX5: 28223 | AY5: 0 | AZ5: 0 | BA5: 2210467 | BB5: 4200220 | BC5: 1499640 | BD5: 4259742 | BE5: 893638 | BF5: 0 | BG5: 2504536 | BH5: 4259584 | BI5: 1669587 | BJ5: 1283108 | BK5: 3137616 | BL5: 1356171 | BM5: 4525639 | BN5: 4449929 | BO5: -5797 | BP5: 2720218 | BQ5: 4099721 | BR5: -164382 | BS5: 939414 | BT5: -3045903 | BU5: -2580615 | BV5: 2009671 | BW5: -486911 | BX5: -2021577 | BY5: 4760334 | BZ5: 661662 | CA5: 719513 | CB5: 4077783 | CC5: 0 | CD5: 0 | CE5: 0 | CF5: 581596 | CG5: 0 | CH5: 4469663 | CI5: 1055955 | CJ5: 1078025 | CK5: 3987957 | CL5: 4613086 | CM5: 1386185 | CN5: 2224456 | CO5: 4427448 | CP5: 3550538 | CQ5: 0 | CR5: 1777692 | CS5: 4524943 | CT5: 1688377 | CU5: 2615865 | CV5: 0 | CW5: 0 | CX5: 3347989 | CY5: 3133478 | CZ5: 0 | DA5: 3676049 | DB5: 4342740 | DC5: 3788340 | DD5: 0 | DE5: 1016056 | DF5: 0 | DG5: 0 | DH5: 0 | DI5: 0 | DJ5: 2080583 | DK5: 0 | DL5: 0 | DM5: -1885897 | DN5: 538088 | DO5: -2837067 | DP5: 0 | DQ5: -177448 | DR5: -4936091 | DS5: 4647630 | DT5: 1931342 | DU5: 0 | DV5: 4937193 | DW5: 1848317 | DX5: 61321 | DY5: -596533 | DZ5: -494868 | EA5: -1921502 | EB5: -566394 | EC5: 0 | ED5: 0 | EE5: 0 | EF5: 264510 | EG5: 0 | EH5: -2772835 | EI5: 0 | EJ5: 0 | EK5: 0
A6: 20313 영업-차량대리점팀 | B6: PCC90002 GB 300L(테스트-대리점)* | C6: 2026/008 8월 2026 | D6: 2100003 한빛정비공업사 | E6: 2100003 한빛정비공업사 | F6: 595394 | G6: 4314054 | H6: 1997527 | I6: 0 | J6: 0 | K6: 2337036 | L6: 4072951 | M6: 1798148 | N6: 4524422 | O6: 1110912 | P6: 4791256 | Q6: 4834613 | R6: 3966051 | S6: 2039408 | T6: 3968584 | U6: 3415666 | V6: 0 | W6: 0 | X6: 0 | Y6: 0 | Z6: 1598274 | AA6: 792262 | AB6: 814114 | AC6: 3616919 | AD6: 2973063 | AE6: 0 | AF6: 0 | AG6: 3554235 | AH6: 3449575 | AI6: 3918686 | AJ6: 455420 | AK6: 826588 | AL6: 0 | AM6: 0 | AN6: 509455 | AO6: 3378432 | AP6: 2847276 | AQ6: 917615 | AR6: 2086880 | AS6: 1608174 | AT6: 1596587 | AU6: 4499690 | AV6: 3764243 | AW6: 1176934 | AX6: 3539999 | AY6: 0 | AZ6: 0 | BA6: 1540209 | BB6: 2337606 | BC6: 3881805 | BD6: 2096528 | BE6: 633374 | BF6: 0 | BG6: 3718250 | BH6: 4617463 | BI6: 822317 | BJ6: 425365 | BK6: 4535780 | BL6: 124797 | BM6: 783344 | BN6: 1983894 | BO6: -1396118 | BP6: 3410248 | BQ6: 4074853 | BR6: -4038927 | BS6: 1794042 | BT6: -3365169 | BU6: -492869 | BV6: 1382076 | BW6: -3180056 | BX6: -19080 | BY6: 3276095 | BZ6: 2225684 | CA6: 3817886 | CB6: 2393843 | CC6: 0 | CD6: 0 | CE6: 0 | CF6: 3549443 | CG6: 0 | CH6: 4663122 | CI6: 4083495 | CJ6: 1299529 | CK6: 1593978 | CL6: 2489965 | CM6: 1827207 | CN6: 491593 | CO6: 4859516 | CP6: 4549263 | CQ6: 0 | CR6: 512349 | CS6: 2631707 | CT6: 480537 | CU6: 421624 | CV6: 0 | CW6: 0 | CX6: 4901436 | CY6: 4000591 | CZ6: 0 | DA6: 4219214 | DB6: 4456408 | DC6: 1321641 | DD6: 0 | DE6: 478140 | DF6: 0 | DG6: 0 | DH6: 0 | DI6: 0 | DJ6: 4260974 | DK6: 0 | DL6: 0 | DM6: -673023 | DN6: 1559812 | DO6: -575798 | DP6: 0 | DQ6: -4992516 | DR6: -571097 | DS6: 1974033 | DT6: 3388114 | DU6: 0 | DV6: 1006681 | DW6: 4779783 | DX6: 2066404 | DY6: -4857325 | DZ6: -4988188 | EA6: -334377 | EB6: -688726 | EC6: 0 | ED6: 0 | EE6: 0 | EF6: 3517713 | EG6: 0 | EH6: -4897198 | EI6: 0 | EJ6: 0 | EK6: 0

Sheet 실적 Re-arrange용 수식
A2: 년 | B2: 월 | C2: 부문 | D2: 팀 | E2: 권역 | F2: 사업소 | G2: 파트 | H2: 거래처코드 | I2: 고객 | J2: 상품 | K2: DESC | L2: 구분 | M2: 판매구분 | N2: 제품구분1 | O2: 제품구분2 | P2: 제품구분3 | Q2: 영업-가마감매출 | R2: 영업-매출할인 | S2: 영업-마감매출조정 | T2: 영업-정마감매출 | U2: 영업-기타매출액 | V2: 영업-매출액(조정전) | W2: 기획-매출조정 | X2: 기획-매출액(최종마감) | Y2: 순연 | Z2: 경연 | AA2: 칼슘연 | AB2: 니켈 | AC2: 리튬 | AD2: 원재료비 | AE2: 전조 | AF2: 카바 | AG2: 격리판 | AH2: 주재료비 | AI2: 부재료비 | AJ2: 포장비 | AK2: 부대품 | AL2: 부산물공제 | AM2: 기타재료비 | AN2: 재료비 계 | AO2: 변동직접 | AP2: 고정직접 | AQ2: 직접노무비 | AR2: 간접노무비 | AS2: 노무비 계 | AT2: 변동경비 | AU2: 고정경비 | AV2: 외주가공비 | AW2: 경비 계 | AX2: 기타매출원가 | AY2: 실제매출원가 | AZ2: 실제매출원가조정 | BA2: 매출원가(조정전) | BB2: 기획팀-원가조정 | BC2: 매출원가(최종마감) | BD2: 차량유지비 | BE2: 운반비 | BF2: 수출비용 | BG2: 시험설치비 | BH2: 판매보증비 | BI2: 불량제품손실 | BJ2: 해상운임 | BK2: 변동판관비 | BL2: 판관인건비 | BM2: 복리후생비 | BN2: 접대비 | BO2: 지급수수료 | BP2: 기타-판관비 | BQ2: 고정판관비 | BR2: 판관비(조정전) | BS2: 기획팀-판관비조정 | BT2: 판관비(최종마감) | BU2: 영업이익(조정전) | BV2: 영업이익(최종마감) | BW2: 매출수량 | BX2: 재고실사차이 | BY2: 수량(22.9cell)
A3: =RIGHT('실적 Raw Data'!C3,4)&"년" | B3: =TRIM(MID('실적 Raw Data'!C3,9,4)) | C3: =IF(LEFT('실적 Raw Data'!A3,5)*1=20313,"차량",IF(LEFT('실적 Raw Data'!A3,5)*1=20314,"차량",IF(LEFT('실적 Raw Data'!A3,5)*1=20342,"산전","산전"))) | D3: =IF(LEFT('실적 Raw Data'!A3,5)*1=20342,"모티브",IF(LEFT('실적 Raw Data'!A3,5)*1=20345,"고정형",IF(LEFT('실적 Raw Data'!A3,5)*1=20313,"차량대리점","차량OE"))) | E3: =VLOOKUP($D3&$H3,[1]지점코드!$A:$F,4,0) | F3: =VLOOKUP($D3&$H3,[1]지점코드!$A:$F,5,0) | G3: =VLOOKUP($D3&$H3,[1]지점코드!$A:$F,6,0) | H3: =LEFT('실적 Raw Data'!E3,7) | I3: =SUBSTITUTE((SUBSTITUTE('실적 Raw Data'!E3,H3,""))," ","") | J3: =TRIM(LEFT('실적 Raw Data'!B3,11)) | K3: =TRIM((SUBSTITUTE('실적 Raw Data'!B3,J3,""))) | L3: =IF(D3="모티브",VLOOKUP(C3&J3,[1]제품분류!$A:$J,4,0),IF(D3="고정형",VLOOKUP(C3&J3,[1]제품분류!$A:$J,4,0),IF(D3="차량대리점",VLOOKUP("차량대리점"&J3,[1]제품분류!$A:$J,4,0),IF(D3="차량OE",VLOOKUP("차량OE"&J3,[1]제품분류!$A:$J,4,0))))) | M3: =IF(D3="모티브",VLOOKUP("산전"&J3,[1]제품분류!$A:$J,5,0),IF(D3="고정형",VLOOKUP(C3&J3,[1]제품분류!$A:$J,5,0),IF(D3="차량대리점",VLOOKUP("차량대리점"&J3,[1]제품분류!$A:$J,5,0),IF(D3="차량OE", VLOOKUP(C3&J3,[1]제품분류!$A:$J,5,0))))) | N3: =IF(D3="모티브",VLOOKUP("산전"&J3,[1]제품분류!$A:$J,6,0),IF(D3="고정형",VLOOKUP("산전"&J3,[1]제품분류!$A:$J,6,0),IF(D3="차량대리점",VLOOKUP("차량대리점"&J3,[1]제품분류!$A:$J,6,0)))) | O3: =IF(D3="모티브",VLOOKUP("산전"&J3,[1]제품분류!$A:$J,7,0),IF(D3="고정형",VLOOKUP("산전"&J3,[1]제품분류!$A:$J,7,0),IF(D3="차량대리점",VLOOKUP("차량대리점"&J3,[1]제품분류!$A:$J,7,0),IF(D3="차량OE", VLOOKUP(D3&J3,[1]제품분류!$A:$J,7,0))))) | P3: =IF(D3="모티브",VLOOKUP("산전"&J3,[1]제품분류!$A:$J,8,0),IF(D3="고정형",VLOOKUP("산전"&J3,[1]제품분류!$A:$J,8,0),IF(D3="차량대리점",VLOOKUP("차량대리점"&J3,[1]제품분류!$A:$J,8,0),IF(D3="차량OE", VLOOKUP(D3&J3,[1]제품분류!$A:$J,8,0))))) | Q3: =+'실적 Raw Data'!BN3 | R3: =+'실적 Raw Data'!BO3 | S3: =+T3-Q3-R3 | T3: ='실적 Raw Data'!H3 | U3: ='실적 Raw Data'!I3 | V3: =+'실적 Raw Data'!R3 | W3: ='실적 Raw Data'!J3 | X3: ='실적 Raw Data'!F3 | Y3: =+'실적 Raw Data'!AV3 | Z3: =+'실적 Raw Data'!AW3 | AA3: =+'실적 Raw Data'!AX3 | AB3: =+'실적 Raw Data'!AY3 | AC3: =+'실적 Raw Data'!AZ3 | AD3: =+Y3+Z3+AA3+AB3+AC3 | AE3: =+'실적 Raw Data'!BA3 | AF3: =+'실적 Raw Data'!BB3 | AG3: =+'실적 Raw Data'!BC3 | AH3: =+AE3+AF3+AG3 | AI3: =+'실적 Raw Data'!BD3 | AJ3: =+'실적 Raw Data'!BE3 | AK3: =+'실적 Raw Data'!BF3 | AL3: =+'실적 Raw Data'!BG3 | AM3: =+AJ3+AK3+AL3 | AN3: =+AD3+AH3+AI3+AM3 | AO3: =+'실적 Raw Data'!BH3 | AP3: =+'실적 Raw Data'!BJ3 | AQ3: =+AO3+AP3 | AR3: =+'실적 Raw Data'!BK3 | AS3: =+AQ3+AR3 | AT3: =+'실적 Raw Data'!BI3 | AU3: =+'실적 Raw Data'!BL3 | AV3: =+'실적 Raw Data'!BM3 | AW3: =SUM(AT3:AV3) | AX3: =+AY3-(+AW3+AS3+AN3)+BX3 | AY3: =+'실적 Raw Data'!AT3 | AZ3: =+'실적 Raw Data'!X3+'실적 Raw Data'!Y3+'실적 Raw Data'!Z3 | BA3: =+'실적 Raw Data'!S3 | BB3: ='실적 Raw Data'!W3 | BC3: =+'실적 Raw Data'!G3 | BD3: =+'실적 Raw Data'!CS3 | BE3: =+'실적 Raw Data'!CT3 | BF3: =+'실적 Raw Data'!CW3 | BG3: =+'실적 Raw Data'!DE3 | BH3: =+'실적 Raw Data'!DH3 | BI3: =+'실적 Raw Data'!DJ3 | BJ3: =+'실적 Raw Data'!DL3 | BK3: =SUM(BD3:BJ3) | BL3: =+'실적 Raw Data'!BY3+'실적 Raw Data'!BZ3+'실적 Raw Data'!CA3+'실적 Raw Data'!CB3+'실적 Raw Data'!CC3+'실적 Raw Data'!CD3+'실적 Raw Data'!CE3+'실적 Raw Data'!CF3 | BM3: =+'실적 Raw Data'!CH3 | BN3: ='실적 Raw Data'!CR3 | BO3: =+'실적 Raw Data'!CU3 | BP3: =+BQ3-BL3-BM3-BN3-BO3 | BQ3: =+BR3-BK3 | BR3: =+'실적 Raw Data'!T3 | BS3: =BT3-BR3 | BT3: =+'실적 Raw Data'!BP3 | BU3: =+V3-BA3-BR3 | BV3: =+X3-BC3-BT3 | BW3: =IF(OR(LEFT(J4,1)="R", LEFT(J4,3)="QZZ"),0, '실적 Raw Data'!M3) | BX3: ='실적 Raw Data'!V3 | BY3: =IF(OR(N4="V전지:SET",N4="V전지:set/oe"),BW3*22.9,BW3)
A4: =RIGHT('실적 Raw Data'!C4,4)&"년" | B4: =TRIM(MID('실적 Raw Data'!C4,9,4)) | C4: =IF(LEFT('실적 Raw Data'!A4,5)*1=20313,"차량",IF(LEFT('실적 Raw Data'!A4,5)*1=20314,"차량",IF(LEFT('실적 Raw Data'!A4,5)*1=20342,"산전","산전"))) | D4: =IF(LEFT('실적 Raw Data'!A4,5)*1=20342,"모티브",IF(LEFT('실적 Raw Data'!A4,5)*1=20345,"고정형",IF(LEFT('실적 Raw Data'!A4,5)*1=20313,"차량대리점","차량OE"))) | E4: =VLOOKUP($D4&$H4,[1]지점코드!$A:$F,4,0) | F4: =VLOOKUP($D4&$H4,[1]지점코드!$A:$F,5,0) | G4: =VLOOKUP($D4&$H4,[1]지점코드!$A:$F,6,0) | H4: =LEFT('실적 Raw Data'!E4,7) | I4: =SUBSTITUTE((SUBSTITUTE('실적 Raw Data'!E4,H4,""))," ","") | J4: =TRIM(LEFT('실적 Raw Data'!B4,11)) | K4: =TRIM((SUBSTITUTE('실적 Raw Data'!B4,J4,""))) | L4: =IF(D4="모티브",VLOOKUP(C4&J4,[1]제품분류!$A:$J,4,0),IF(D4="고정형",VLOOKUP(C4&J4,[1]제품분류!$A:$J,4,0),IF(D4="차량대리점",VLOOKUP("차량대리점"&J4,[1]제품분류!$A:$J,4,0),IF(D4="차량OE",VLOOKUP("차량OE"&J4,[1]제품분류!$A:$J,4,0))))) | M4: =IF(D4="모티브",VLOOKUP("산전"&J4,[1]제품분류!$A:$J,5,0),IF(D4="고정형",VLOOKUP(C4&J4,[1]제품분류!$A:$J,5,0),IF(D4="차량대리점",VLOOKUP("차량대리점"&J4,[1]제품분류!$A:$J,5,0),IF(D4="차량OE", VLOOKUP(C4&J4,[1]제품분류!$A:$J,5,0))))) | N4: =IF(D4="모티브",VLOOKUP("산전"&J4,[1]제품분류!$A:$J,6,0),IF(D4="고정형",VLOOKUP("산전"&J4,[1]제품분류!$A:$J,6,0),IF(D4="차량대리점",VLOOKUP("차량대리점"&J4,[1]제품분류!$A:$J,6,0)))) | O4: =IF(D4="모티브",VLOOKUP("산전"&J4,[1]제품분류!$A:$J,7,0),IF(D4="고정형",VLOOKUP("산전"&J4,[1]제품분류!$A:$J,7,0),IF(D4="차량대리점",VLOOKUP("차량대리점"&J4,[1]제품분류!$A:$J,7,0),IF(D4="차량OE", VLOOKUP(D4&J4,[1]제품분류!$A:$J,7,0))))) | P4: =IF(D4="모티브",VLOOKUP("산전"&J4,[1]제품분류!$A:$J,8,0),IF(D4="고정형",VLOOKUP("산전"&J4,[1]제품분류!$A:$J,8,0),IF(D4="차량대리점",VLOOKUP("차량대리점"&J4,[1]제품분류!$A:$J,8,0),IF(D4="차량OE", VLOOKUP(D4&J4,[1]제품분류!$A:$J,8,0))))) | Q4: =+'실적 Raw Data'!BN4 | R4: =+'실적 Raw Data'!BO4 | S4: =+T4-Q4-R4 | T4: ='실적 Raw Data'!H4 | U4: ='실적 Raw Data'!I4 | V4: =+'실적 Raw Data'!R4 | W4: ='실적 Raw Data'!J4 | X4: ='실적 Raw Data'!F4 | Y4: =+'실적 Raw Data'!AV4 | Z4: =+'실적 Raw Data'!AW4 | AA4: =+'실적 Raw Data'!AX4 | AB4: =+'실적 Raw Data'!AY4 | AC4: =+'실적 Raw Data'!AZ4 | AD4: =+Y4+Z4+AA4+AB4+AC4 | AE4: =+'실적 Raw Data'!BA4 | AF4: =+'실적 Raw Data'!BB4 | AG4: =+'실적 Raw Data'!BC4 | AH4: =+AE4+AF4+AG4 | AI4: =+'실적 Raw Data'!BD4 | AJ4: =+'실적 Raw Data'!BE4 | AK4: =+'실적 Raw Data'!BF4 | AL4: =+'실적 Raw Data'!BG4 | AM4: =+AJ4+AK4+AL4 | AN4: =+AD4+AH4+AI4+AM4 | AO4: =+'실적 Raw Data'!BH4 | AP4: =+'실적 Raw Data'!BJ4 | AQ4: =+AO4+AP4 | AR4: =+'실적 Raw Data'!BK4 | AS4: =+AQ4+AR4 | AT4: =+'실적 Raw Data'!BI4 | AU4: =+'실적 Raw Data'!BL4 | AV4: =+'실적 Raw Data'!BM4 | AW4: =SUM(AT4:AV4) | AX4: =+AY4-(+AW4+AS4+AN4)+BX4 | AY4: =+'실적 Raw Data'!AT4 | AZ4: =+'실적 Raw Data'!X4+'실적 Raw Data'!Y4+'실적 Raw Data'!Z4 | BA4: =+'실적 Raw Data'!S4 | BB4: ='실적 Raw Data'!W4 | BC4: =+'실적 Raw Data'!G4 | BD4: =+'실적 Raw Data'!CS4 | BE4: =+'실적 Raw Data'!CT4 | BF4: =+'실적 Raw Data'!CW4 | BG4: =+'실적 Raw Data'!DE4 | BH4: =+'실적 Raw Data'!DH4 | BI4: =+'실적 Raw Data'!DJ4 | BJ4: =+'실적 Raw Data'!DL4 | BK4: =SUM(BD4:BJ4) | BL4: =+'실적 Raw Data'!BY4+'실적 Raw Data'!BZ4+'실적 Raw Data'!CA4+'실적 Raw Data'!CB4+'실적 Raw Data'!CC4+'실적 Raw Data'!CD4+'실적 Raw Data'!CE4+'실적 Raw Data'!CF4 | BM4: =+'실적 Raw Data'!CH4 | BN4: ='실적 Raw Data'!CR4 | BO4: =+'실적 Raw Data'!CU4 | BP4: =+BQ4-BL4-BM4-BN4-BO4 | BQ4: =+BR4-BK4 | BR4: =+'실적 Raw Data'!T4 | BS4: =BT4-BR4 | BT4: =+'실적 Raw Data'!BP4 | BU4: =+V4-BA4-BR4 | BV4: =+X4-BC4-BT4 | BW4: =IF(OR(LEFT(J5,1)="R", LEFT(J5,3)="QZZ"),0, '실적 Raw Data'!M4) | BX4: ='실적 Raw Data'!V4 | BY4: =IF(OR(N5="V전지:SET",N5="V전지:set/oe"),BW4*22.9,BW4)
A5: =RIGHT('실적 Raw Data'!C5,4)&"년" | B5: =TRIM(MID('실적 Raw Data'!C5,9,4)) | C5: =IF(LEFT('실적 Raw Data'!A5,5)*1=20313,"차량",IF(LEFT('실적 Raw Data'!A5,5)*1=20314,"차량",IF(LEFT('실적 Raw Data'!A5,5)*1=20342,"산전","산전"))) | D5: =IF(LEFT('실적 Raw Data'!A5,5)*1=20342,"모티브",IF(LEFT('실적 Raw Data'!A5,5)*1=20345,"고정형",IF(LEFT('실적 Raw Data'!A5,5)*1=20313,"차량대리점","차량OE"))) | E5: =VLOOKUP($D5&$H5,[1]지점코드!$A:$F,4,0) | F5: =VLOOKUP($D5&$H5,[1]지점코드!$A:$F,5,0) | G5: =VLOOKUP($D5&$H5,[1]지점코드!$A:$F,6,0) | H5: =LEFT('실적 Raw Data'!E5,7) | I5: =SUBSTITUTE((SUBSTITUTE('실적 Raw Data'!E5,H5,""))," ","") | J5: =TRIM(LEFT('실적 Raw Data'!B5,11)) | K5: =TRIM((SUBSTITUTE('실적 Raw Data'!B5,J5,""))) | L5: =IF(D5="모티브",VLOOKUP(C5&J5,[1]제품분류!$A:$J,4,0),IF(D5="고정형",VLOOKUP(C5&J5,[1]제품분류!$A:$J,4,0),IF(D5="차량대리점",VLOOKUP("차량대리점"&J5,[1]제품분류!$A:$J,4,0),IF(D5="차량OE",VLOOKUP("차량OE"&J5,[1]제품분류!$A:$J,4,0))))) | M5: =IF(D5="모티브",VLOOKUP("산전"&J5,[1]제품분류!$A:$J,5,0),IF(D5="고정형",VLOOKUP(C5&J5,[1]제품분류!$A:$J,5,0),IF(D5="차량대리점",VLOOKUP("차량대리점"&J5,[1]제품분류!$A:$J,5,0),IF(D5="차량OE", VLOOKUP(C5&J5,[1]제품분류!$A:$J,5,0))))) | N5: =IF(D5="모티브",VLOOKUP("산전"&J5,[1]제품분류!$A:$J,6,0),IF(D5="고정형",VLOOKUP("산전"&J5,[1]제품분류!$A:$J,6,0),IF(D5="차량대리점",VLOOKUP("차량대리점"&J5,[1]제품분류!$A:$J,6,0)))) | O5: =IF(D5="모티브",VLOOKUP("산전"&J5,[1]제품분류!$A:$J,7,0),IF(D5="고정형",VLOOKUP("산전"&J5,[1]제품분류!$A:$J,7,0),IF(D5="차량대리점",VLOOKUP("차량대리점"&J5,[1]제품분류!$A:$J,7,0),IF(D5="차량OE", VLOOKUP(D5&J5,[1]제품분류!$A:$J,7,0))))) | P5: =IF(D5="모티브",VLOOKUP("산전"&J5,[1]제품분류!$A:$J,8,0),IF(D5="고정형",VLOOKUP("산전"&J5,[1]제품분류!$A:$J,8,0),IF(D5="차량대리점",VLOOKUP("차량대리점"&J5,[1]제품분류!$A:$J,8,0),IF(D5="차량OE", VLOOKUP(D5&J5,[1]제품분류!$A:$J,8,0))))) | Q5: =+'실적 Raw Data'!BN5 | R5: =+'실적 Raw Data'!BO5 | S5: =+T5-Q5-R5 | T5: ='실적 Raw Data'!H5 | U5: ='실적 Raw Data'!I5 | V5: =+'실적 Raw Data'!R5 | W5: ='실적 Raw Data'!J5 | X5: ='실적 Raw Data'!F5 | Y5: =+'실적 Raw Data'!AV5 | Z5: =+'실적 Raw Data'!AW5 | AA5: =+'실적 Raw Data'!AX5 | AB5: =+'실적 Raw Data'!AY5 | AC5: =+'실적 Raw Data'!AZ5 | AD5: =+Y5+Z5+AA5+AB5+AC5 | AE5: =+'실적 Raw Data'!BA5 | AF5: =+'실적 Raw Data'!BB5 | AG5: =+'실적 Raw Data'!BC5 | AH5: =+AE5+AF5+AG5 | AI5: =+'실적 Raw Data'!BD5 | AJ5: =+'실적 Raw Data'!BE5 | AK5: =+'실적 Raw Data'!BF5 | AL5: =+'실적 Raw Data'!BG5 | AM5: =+AJ5+AK5+AL5 | AN5: =+AD5+AH5+AI5+AM5 | AO5: =+'실적 Raw Data'!BH5 | AP5: =+'실적 Raw Data'!BJ5 | AQ5: =+AO5+AP5 | AR5: =+'실적 Raw Data'!BK5 | AS5: =+AQ5+AR5 | AT5: =+'실적 Raw Data'!BI5 | AU5: =+'실적 Raw Data'!BL5 | AV5: =+'실적 Raw Data'!BM5 | AW5: =SUM(AT5:AV5) | AX5: =+AY5-(+AW5+AS5+AN5)+BX5 | AY5: =+'실적 Raw Data'!AT5 | AZ5: =+'실적 Raw Data'!X5+'실적 Raw Data'!Y5+'실적 Raw Data'!Z5 | BA5: =+'실적 Raw Data'!S5 | BB5: ='실적 Raw Data'!W5 | BC5: =+'실적 Raw Data'!G5 | BD5: =+'실적 Raw Data'!CS5 | BE5: =+'실적 Raw Data'!CT5 | BF5: =+'실적 Raw Data'!CW5 | BG5: =+'실적 Raw Data'!DE5 | BH5: =+'실적 Raw Data'!DH5 | BI5: =+'실적 Raw Data'!DJ5 | BJ5: =+'실적 Raw Data'!DL5 | BK5: =SUM(BD5:BJ5) | BL5: =+'실적 Raw Data'!BY5+'실적 Raw Data'!BZ5+'실적 Raw Data'!CA5+'실적 Raw Data'!CB5+'실적 Raw Data'!CC5+'실적 Raw Data'!CD5+'실적 Raw Data'!CE5+'실적 Raw Data'!CF5 | BM5: =+'실적 Raw Data'!CH5 | BN5: ='실적 Raw Data'!CR5 | BO5: =+'실적 Raw Data'!CU5 | BP5: =+BQ5-BL5-BM5-BN5-BO5 | BQ5: =+BR5-BK5 | BR5: =+'실적 Raw Data'!T5 | BS5: =BT5-BR5 | BT5: =+'실적 Raw Data'!BP5 | BU5: =+V5-BA5-BR5 | BV5: =+X5-BC5-BT5 | BW5: =IF(OR(LEFT(J6,1)="R", LEFT(J6,3)="QZZ"),0, '실적 Raw Data'!M5) | BX5: ='실적 Raw Data'!V5 | BY5: =IF(OR(N6="V전지:SET",N6="V전지:set/oe"),BW5*22.9,BW5)
A6: =RIGHT('실적 Raw Data'!C6,4)&"년" | B6: =TRIM(MID('실적 Raw Data'!C6,9,4)) | C6: =IF(LEFT('실적 Raw Data'!A6,5)*1=20313,"차량",IF(LEFT('실적 Raw Data'!A6,5)*1=20314,"차량",IF(LEFT('실적 Raw Data'!A6,5)*1=20342,"산전","산전"))) | D6: =IF(LEFT('실적 Raw Data'!A6,5)*1=20342,"모티브",IF(LEFT('실적 Raw Data'!A6,5)*1=20345,"고정형",IF(LEFT('실적 Raw Data'!A6,5)*1=20313,"차량대리점","차량OE"))) | E6: =VLOOKUP($D6&$H6,[1]지점코드!$A:$F,4,0) | F6: =VLOOKUP($D6&$H6,[1]지점코드!$A:$F,5,0) | G6: =VLOOKUP($D6&$H6,[1]지점코드!$A:$F,6,0) | H6: =LEFT('실적 Raw Data'!E6,7) | I6: =SUBSTITUTE((SUBSTITUTE('실적 Raw Data'!E6,H6,""))," ","") | J6: =TRIM(LEFT('실적 Raw Data'!B6,11)) | K6: =TRIM((SUBSTITUTE('실적 Raw Data'!B6,J6,""))) | L6: =IF(D6="모티브",VLOOKUP(C6&J6,[1]제품분류!$A:$J,4,0),IF(D6="고정형",VLOOKUP(C6&J6,[1]제품분류!$A:$J,4,0),IF(D6="차량대리점",VLOOKUP("차량대리점"&J6,[1]제품분류!$A:$J,4,0),IF(D6="차량OE",VLOOKUP("차량OE"&J6,[1]제품분류!$A:$J,4,0))))) | M6: =IF(D6="모티브",VLOOKUP("산전"&J6,[1]제품분류!$A:$J,5,0),IF(D6="고정형",VLOOKUP(C6&J6,[1]제품분류!$A:$J,5,0),IF(D6="차량대리점",VLOOKUP("차량대리점"&J6,[1]제품분류!$A:$J,5,0),IF(D6="차량OE", VLOOKUP(C6&J6,[1]제품분류!$A:$J,5,0))))) | N6: =IF(D6="모티브",VLOOKUP("산전"&J6,[1]제품분류!$A:$J,6,0),IF(D6="고정형",VLOOKUP("산전"&J6,[1]제품분류!$A:$J,6,0),IF(D6="차량대리점",VLOOKUP("차량대리점"&J6,[1]제품분류!$A:$J,6,0)))) | O6: =IF(D6="모티브",VLOOKUP("산전"&J6,[1]제품분류!$A:$J,7,0),IF(D6="고정형",VLOOKUP("산전"&J6,[1]제품분류!$A:$J,7,0),IF(D6="차량대리점",VLOOKUP("차량대리점"&J6,[1]제품분류!$A:$J,7,0),IF(D6="차량OE", VLOOKUP(D6&J6,[1]제품분류!$A:$J,7,0))))) | P6: =IF(D6="모티브",VLOOKUP("산전"&J6,[1]제품분류!$A:$J,8,0),IF(D6="고정형",VLOOKUP("산전"&J6,[1]제품분류!$A:$J,8,0),IF(D6="차량대리점",VLOOKUP("차량대리점"&J6,[1]제품분류!$A:$J,8,0),IF(D6="차량OE", VLOOKUP(D6&J6,[1]제품분류!$A:$J,8,0))))) | Q6: =+'실적 Raw Data'!BN6 | R6: =+'실적 Raw Data'!BO6 | S6: =+T6-Q6-R6 | T6: ='실적 Raw Data'!H6 | U6: ='실적 Raw Data'!I6 | V6: =+'실적 Raw Data'!R6 | W6: ='실적 Raw Data'!J6 | X6: ='실적 Raw Data'!F6 | Y6: =+'실적 Raw Data'!AV6 | Z6: =+'실적 Raw Data'!AW6 | AA6: =+'실적 Raw Data'!AX6 | AB6: =+'실적 Raw Data'!AY6 | AC6: =+'실적 Raw Data'!AZ6 | AD6: =+Y6+Z6+AA6+AB6+AC6 | AE6: =+'실적 Raw Data'!BA6 | AF6: =+'실적 Raw Data'!BB6 | AG6: =+'실적 Raw Data'!BC6 | AH6: =+AE6+AF6+AG6 | AI6: =+'실적 Raw Data'!BD6 | AJ6: =+'실적 Raw Data'!BE6 | AK6: =+'실적 Raw Data'!BF6 | AL6: =+'실적 Raw Data'!BG6 | AM6: =+AJ6+AK6+AL6 | AN6: =+AD6+AH6+AI6+AM6 | AO6: =+'실적 Raw Data'!BH6 | AP6: =+'실적 Raw Data'!BJ6 | AQ6: =+AO6+AP6 | AR6: =+'실적 Raw Data'!BK6 | AS6: =+AQ6+AR6 | AT6: =+'실적 Raw Data'!BI6 | AU6: =+'실적 Raw Data'!BL6 | AV6: =+'실적 Raw Data'!BM6 | AW6: =SUM(AT6:AV6) | AX6: =+AY6-(+AW6+AS6+AN6)+BX6 | AY6: =+'실적 Raw Data'!AT6 | AZ6: =+'실적 Raw Data'!X6+'실적 Raw Data'!Y6+'실적 Raw Data'!Z6 | BA6: =+'실적 Raw Data'!S6 | BB6: ='실적 Raw Data'!W6 | BC6: =+'실적 Raw Data'!G6 | BD6: =+'실적 Raw Data'!CS6 | BE6: =+'실적 Raw Data'!CT6 | BF6: =+'실적 Raw Data'!CW6 | BG6: =+'실적 Raw Data'!DE6 | BH6: =+'실적 Raw Data'!DH6 | BI6: =+'실적 Raw Data'!DJ6 | BJ6: =+'실적 Raw Data'!DL6 | BK6: =SUM(BD6:BJ6) | BL6: =+'실적 Raw Data'!BY6+'실적 Raw Data'!BZ6+'실적 Raw Data'!CA6+'실적 Raw Data'!CB6+'실적 Raw Data'!CC6+'실적 Raw Data'!CD6+'실적 Raw Data'!CE6+'실적 Raw Data'!CF6 | BM6: =+'실적 Raw Data'!CH6 | BN6: ='실적 Raw Data'!CR6 | BO6: =+'실적 Raw Data'!CU6 | BP6: =+BQ6-BL6-BM6-BN6-BO6 | BQ6: =+BR6-BK6 | BR6: =+'실적 Raw Data'!T6 | BS6: =BT6-BR6 | BT6: =+'실적 Raw Data'!BP6 | BU6: =+V6-BA6-BR6 | BV6: =+X6-BC6-BT6 | BW6: =IF(OR(LEFT(J7,1)="R", LEFT(J7,3)="QZZ"),0, '실적 Raw Data'!M6) | BX6: ='실적 Raw Data'!V6 | BY6: =IF(OR(N7="V전지:SET",N7="V전지:set/oe"),BW6*22.9,BW6)
A7: =RIGHT('실적 Raw Data'!C7,4)&"년" | B7: =TRIM(MID('실적 Raw Data'!C7,9,4)) | C7: =IF(LEFT('실적 Raw Data'!A7,5)*1=20313,"차량",IF(LEFT('실적 Raw Data'!A7,5)*1=20314,"차량",IF(LEFT('실적 Raw Data'!A7,5)*1=20342,"산전","산전"))) | D7: =IF(LEFT('실적 Raw Data'!A7,5)*1=20342,"모티브",IF(LEFT('실적 Raw Data'!A7,5)*1=20345,"고정형",IF(LEFT('실적 Raw Data'!A7,5)*1=20313,"차량대리점","차량OE"))) | E7: =VLOOKUP($D7&$H7,[1]지점코드!$A:$F,4,0) | F7: =VLOOKUP($D7&$H7,[1]지점코드!$A:$F,5,0) | G7: =VLOOKUP($D7&$H7,[1]지점코드!$A:$F,6,0) | H7: =LEFT('실적 Raw Data'!E7,7) | I7: =SUBSTITUTE((SUBSTITUTE('실적 Raw Data'!E7,H7,""))," ","") | J7: =TRIM(LEFT('실적 Raw Data'!B7,11)) | K7: =TRIM((SUBSTITUTE('실적 Raw Data'!B7,J7,""))) | L7: =IF(D7="모티브",VLOOKUP(C7&J7,[1]제품분류!$A:$J,4,0),IF(D7="고정형",VLOOKUP(C7&J7,[1]제품분류!$A:$J,4,0),IF(D7="차량대리점",VLOOKUP("차량대리점"&J7,[1]제품분류!$A:$J,4,0),IF(D7="차량OE",VLOOKUP("차량OE"&J7,[1]제품분류!$A:$J,4,0))))) | M7: =IF(D7="모티브",VLOOKUP("산전"&J7,[1]제품분류!$A:$J,5,0),IF(D7="고정형",VLOOKUP(C7&J7,[1]제품분류!$A:$J,5,0),IF(D7="차량대리점",VLOOKUP("차량대리점"&J7,[1]제품분류!$A:$J,5,0),IF(D7="차량OE", VLOOKUP(C7&J7,[1]제품분류!$A:$J,5,0))))) | N7: =IF(D7="모티브",VLOOKUP("산전"&J7,[1]제품분류!$A:$J,6,0),IF(D7="고정형",VLOOKUP("산전"&J7,[1]제품분류!$A:$J,6,0),IF(D7="차량대리점",VLOOKUP("차량대리점"&J7,[1]제품분류!$A:$J,6,0)))) | O7: =IF(D7="모티브",VLOOKUP("산전"&J7,[1]제품분류!$A:$J,7,0),IF(D7="고정형",VLOOKUP("산전"&J7,[1]제품분류!$A:$J,7,0),IF(D7="차량대리점",VLOOKUP("차량대리점"&J7,[1]제품분류!$A:$J,7,0),IF(D7="차량OE", VLOOKUP(D7&J7,[1]제품분류!$A:$J,7,0))))) | P7: =IF(D7="모티브",VLOOKUP("산전"&J7,[1]제품분류!$A:$J,8,0),IF(D7="고정형",VLOOKUP("산전"&J7,[1]제품분류!$A:$J,8,0),IF(D7="차량대리점",VLOOKUP("차량대리점"&J7,[1]제품분류!$A:$J,8,0),IF(D7="차량OE", VLOOKUP(D7&J7,[1]제품분류!$A:$J,8,0))))) | Q7: =+'실적 Raw Data'!BN7 | R7: =+'실적 Raw Data'!BO7 | S7: =+T7-Q7-R7 | T7: ='실적 Raw Data'!H7 | U7: ='실적 Raw Data'!I7 | V7: =+'실적 Raw Data'!R7 | W7: ='실적 Raw Data'!J7 | X7: ='실적 Raw Data'!F7 | Y7: =+'실적 Raw Data'!AV7 | Z7: =+'실적 Raw Data'!AW7 | AA7: =+'실적 Raw Data'!AX7 | AB7: =+'실적 Raw Data'!AY7 | AC7: =+'실적 Raw Data'!AZ7 | AD7: =+Y7+Z7+AA7+AB7+AC7 | AE7: =+'실적 Raw Data'!BA7 | AF7: =+'실적 Raw Data'!BB7 | AG7: =+'실적 Raw Data'!BC7 | AH7: =+AE7+AF7+AG7 | AI7: =+'실적 Raw Data'!BD7 | AJ7: =+'실적 Raw Data'!BE7 | AK7: =+'실적 Raw Data'!BF7 | AL7: =+'실적 Raw Data'!BG7 | AM7: =+AJ7+AK7+AL7 | AN7: =+AD7+AH7+AI7+AM7 | AO7: =+'실적 Raw Data'!BH7 | AP7: =+'실적 Raw Data'!BJ7 | AQ7: =+AO7+AP7 | AR7: =+'실적 Raw Data'!BK7 | AS7: =+AQ7+AR7 | AT7: =+'실적 Raw Data'!BI7 | AU7: =+'실적 Raw Data'!BL7 | AV7: =+'실적 Raw Data'!BM7 | AW7: =SUM(AT7:AV7) | AX7: =+AY7-(+AW7+AS7+AN7)+BX7 | AY7: =+'실적 Raw Data'!AT7 | AZ7: =+'실적 Raw Data'!X7+'실적 Raw Data'!Y7+'실적 Raw Data'!Z7 | BA7: =+'실적 Raw Data'!S7 | BB7: ='실적 Raw Data'!W7 | BC7: =+'실적 Raw Data'!G7 | BD7: =+'실적 Raw Data'!CS7 | BE7: =+'실적 Raw Data'!CT7 | BF7: =+'실적 Raw Data'!CW7 | BG7: =+'실적 Raw Data'!DE7 | BH7: =+'실적 Raw Data'!DH7 | BI7: =+'실적 Raw Data'!DJ7 | BJ7: =+'실적 Raw Data'!DL7 | BK7: =SUM(BD7:BJ7) | BL7: =+'실적 Raw Data'!BY7+'실적 Raw Data'!BZ7+'실적 Raw Data'!CA7+'실적 Raw Data'!CB7+'실적 Raw Data'!CC7+'실적 Raw Data'!CD7+'실적 Raw Data'!CE7+'실적 Raw Data'!CF7 | BM7: =+'실적 Raw Data'!CH7 | BN7: ='실적 Raw Data'!CR7 | BO7: =+'실적 Raw Data'!CU7 | BP7: =+BQ7-BL7-BM7-BN7-BO7 | BQ7: =+BR7-BK7 | BR7: =+'실적 Raw Data'!T7 | BS7: =BT7-BR7 | BT7: =+'실적 Raw Data'!BP7 | BU7: =+V7-BA7-BR7 | BV7: =+X7-BC7-BT7 | BW7: =IF(OR(LEFT(J8,1)="R", LEFT(J8,3)="QZZ"),0, '실적 Raw Data'!M7) | BX7: ='실적 Raw Data'!V7 | BY7: =IF(OR(N8="V전지:SET",N8="V전지:set/oe"),BW7*22.9,BW7)
A8: =RIGHT('실적 Raw Data'!C8,4)&"년" | B8: =TRIM(MID('실적 Raw Data'!C8,9,4)) | C8: =IF(LEFT('실적 Raw Data'!A8,5)*1=20313,"차량",IF(LEFT('실적 Raw Data'!A8,5)*1=20314,"차량",IF(LEFT('실적 Raw Data'!A8,5)*1=20342,"산전","산전"))) | D8: =IF(LEFT('실적 Raw Data'!A8,5)*1=20342,"모티브",IF(LEFT('실적 Raw Data'!A8,5)*1=20345,"고정형",IF(LEFT('실적 Raw Data'!A8,5)*1=20313,"차량대리점","차량OE"))) | E8: =VLOOKUP($D8&$H8,[1]지점코드!$A:$F,4,0) | F8: =VLOOKUP($D8&$H8,[1]지점코드!$A:$F,5,0) | G8: =VLOOKUP($D8&$H8,[1]지점코드!$A:$F,6,0) | H8: =LEFT('실적 Raw Data'!E8,7) | I8: =SUBSTITUTE((SUBSTITUTE('실적 Raw Data'!E8,H8,""))," ","") | J8: =TRIM(LEFT('실적 Raw Data'!B8,11)) | K8: =TRIM((SUBSTITUTE('실적 Raw Data'!B8,J8,""))) | L8: =IF(D8="모티브",VLOOKUP(C8&J8,[1]제품분류!$A:$J,4,0),IF(D8="고정형",VLOOKUP(C8&J8,[1]제품분류!$A:$J,4,0),IF(D8="차량대리점",VLOOKUP("차량대리점"&J8,[1]제품분류!$A:$J,4,0),IF(D8="차량OE",VLOOKUP("차량OE"&J8,[1]제품분류!$A:$J,4,0))))) | M8: =IF(D8="모티브",VLOOKUP("산전"&J8,[1]제품분류!$A:$J,5,0),IF(D8="고정형",VLOOKUP(C8&J8,[1]제품분류!$A:$J,5,0),IF(D8="차량대리점",VLOOKUP("차량대리점"&J8,[1]제품분류!$A:$J,5,0),IF(D8="차량OE", VLOOKUP(C8&J8,[1]제품분류!$A:$J,5,0))))) | N8: =IF(D8="모티브",VLOOKUP("산전"&J8,[1]제품분류!$A:$J,6,0),IF(D8="고정형",VLOOKUP("산전"&J8,[1]제품분류!$A:$J,6,0),IF(D8="차량대리점",VLOOKUP("차량대리점"&J8,[1]제품분류!$A:$J,6,0)))) | O8: =IF(D8="모티브",VLOOKUP("산전"&J8,[1]제품분류!$A:$J,7,0),IF(D8="고정형",VLOOKUP("산전"&J8,[1]제품분류!$A:$J,7,0),IF(D8="차량대리점",VLOOKUP("차량대리점"&J8,[1]제품분류!$A:$J,7,0),IF(D8="차량OE", VLOOKUP(D8&J8,[1]제품분류!$A:$J,7,0))))) | P8: =IF(D8="모티브",VLOOKUP("산전"&J8,[1]제품분류!$A:$J,8,0),IF(D8="고정형",VLOOKUP("산전"&J8,[1]제품분류!$A:$J,8,0),IF(D8="차량대리점",VLOOKUP("차량대리점"&J8,[1]제품분류!$A:$J,8,0),IF(D8="차량OE", VLOOKUP(D8&J8,[1]제품분류!$A:$J,8,0))))) | Q8: =+'실적 Raw Data'!BN8 | R8: =+'실적 Raw Data'!BO8 | S8: =+T8-Q8-R8 | T8: ='실적 Raw Data'!H8 | U8: ='실적 Raw Data'!I8 | V8: =+'실적 Raw Data'!R8 | W8: ='실적 Raw Data'!J8 | X8: ='실적 Raw Data'!F8 | Y8: =+'실적 Raw Data'!AV8 | Z8: =+'실적 Raw Data'!AW8 | AA8: =+'실적 Raw Data'!AX8 | AB8: =+'실적 Raw Data'!AY8 | AC8: =+'실적 Raw Data'!AZ8 | AD8: =+Y8+Z8+AA8+AB8+AC8 | AE8: =+'실적 Raw Data'!BA8 | AF8: =+'실적 Raw Data'!BB8 | AG8: =+'실적 Raw Data'!BC8 | AH8: =+AE8+AF8+AG8 | AI8: =+'실적 Raw Data'!BD8 | AJ8: =+'실적 Raw Data'!BE8 | AK8: =+'실적 Raw Data'!BF8 | AL8: =+'실적 Raw Data'!BG8 | AM8: =+AJ8+AK8+AL8 | AN8: =+AD8+AH8+AI8+AM8 | AO8: =+'실적 Raw Data'!BH8 | AP8: =+'실적 Raw Data'!BJ8 | AQ8: =+AO8+AP8 | AR8: =+'실적 Raw Data'!BK8 | AS8: =+AQ8+AR8 | AT8: =+'실적 Raw Data'!BI8 | AU8: =+'실적 Raw Data'!BL8 | AV8: =+'실적 Raw Data'!BM8 | AW8: =SUM(AT8:AV8) | AX8: =+AY8-(+AW8+AS8+AN8)+BX8 | AY8: =+'실적 Raw Data'!AT8 | AZ8: =+'실적 Raw Data'!X8+'실적 Raw Data'!Y8+'실적 Raw Data'!Z8 | BA8: =+'실적 Raw Data'!S8 | BB8: ='실적 Raw Data'!W8 | BC8: =+'실적 Raw Data'!G8 | BD8: =+'실적 Raw Data'!CS8 | BE8: =+'실적 Raw Data'!CT8 | BF8: =+'실적 Raw Data'!CW8 | BG8: =+'실적 Raw Data'!DE8 | BH8: =+'실적 Raw Data'!DH8 | BI8: =+'실적 Raw Data'!DJ8 | BJ8: =+'실적 Raw Data'!DL8 | BK8: =SUM(BD8:BJ8) | BL8: =+'실적 Raw Data'!BY8+'실적 Raw Data'!BZ8+'실적 Raw Data'!CA8+'실적 Raw Data'!CB8+'실적 Raw Data'!CC8+'실적 Raw Data'!CD8+'실적 Raw Data'!CE8+'실적 Raw Data'!CF8 | BM8: =+'실적 Raw Data'!CH8 | BN8: ='실적 Raw Data'!CR8 | BO8: =+'실적 Raw Data'!CU8 | BP8: =+BQ8-BL8-BM8-BN8-BO8 | BQ8: =+BR8-BK8 | BR8: =+'실적 Raw Data'!T8 | BS8: =BT8-BR8 | BT8: =+'실적 Raw Data'!BP8 | BU8: =+V8-BA8-BR8 | BV8: =+X8-BC8-BT8 | BW8: =IF(OR(LEFT(J9,1)="R", LEFT(J9,3)="QZZ"),0, '실적 Raw Data'!M8) | BX8: ='실적 Raw Data'!V8 | BY8: =IF(OR(N9="V전지:SET",N9="V전지:set/oe"),BW8*22.9,BW8)
A9: =RIGHT('실적 Raw Data'!C9,4)&"년" | B9: =TRIM(MID('실적 Raw Data'!C9,9,4)) | C9: =IF(LEFT('실적 Raw Data'!A9,5)*1=20313,"차량",IF(LEFT('실적 Raw Data'!A9,5)*1=20314,"차량",IF(LEFT('실적 Raw Data'!A9,5)*1=20342,"산전","산전"))) | D9: =IF(LEFT('실적 Raw Data'!A9,5)*1=20342,"모티브",IF(LEFT('실적 Raw Data'!A9,5)*1=20345,"고정형",IF(LEFT('실적 Raw Data'!A9,5)*1=20313,"차량대리점","차량OE"))) | E9: =VLOOKUP($D9&$H9,[1]지점코드!$A:$F,4,0) | F9: =VLOOKUP($D9&$H9,[1]지점코드!$A:$F,5,0) | G9: =VLOOKUP($D9&$H9,[1]지점코드!$A:$F,6,0) | H9: =LEFT('실적 Raw Data'!E9,7) | I9: =SUBSTITUTE((SUBSTITUTE('실적 Raw Data'!E9,H9,""))," ","") | J9: =TRIM(LEFT('실적 Raw Data'!B9,11)) | K9: =TRIM((SUBSTITUTE('실적 Raw Data'!B9,J9,""))) | L9: =IF(D9="모티브",VLOOKUP(C9&J9,[1]제품분류!$A:$J,4,0),IF(D9="고정형",VLOOKUP(C9&J9,[1]제품분류!$A:$J,4,0),IF(D9="차량대리점",VLOOKUP("차량대리점"&J9,[1]제품분류!$A:$J,4,0),IF(D9="차량OE",VLOOKUP("차량OE"&J9,[1]제품분류!$A:$J,4,0))))) | M9: =IF(D9="모티브",VLOOKUP("산전"&J9,[1]제품분류!$A:$J,5,0),IF(D9="고정형",VLOOKUP(C9&J9,[1]제품분류!$A:$J,5,0),IF(D9="차량대리점",VLOOKUP("차량대리점"&J9,[1]제품분류!$A:$J,5,0),IF(D9="차량OE", VLOOKUP(C9&J9,[1]제품분류!$A:$J,5,0))))) | N9: =IF(D9="모티브",VLOOKUP("산전"&J9,[1]제품분류!$A:$J,6,0),IF(D9="고정형",VLOOKUP("산전"&J9,[1]제품분류!$A:$J,6,0),IF(D9="차량대리점",VLOOKUP("차량대리점"&J9,[1]제품분류!$A:$J,6,0)))) | O9: =IF(D9="모티브",VLOOKUP("산전"&J9,[1]제품분류!$A:$J,7,0),IF(D9="고정형",VLOOKUP("산전"&J9,[1]제품분류!$A:$J,7,0),IF(D9="차량대리점",VLOOKUP("차량대리점"&J9,[1]제품분류!$A:$J,7,0),IF(D9="차량OE", VLOOKUP(D9&J9,[1]제품분류!$A:$J,7,0))))) | P9: =IF(D9="모티브",VLOOKUP("산전"&J9,[1]제품분류!$A:$J,8,0),IF(D9="고정형",VLOOKUP("산전"&J9,[1]제품분류!$A:$J,8,0),IF(D9="차량대리점",VLOOKUP("차량대리점"&J9,[1]제품분류!$A:$J,8,0),IF(D9="차량OE", VLOOKUP(D9&J9,[1]제품분류!$A:$J,8,0))))) | Q9: =+'실적 Raw Data'!BN9 | R9: =+'실적 Raw Data'!BO9 | S9: =+T9-Q9-R9 | T9: ='실적 Raw Data'!H9 | U9: ='실적 Raw Data'!I9 | V9: =+'실적 Raw Data'!R9 | W9: ='실적 Raw Data'!J9 | X9: ='실적 Raw Data'!F9 | Y9: =+'실적 Raw Data'!AV9 | Z9: =+'실적 Raw Data'!AW9 | AA9: =+'실적 Raw Data'!AX9 | AB9: =+'실적 Raw Data'!AY9 | AC9: =+'실적 Raw Data'!AZ9 | AD9: =+Y9+Z9+AA9+AB9+AC9 | AE9: =+'실적 Raw Data'!BA9 | AF9: =+'실적 Raw Data'!BB9 | AG9: =+'실적 Raw Data'!BC9 | AH9: =+AE9+AF9+AG9 | AI9: =+'실적 Raw Data'!BD9 | AJ9: =+'실적 Raw Data'!BE9 | AK9: =+'실적 Raw Data'!BF9 | AL9: =+'실적 Raw Data'!BG9 | AM9: =+AJ9+AK9+AL9 | AN9: =+AD9+AH9+AI9+AM9 | AO9: =+'실적 Raw Data'!BH9 | AP9: =+'실적 Raw Data'!BJ9 | AQ9: =+AO9+AP9 | AR9: =+'실적 Raw Data'!BK9 | AS9: =+AQ9+AR9 | AT9: =+'실적 Raw Data'!BI9 | AU9: =+'실적 Raw Data'!BL9 | AV9: =+'실적 Raw Data'!BM9 | AW9: =SUM(AT9:AV9) | AX9: =+AY9-(+AW9+AS9+AN9)+BX9 | AY9: =+'실적 Raw Data'!AT9 | AZ9: =+'실적 Raw Data'!X9+'실적 Raw Data'!Y9+'실적 Raw Data'!Z9 | BA9: =+'실적 Raw Data'!S9 | BB9: ='실적 Raw Data'!W9 | BC9: =+'실적 Raw Data'!G9 | BD9: =+'실적 Raw Data'!CS9 | BE9: =+'실적 Raw Data'!CT9 | BF9: =+'실적 Raw Data'!CW9 | BG9: =+'실적 Raw Data'!DE9 | BH9: =+'실적 Raw Data'!DH9 | BI9: =+'실적 Raw Data'!DJ9 | BJ9: =+'실적 Raw Data'!DL9 | BK9: =SUM(BD9:BJ9) | BL9: =+'실적 Raw Data'!BY9+'실적 Raw Data'!BZ9+'실적 Raw Data'!CA9+'실적 Raw Data'!CB9+'실적 Raw Data'!CC9+'실적 Raw Data'!CD9+'실적 Raw Data'!CE9+'실적 Raw Data'!CF9 | BM9: =+'실적 Raw Data'!CH9 | BN9: ='실적 Raw Data'!CR9 | BO9: =+'실적 Raw Data'!CU9 | BP9: =+BQ9-BL9-BM9-BN9-BO9 | BQ9: =+BR9-BK9 | BR9: =+'실적 Raw Data'!T9 | BS9: =BT9-BR9 | BT9: =+'실적 Raw Data'!BP9 | BU9: =+V9-BA9-BR9 | BV9: =+X9-BC9-BT9 | BW9: =IF(OR(LEFT(J10,1)="R", LEFT(J10,3)="QZZ"),0, '실적 Raw Data'!M9) | BX9: ='실적 Raw Data'!V9 | BY9: =IF(OR(N10="V전지:SET",N10="V전지:set/oe"),BW9*22.9,BW9)
A10: =RIGHT('실적 Raw Data'!C10,4)&"년" | B10: =TRIM(MID('실적 Raw Data'!C10,9,4)) | C10: =IF(LEFT('실적 Raw Data'!A10,5)*1=20313,"차량",IF(LEFT('실적 Raw Data'!A10,5)*1=20314,"차량",IF(LEFT('실적 Raw Data'!A10,5)*1=20342,"산전","산전"))) | D10: =IF(LEFT('실적 Raw Data'!A10,5)*1=20342,"모티브",IF(LEFT('실적 Raw Data'!A10,5)*1=20345,"고정형",IF(LEFT('실적 Raw Data'!A10,5)*1=20313,"차량대리점","차량OE"))) | E10: =VLOOKUP($D10&$H10,[1]지점코드!$A:$F,4,0) | F10: =VLOOKUP($D10&$H10,[1]지점코드!$A:$F,5,0) | G10: =VLOOKUP($D10&$H10,[1]지점코드!$A:$F,6,0) | H10: =LEFT('실적 Raw Data'!E10,7) | I10: =SUBSTITUTE((SUBSTITUTE('실적 Raw Data'!E10,H10,""))," ","") | J10: =TRIM(LEFT('실적 Raw Data'!B10,11)) | K10: =TRIM((SUBSTITUTE('실적 Raw Data'!B10,J10,""))) | L10: =IF(D10="모티브",VLOOKUP(C10&J10,[1]제품분류!$A:$J,4,0),IF(D10="고정형",VLOOKUP(C10&J10,[1]제품분류!$A:$J,4,0),IF(D10="차량대리점",VLOOKUP("차량대리점"&J10,[1]제품분류!$A:$J,4,0),IF(D10="차량OE",VLOOKUP("차량OE"&J10,[1]제품분류!$A:$J,4,0))))) | M10: =IF(D10="모티브",VLOOKUP("산전"&J10,[1]제품분류!$A:$J,5,0),IF(D10="고정형",VLOOKUP(C10&J10,[1]제품분류!$A:$J,5,0),IF(D10="차량대리점",VLOOKUP("차량대리점"&J10,[1]제품분류!$A:$J,5,0),IF(D10="차량OE", VLOOKUP(C10&J10,[1]제품분류!$A:$J,5,0))))) | N10: =IF(D10="모티브",VLOOKUP("산전"&J10,[1]제품분류!$A:$J,6,0),IF(D10="고정형",VLOOKUP("산전"&J10,[1]제품분류!$A:$J,6,0),IF(D10="차량대리점",VLOOKUP("차량대리점"&J10,[1]제품분류!$A:$J,6,0)))) | O10: =IF(D10="모티브",VLOOKUP("산전"&J10,[1]제품분류!$A:$J,7,0),IF(D10="고정형",VLOOKUP("산전"&J10,[1]제품분류!$A:$J,7,0),IF(D10="차량대리점",VLOOKUP("차량대리점"&J10,[1]제품분류!$A:$J,7,0),IF(D10="차량OE", VLOOKUP(D10&J10,[1]제품분류!$A:$J,7,0))))) | P10: =IF(D10="모티브",VLOOKUP("산전"&J10,[1]제품분류!$A:$J,8,0),IF(D10="고정형",VLOOKUP("산전"&J10,[1]제품분류!$A:$J,8,0),IF(D10="차량대리점",VLOOKUP("차량대리점"&J10,[1]제품분류!$A:$J,8,0),IF(D10="차량OE", VLOOKUP(D10&J10,[1]제품분류!$A:$J,8,0))))) | Q10: =+'실적 Raw Data'!BN10 | R10: =+'실적 Raw Data'!BO10 | S10: =+T10-Q10-R10 | T10: ='실적 Raw Data'!H10 | U10: ='실적 Raw Data'!I10 | V10: =+'실적 Raw Data'!R10 | W10: ='실적 Raw Data'!J10 | X10: ='실적 Raw Data'!F10 | Y10: =+'실적 Raw Data'!AV10 | Z10: =+'실적 Raw Data'!AW10 | AA10: =+'실적 Raw Data'!AX10 | AB10: =+'실적 Raw Data'!AY10 | AC10: =+'실적 Raw Data'!AZ10 | AD10: =+Y10+Z10+AA10+AB10+AC10 | AE10: =+'실적 Raw Data'!BA10 | AF10: =+'실적 Raw Data'!BB10 | AG10: =+'실적 Raw Data'!BC10 | AH10: =+AE10+AF10+AG10 | AI10: =+'실적 Raw Data'!BD10 | AJ10: =+'실적 Raw Data'!BE10 | AK10: =+'실적 Raw Data'!BF10 | AL10: =+'실적 Raw Data'!BG10 | AM10: =+AJ10+AK10+AL10 | AN10: =+AD10+AH10+AI10+AM10 | AO10: =+'실적 Raw Data'!BH10 | AP10: =+'실적 Raw Data'!BJ10 | AQ10: =+AO10+AP10 | AR10: =+'실적 Raw Data'!BK10 | AS10: =+AQ10+AR10 | AT10: =+'실적 Raw Data'!BI10 | AU10: =+'실적 Raw Data'!BL10 | AV10: =+'실적 Raw Data'!BM10 | AW10: =SUM(AT10:AV10) | AX10: =+AY10-(+AW10+AS10+AN10)+BX10 | AY10: =+'실적 Raw Data'!AT10 | AZ10: =+'실적 Raw Data'!X10+'실적 Raw Data'!Y10+'실적 Raw Data'!Z10 | BA10: =+'실적 Raw Data'!S10 | BB10: ='실적 Raw Data'!W10 | BC10: =+'실적 Raw Data'!G10 | BD10: =+'실적 Raw Data'!CS10 | BE10: =+'실적 Raw Data'!CT10 | BF10: =+'실적 Raw Data'!CW10 | BG10: =+'실적 Raw Data'!DE10 | BH10: =+'실적 Raw Data'!DH10 | BI10: =+'실적 Raw Data'!DJ10 | BJ10: =+'실적 Raw Data'!DL10 | BK10: =SUM(BD10:BJ10) | BL10: =+'실적 Raw Data'!BY10+'실적 Raw Data'!BZ10+'실적 Raw Data'!CA10+'실적 Raw Data'!CB10+'실적 Raw Data'!CC10+'실적 Raw Data'!CD10+'실적 Raw Data'!CE10+'실적 Raw Data'!CF10 | BM10: =+'실적 Raw Data'!CH10 | BN10: ='실적 Raw Data'!CR10 | BO10: =+'실적 Raw Data'!CU10 | BP10: =+BQ10-BL10-BM10-BN10-BO10 | BQ10: =+BR10-BK10 | BR10: =+'실적 Raw Data'!T10 | BS10: =BT10-BR10 | BT10: =+'실적 Raw Data'!BP10 | BU10: =+V10-BA10-BR10 | BV10: =+X10-BC10-BT10 | BW10: =IF(OR(LEFT(J11,1)="R", LEFT(J11,3)="QZZ"),0, '실적 Raw Data'!M10) | BX10: ='실적 Raw Data'!V10 | BY10: =IF(OR(N11="V전지:SET",N11="V전지:set/oe"),BW10*22.9,BW10)
A11: =RIGHT('실적 Raw Data'!C11,4)&"년" | B11: =TRIM(MID('실적 Raw Data'!C11,9,4)) | C11: =IF(LEFT('실적 Raw Data'!A11,5)*1=20313,"차량",IF(LEFT('실적 Raw Data'!A11,5)*1=20314,"차량",IF(LEFT('실적 Raw Data'!A11,5)*1=20342,"산전","산전"))) | D11: =IF(LEFT('실적 Raw Data'!A11,5)*1=20342,"모티브",IF(LEFT('실적 Raw Data'!A11,5)*1=20345,"고정형",IF(LEFT('실적 Raw Data'!A11,5)*1=20313,"차량대리점","차량OE"))) | E11: =VLOOKUP($D11&$H11,[1]지점코드!$A:$F,4,0) | F11: =VLOOKUP($D11&$H11,[1]지점코드!$A:$F,5,0) | G11: =VLOOKUP($D11&$H11,[1]지점코드!$A:$F,6,0) | H11: =LEFT('실적 Raw Data'!E11,7) | I11: =SUBSTITUTE((SUBSTITUTE('실적 Raw Data'!E11,H11,""))," ","") | J11: =TRIM(LEFT('실적 Raw Data'!B11,11)) | K11: =TRIM((SUBSTITUTE('실적 Raw Data'!B11,J11,""))) | L11: =IF(D11="모티브",VLOOKUP(C11&J11,[1]제품분류!$A:$J,4,0),IF(D11="고정형",VLOOKUP(C11&J11,[1]제품분류!$A:$J,4,0),IF(D11="차량대리점",VLOOKUP("차량대리점"&J11,[1]제품분류!$A:$J,4,0),IF(D11="차량OE",VLOOKUP("차량OE"&J11,[1]제품분류!$A:$J,4,0))))) | M11: =IF(D11="모티브",VLOOKUP("산전"&J11,[1]제품분류!$A:$J,5,0),IF(D11="고정형",VLOOKUP(C11&J11,[1]제품분류!$A:$J,5,0),IF(D11="차량대리점",VLOOKUP("차량대리점"&J11,[1]제품분류!$A:$J,5,0),IF(D11="차량OE", VLOOKUP(C11&J11,[1]제품분류!$A:$J,5,0))))) | N11: =IF(D11="모티브",VLOOKUP("산전"&J11,[1]제품분류!$A:$J,6,0),IF(D11="고정형",VLOOKUP("산전"&J11,[1]제품분류!$A:$J,6,0),IF(D11="차량대리점",VLOOKUP("차량대리점"&J11,[1]제품분류!$A:$J,6,0)))) | O11: =IF(D11="모티브",VLOOKUP("산전"&J11,[1]제품분류!$A:$J,7,0),IF(D11="고정형",VLOOKUP("산전"&J11,[1]제품분류!$A:$J,7,0),IF(D11="차량대리점",VLOOKUP("차량대리점"&J11,[1]제품분류!$A:$J,7,0),IF(D11="차량OE", VLOOKUP(D11&J11,[1]제품분류!$A:$J,7,0))))) | P11: =IF(D11="모티브",VLOOKUP("산전"&J11,[1]제품분류!$A:$J,8,0),IF(D11="고정형",VLOOKUP("산전"&J11,[1]제품분류!$A:$J,8,0),IF(D11="차량대리점",VLOOKUP("차량대리점"&J11,[1]제품분류!$A:$J,8,0),IF(D11="차량OE", VLOOKUP(D11&J11,[1]제품분류!$A:$J,8,0))))) | Q11: =+'실적 Raw Data'!BN11 | R11: =+'실적 Raw Data'!BO11 | S11: =+T11-Q11-R11 | T11: ='실적 Raw Data'!H11 | U11: ='실적 Raw Data'!I11 | V11: =+'실적 Raw Data'!R11 | W11: ='실적 Raw Data'!J11 | X11: ='실적 Raw Data'!F11 | Y11: =+'실적 Raw Data'!AV11 | Z11: =+'실적 Raw Data'!AW11 | AA11: =+'실적 Raw Data'!AX11 | AB11: =+'실적 Raw Data'!AY11 | AC11: =+'실적 Raw Data'!AZ11 | AD11: =+Y11+Z11+AA11+AB11+AC11 | AE11: =+'실적 Raw Data'!BA11 | AF11: =+'실적 Raw Data'!BB11 | AG11: =+'실적 Raw Data'!BC11 | AH11: =+AE11+AF11+AG11 | AI11: =+'실적 Raw Data'!BD11 | AJ11: =+'실적 Raw Data'!BE11 | AK11: =+'실적 Raw Data'!BF11 | AL11: =+'실적 Raw Data'!BG11 | AM11: =+AJ11+AK11+AL11 | AN11: =+AD11+AH11+AI11+AM11 | AO11: =+'실적 Raw Data'!BH11 | AP11: =+'실적 Raw Data'!BJ11 | AQ11: =+AO11+AP11 | AR11: =+'실적 Raw Data'!BK11 | AS11: =+AQ11+AR11 | AT11: =+'실적 Raw Data'!BI11 | AU11: =+'실적 Raw Data'!BL11 | AV11: =+'실적 Raw Data'!BM11 | AW11: =SUM(AT11:AV11) | AX11: =+AY11-(+AW11+AS11+AN11)+BX11 | AY11: =+'실적 Raw Data'!AT11 | AZ11: =+'실적 Raw Data'!X11+'실적 Raw Data'!Y11+'실적 Raw Data'!Z11 | BA11: =+'실적 Raw Data'!S11 | BB11: ='실적 Raw Data'!W11 | BC11: =+'실적 Raw Data'!G11 | BD11: =+'실적 Raw Data'!CS11 | BE11: =+'실적 Raw Data'!CT11 | BF11: =+'실적 Raw Data'!CW11 | BG11: =+'실적 Raw Data'!DE11 | BH11: =+'실적 Raw Data'!DH11 | BI11: =+'실적 Raw Data'!DJ11 | BJ11: =+'실적 Raw Data'!DL11 | BK11: =SUM(BD11:BJ11) | BL11: =+'실적 Raw Data'!BY11+'실적 Raw Data'!BZ11+'실적 Raw Data'!CA11+'실적 Raw Data'!CB11+'실적 Raw Data'!CC11+'실적 Raw Data'!CD11+'실적 Raw Data'!CE11+'실적 Raw Data'!CF11 | BM11: =+'실적 Raw Data'!CH11 | BN11: ='실적 Raw Data'!CR11 | BO11: =+'실적 Raw Data'!CU11 | BP11: =+BQ11-BL11-BM11-BN11-BO11 | BQ11: =+BR11-BK11 | BR11: =+'실적 Raw Data'!T11 | BS11: =BT11-BR11 | BT11: =+'실적 Raw Data'!BP11 | BU11: =+V11-BA11-BR11 | BV11: =+X11-BC11-BT11 | BW11: =IF(OR(LEFT(J12,1)="R", LEFT(J12,3)="QZZ"),0, '실적 Raw Data'!M11) | BX11: ='실적 Raw Data'!V11 | BY11: =IF(OR(N12="V전지:SET",N12="V전지:set/oe"),BW11*22.9,BW11)
A12: =RIGHT('실적 Raw Data'!C12,4)&"년" | B12: =TRIM(MID('실적 Raw Data'!C12,9,4)) | C12: =IF(LEFT('실적 Raw Data'!A12,5)*1=20313,"차량",IF(LEFT('실적 Raw Data'!A12,5)*1=20314,"차량",IF(LEFT('실적 Raw Data'!A12,5)*1=20342,"산전","산전"))) | D12: =IF(LEFT('실적 Raw Data'!A12,5)*1=20342,"모티브",IF(LEFT('실적 Raw Data'!A12,5)*1=20345,"고정형",IF(LEFT('실적 Raw Data'!A12,5)*1=20313,"차량대리점","차량OE"))) | E12: =VLOOKUP($D12&$H12,[1]지점코드!$A:$F,4,0) | F12: =VLOOKUP($D12&$H12,[1]지점코드!$A:$F,5,0) | G12: =VLOOKUP($D12&$H12,[1]지점코드!$A:$F,6,0) | H12: =LEFT('실적 Raw Data'!E12,7) | I12: =SUBSTITUTE((SUBSTITUTE('실적 Raw Data'!E12,H12,""))," ","") | J12: =TRIM(LEFT('실적 Raw Data'!B12,11)) | K12: =TRIM((SUBSTITUTE('실적 Raw Data'!B12,J12,""))) | L12: =IF(D12="모티브",VLOOKUP(C12&J12,[1]제품분류!$A:$J,4,0),IF(D12="고정형",VLOOKUP(C12&J12,[1]제품분류!$A:$J,4,0),IF(D12="차량대리점",VLOOKUP("차량대리점"&J12,[1]제품분류!$A:$J,4,0),IF(D12="차량OE",VLOOKUP("차량OE"&J12,[1]제품분류!$A:$J,4,0))))) | M12: =IF(D12="모티브",VLOOKUP("산전"&J12,[1]제품분류!$A:$J,5,0),IF(D12="고정형",VLOOKUP(C12&J12,[1]제품분류!$A:$J,5,0),IF(D12="차량대리점",VLOOKUP("차량대리점"&J12,[1]제품분류!$A:$J,5,0),IF(D12="차량OE", VLOOKUP(C12&J12,[1]제품분류!$A:$J,5,0))))) | N12: =IF(D12="모티브",VLOOKUP("산전"&J12,[1]제품분류!$A:$J,6,0),IF(D12="고정형",VLOOKUP("산전"&J12,[1]제품분류!$A:$J,6,0),IF(D12="차량대리점",VLOOKUP("차량대리점"&J12,[1]제품분류!$A:$J,6,0)))) | O12: =IF(D12="모티브",VLOOKUP("산전"&J12,[1]제품분류!$A:$J,7,0),IF(D12="고정형",VLOOKUP("산전"&J12,[1]제품분류!$A:$J,7,0),IF(D12="차량대리점",VLOOKUP("차량대리점"&J12,[1]제품분류!$A:$J,7,0),IF(D12="차량OE", VLOOKUP(D12&J12,[1]제품분류!$A:$J,7,0))))) | P12: =IF(D12="모티브",VLOOKUP("산전"&J12,[1]제품분류!$A:$J,8,0),IF(D12="고정형",VLOOKUP("산전"&J12,[1]제품분류!$A:$J,8,0),IF(D12="차량대리점",VLOOKUP("차량대리점"&J12,[1]제품분류!$A:$J,8,0),IF(D12="차량OE", VLOOKUP(D12&J12,[1]제품분류!$A:$J,8,0))))) | Q12: =+'실적 Raw Data'!BN12 | R12: =+'실적 Raw Data'!BO12 | S12: =+T12-Q12-R12 | T12: ='실적 Raw Data'!H12 | U12: ='실적 Raw Data'!I12 | V12: =+'실적 Raw Data'!R12 | W12: ='실적 Raw Data'!J12 | X12: ='실적 Raw Data'!F12 | Y12: =+'실적 Raw Data'!AV12 | Z12: =+'실적 Raw Data'!AW12 | AA12: =+'실적 Raw Data'!AX12 | AB12: =+'실적 Raw Data'!AY12 | AC12: =+'실적 Raw Data'!AZ12 | AD12: =+Y12+Z12+AA12+AB12+AC12 | AE12: =+'실적 Raw Data'!BA12 | AF12: =+'실적 Raw Data'!BB12 | AG12: =+'실적 Raw Data'!BC12 | AH12: =+AE12+AF12+AG12 | AI12: =+'실적 Raw Data'!BD12 | AJ12: =+'실적 Raw Data'!BE12 | AK12: =+'실적 Raw Data'!BF12 | AL12: =+'실적 Raw Data'!BG12 | AM12: =+AJ12+AK12+AL12 | AN12: =+AD12+AH12+AI12+AM12 | AO12: =+'실적 Raw Data'!BH12 | AP12: =+'실적 Raw Data'!BJ12 | AQ12: =+AO12+AP12 | AR12: =+'실적 Raw Data'!BK12 | AS12: =+AQ12+AR12 | AT12: =+'실적 Raw Data'!BI12 | AU12: =+'실적 Raw Data'!BL12 | AV12: =+'실적 Raw Data'!BM12 | AW12: =SUM(AT12:AV12) | AX12: =+AY12-(+AW12+AS12+AN12)+BX12 | AY12: =+'실적 Raw Data'!AT12 | AZ12: =+'실적 Raw Data'!X12+'실적 Raw Data'!Y12+'실적 Raw Data'!Z12 | BA12: =+'실적 Raw Data'!S12 | BB12: ='실적 Raw Data'!W12 | BC12: =+'실적 Raw Data'!G12 | BD12: =+'실적 Raw Data'!CS12 | BE12: =+'실적 Raw Data'!CT12 | BF12: =+'실적 Raw Data'!CW12 | BG12: =+'실적 Raw Data'!DE12 | BH12: =+'실적 Raw Data'!DH12 | BI12: =+'실적 Raw Data'!DJ12 | BJ12: =+'실적 Raw Data'!DL12 | BK12: =SUM(BD12:BJ12) | BL12: =+'실적 Raw Data'!BY12+'실적 Raw Data'!BZ12+'실적 Raw Data'!CA12+'실적 Raw Data'!CB12+'실적 Raw Data'!CC12+'실적 Raw Data'!CD12+'실적 Raw Data'!CE12+'실적 Raw Data'!CF12 | BM12: =+'실적 Raw Data'!CH12 | BN12: ='실적 Raw Data'!CR12 | BO12: =+'실적 Raw Data'!CU12 | BP12: =+BQ12-BL12-BM12-BN12-BO12 | BQ12: =+BR12-BK12 | BR12: =+'실적 Raw Data'!T12 | BS12: =BT12-BR12 | BT12: =+'실적 Raw Data'!BP12 | BU12: =+V12-BA12-BR12 | BV12: =+X12-BC12-BT12 | BW12: =IF(OR(LEFT(J13,1)="R", LEFT(J13,3)="QZZ"),0, '실적 Raw Data'!M12) | BX12: ='실적 Raw Data'!V12 | BY12: =IF(OR(N13="V전지:SET",N13="V전지:set/oe"),BW12*22.9,BW12)
A13: =RIGHT('실적 Raw Data'!C13,4)&"년" | B13: =TRIM(MID('실적 Raw Data'!C13,9,4)) | C13: =IF(LEFT('실적 Raw Data'!A13,5)*1=20313,"차량",IF(LEFT('실적 Raw Data'!A13,5)*1=20314,"차량",IF(LEFT('실적 Raw Data'!A13,5)*1=20342,"산전","산전"))) | D13: =IF(LEFT('실적 Raw Data'!A13,5)*1=20342,"모티브",IF(LEFT('실적 Raw Data'!A13,5)*1=20345,"고정형",IF(LEFT('실적 Raw Data'!A13,5)*1=20313,"차량대리점","차량OE"))) | E13: =VLOOKUP($D13&$H13,[1]지점코드!$A:$F,4,0) | F13: =VLOOKUP($D13&$H13,[1]지점코드!$A:$F,5,0) | G13: =VLOOKUP($D13&$H13,[1]지점코드!$A:$F,6,0) | H13: =LEFT('실적 Raw Data'!E13,7) | I13: =SUBSTITUTE((SUBSTITUTE('실적 Raw Data'!E13,H13,""))," ","") | J13: =TRIM(LEFT('실적 Raw Data'!B13,11)) | K13: =TRIM((SUBSTITUTE('실적 Raw Data'!B13,J13,""))) | L13: =IF(D13="모티브",VLOOKUP(C13&J13,[1]제품분류!$A:$J,4,0),IF(D13="고정형",VLOOKUP(C13&J13,[1]제품분류!$A:$J,4,0),IF(D13="차량대리점",VLOOKUP("차량대리점"&J13,[1]제품분류!$A:$J,4,0),IF(D13="차량OE",VLOOKUP("차량OE"&J13,[1]제품분류!$A:$J,4,0))))) | M13: =IF(D13="모티브",VLOOKUP("산전"&J13,[1]제품분류!$A:$J,5,0),IF(D13="고정형",VLOOKUP(C13&J13,[1]제품분류!$A:$J,5,0),IF(D13="차량대리점",VLOOKUP("차량대리점"&J13,[1]제품분류!$A:$J,5,0),IF(D13="차량OE", VLOOKUP(C13&J13,[1]제품분류!$A:$J,5,0))))) | N13: =IF(D13="모티브",VLOOKUP("산전"&J13,[1]제품분류!$A:$J,6,0),IF(D13="고정형",VLOOKUP("산전"&J13,[1]제품분류!$A:$J,6,0),IF(D13="차량대리점",VLOOKUP("차량대리점"&J13,[1]제품분류!$A:$J,6,0)))) | O13: =IF(D13="모티브",VLOOKUP("산전"&J13,[1]제품분류!$A:$J,7,0),IF(D13="고정형",VLOOKUP("산전"&J13,[1]제품분류!$A:$J,7,0),IF(D13="차량대리점",VLOOKUP("차량대리점"&J13,[1]제품분류!$A:$J,7,0),IF(D13="차량OE", VLOOKUP(D13&J13,[1]제품분류!$A:$J,7,0))))) | P13: =IF(D13="모티브",VLOOKUP("산전"&J13,[1]제품분류!$A:$J,8,0),IF(D13="고정형",VLOOKUP("산전"&J13,[1]제품분류!$A:$J,8,0),IF(D13="차량대리점",VLOOKUP("차량대리점"&J13,[1]제품분류!$A:$J,8,0),IF(D13="차량OE", VLOOKUP(D13&J13,[1]제품분류!$A:$J,8,0))))) | Q13: =+'실적 Raw Data'!BN13 | R13: =+'실적 Raw Data'!BO13 | S13: =+T13-Q13-R13 | T13: ='실적 Raw Data'!H13 | U13: ='실적 Raw Data'!I13 | V13: =+'실적 Raw Data'!R13 | W13: ='실적 Raw Data'!J13 | X13: ='실적 Raw Data'!F13 | Y13: =+'실적 Raw Data'!AV13 | Z13: =+'실적 Raw Data'!AW13 | AA13: =+'실적 Raw Data'!AX13 | AB13: =+'실적 Raw Data'!AY13 | AC13: =+'실적 Raw Data'!AZ13 | AD13: =+Y13+Z13+AA13+AB13+AC13 | AE13: =+'실적 Raw Data'!BA13 | AF13: =+'실적 Raw Data'!BB13 | AG13: =+'실적 Raw Data'!BC13 | AH13: =+AE13+AF13+AG13 | AI13: =+'실적 Raw Data'!BD13 | AJ13: =+'실적 Raw Data'!BE13 | AK13: =+'실적 Raw Data'!BF13 | AL13: =+'실적 Raw Data'!BG13 | AM13: =+AJ13+AK13+AL13 | AN13: =+AD13+AH13+AI13+AM13 | AO13: =+'실적 Raw Data'!BH13 | AP13: =+'실적 Raw Data'!BJ13 | AQ13: =+AO13+AP13 | AR13: =+'실적 Raw Data'!BK13 | AS13: =+AQ13+AR13 | AT13: =+'실적 Raw Data'!BI13 | AU13: =+'실적 Raw Data'!BL13 | AV13: =+'실적 Raw Data'!BM13 | AW13: =SUM(AT13:AV13) | AX13: =+AY13-(+AW13+AS13+AN13)+BX13 | AY13: =+'실적 Raw Data'!AT13 | AZ13: =+'실적 Raw Data'!X13+'실적 Raw Data'!Y13+'실적 Raw Data'!Z13 | BA13: =+'실적 Raw Data'!S13 | BB13: ='실적 Raw Data'!W13 | BC13: =+'실적 Raw Data'!G13 | BD13: =+'실적 Raw Data'!CS13 | BE13: =+'실적 Raw Data'!CT13 | BF13: =+'실적 Raw Data'!CW13 | BG13: =+'실적 Raw Data'!DE13 | BH13: =+'실적 Raw Data'!DH13 | BI13: =+'실적 Raw Data'!DJ13 | BJ13: =+'실적 Raw Data'!DL13 | BK13: =SUM(BD13:BJ13) | BL13: =+'실적 Raw Data'!BY13+'실적 Raw Data'!BZ13+'실적 Raw Data'!CA13+'실적 Raw Data'!CB13+'실적 Raw Data'!CC13+'실적 Raw Data'!CD13+'실적 Raw Data'!CE13+'실적 Raw Data'!CF13 | BM13: =+'실적 Raw Data'!CH13 | BN13: ='실적 Raw Data'!CR13 | BO13: =+'실적 Raw Data'!CU13 | BP13: =+BQ13-BL13-BM13-BN13-BO13 | BQ13: =+BR13-BK13 | BR13: =+'실적 Raw Data'!T13 | BS13: =BT13-BR13 | BT13: =+'실적 Raw Data'!BP13 | BU13: =+V13-BA13-BR13 | BV13: =+X13-BC13-BT13 | BW13: =IF(OR(LEFT(J14,1)="R", LEFT(J14,3)="QZZ"),0, '실적 Raw Data'!M13) | BX13: ='실적 Raw Data'!V13 | BY13: =IF(OR(N14="V전지:SET",N14="V전지:set/oe"),BW13*22.9,BW13)
A14: =RIGHT('실적 Raw Data'!C14,4)&"년" | B14: =TRIM(MID('실적 Raw Data'!C14,9,4)) | C14: =IF(LEFT('실적 Raw Data'!A14,5)*1=20313,"차량",IF(LEFT('실적 Raw Data'!A14,5)*1=20314,"차량",IF(LEFT('실적 Raw Data'!A14,5)*1=20342,"산전","산전"))) | D14: =IF(LEFT('실적 Raw Data'!A14,5)*1=20342,"모티브",IF(LEFT('실적 Raw Data'!A14,5)*1=20345,"고정형",IF(LEFT('실적 Raw Data'!A14,5)*1=20313,"차량대리점","차량OE"))) | E14: =VLOOKUP($D14&$H14,[1]지점코드!$A:$F,4,0) | F14: =VLOOKUP($D14&$H14,[1]지점코드!$A:$F,5,0) | G14: =VLOOKUP($D14&$H14,[1]지점코드!$A:$F,6,0) | H14: =LEFT('실적 Raw Data'!E14,7) | I14: =SUBSTITUTE((SUBSTITUTE('실적 Raw Data'!E14,H14,""))," ","") | J14: =TRIM(LEFT('실적 Raw Data'!B14,11)) | K14: =TRIM((SUBSTITUTE('실적 Raw Data'!B14,J14,""))) | L14: =IF(D14="모티브",VLOOKUP(C14&J14,[1]제품분류!$A:$J,4,0),IF(D14="고정형",VLOOKUP(C14&J14,[1]제품분류!$A:$J,4,0),IF(D14="차량대리점",VLOOKUP("차량대리점"&J14,[1]제품분류!$A:$J,4,0),IF(D14="차량OE",VLOOKUP("차량OE"&J14,[1]제품분류!$A:$J,4,0))))) | M14: =IF(D14="모티브",VLOOKUP("산전"&J14,[1]제품분류!$A:$J,5,0),IF(D14="고정형",VLOOKUP(C14&J14,[1]제품분류!$A:$J,5,0),IF(D14="차량대리점",VLOOKUP("차량대리점"&J14,[1]제품분류!$A:$J,5,0),IF(D14="차량OE", VLOOKUP(C14&J14,[1]제품분류!$A:$J,5,0))))) | N14: =IF(D14="모티브",VLOOKUP("산전"&J14,[1]제품분류!$A:$J,6,0),IF(D14="고정형",VLOOKUP("산전"&J14,[1]제품분류!$A:$J,6,0),IF(D14="차량대리점",VLOOKUP("차량대리점"&J14,[1]제품분류!$A:$J,6,0)))) | O14: =IF(D14="모티브",VLOOKUP("산전"&J14,[1]제품분류!$A:$J,7,0),IF(D14="고정형",VLOOKUP("산전"&J14,[1]제품분류!$A:$J,7,0),IF(D14="차량대리점",VLOOKUP("차량대리점"&J14,[1]제품분류!$A:$J,7,0),IF(D14="차량OE", VLOOKUP(D14&J14,[1]제품분류!$A:$J,7,0))))) | P14: =IF(D14="모티브",VLOOKUP("산전"&J14,[1]제품분류!$A:$J,8,0),IF(D14="고정형",VLOOKUP("산전"&J14,[1]제품분류!$A:$J,8,0),IF(D14="차량대리점",VLOOKUP("차량대리점"&J14,[1]제품분류!$A:$J,8,0),IF(D14="차량OE", VLOOKUP(D14&J14,[1]제품분류!$A:$J,8,0))))) | Q14: =+'실적 Raw Data'!BN14 | R14: =+'실적 Raw Data'!BO14 | S14: =+T14-Q14-R14 | T14: ='실적 Raw Data'!H14 | U14: ='실적 Raw Data'!I14 | V14: =+'실적 Raw Data'!R14 | W14: ='실적 Raw Data'!J14 | X14: ='실적 Raw Data'!F14 | Y14: =+'실적 Raw Data'!AV14 | Z14: =+'실적 Raw Data'!AW14 | AA14: =+'실적 Raw Data'!AX14 | AB14: =+'실적 Raw Data'!AY14 | AC14: =+'실적 Raw Data'!AZ14 | AD14: =+Y14+Z14+AA14+AB14+AC14 | AE14: =+'실적 Raw Data'!BA14 | AF14: =+'실적 Raw Data'!BB14 | AG14: =+'실적 Raw Data'!BC14 | AH14: =+AE14+AF14+AG14 | AI14: =+'실적 Raw Data'!BD14 | AJ14: =+'실적 Raw Data'!BE14 | AK14: =+'실적 Raw Data'!BF14 | AL14: =+'실적 Raw Data'!BG14 | AM14: =+AJ14+AK14+AL14 | AN14: =+AD14+AH14+AI14+AM14 | AO14: =+'실적 Raw Data'!BH14 | AP14: =+'실적 Raw Data'!BJ14 | AQ14: =+AO14+AP14 | AR14: =+'실적 Raw Data'!BK14 | AS14: =+AQ14+AR14 | AT14: =+'실적 Raw Data'!BI14 | AU14: =+'실적 Raw Data'!BL14 | AV14: =+'실적 Raw Data'!BM14 | AW14: =SUM(AT14:AV14) | AX14: =+AY14-(+AW14+AS14+AN14)+BX14 | AY14: =+'실적 Raw Data'!AT14 | AZ14: =+'실적 Raw Data'!X14+'실적 Raw Data'!Y14+'실적 Raw Data'!Z14 | BA14: =+'실적 Raw Data'!S14 | BB14: ='실적 Raw Data'!W14 | BC14: =+'실적 Raw Data'!G14 | BD14: =+'실적 Raw Data'!CS14 | BE14: =+'실적 Raw Data'!CT14 | BF14: =+'실적 Raw Data'!CW14 | BG14: =+'실적 Raw Data'!DE14 | BH14: =+'실적 Raw Data'!DH14 | BI14: =+'실적 Raw Data'!DJ14 | BJ14: =+'실적 Raw Data'!DL14 | BK14: =SUM(BD14:BJ14) | BL14: =+'실적 Raw Data'!BY14+'실적 Raw Data'!BZ14+'실적 Raw Data'!CA14+'실적 Raw Data'!CB14+'실적 Raw Data'!CC14+'실적 Raw Data'!CD14+'실적 Raw Data'!CE14+'실적 Raw Data'!CF14 | BM14: =+'실적 Raw Data'!CH14 | BN14: ='실적 Raw Data'!CR14 | BO14: =+'실적 Raw Data'!CU14 | BP14: =+BQ14-BL14-BM14-BN14-BO14 | BQ14: =+BR14-BK14 | BR14: =+'실적 Raw Data'!T14 | BS14: =BT14-BR14 | BT14: =+'실적 Raw Data'!BP14 | BU14: =+V14-BA14-BR14 | BV14: =+X14-BC14-BT14 | BW14: =IF(OR(LEFT(J15,1)="R", LEFT(J15,3)="QZZ"),0, '실적 Raw Data'!M14) | BX14: ='실적 Raw Data'!V14 | BY14: =IF(OR(N15="V전지:SET",N15="V전지:set/oe"),BW14*22.9,BW14)
... A52: =RIGHT('실적 Raw Data'!C52,4)&"년" | B52: =TRIM(MID('실적 Raw Data'!C52,9,4)) | C52: =IF(LEFT('실적 Raw Data'!A52,5)*1=20313,"차량",IF(LEFT('실적 Raw Data'!A52,5)*1=20314,"차량",IF(LEFT('실적 Raw Data'!A52,5)*1=20342,"산전","산전"))) | D52: =IF(LEFT('실적 Raw Data'!A52,5)*1=20342,"모티브",IF(LEFT('실적 Raw Data'!A52,5)*1=20345,"고정형",IF(LEFT('실적 Raw Data'!A52,5)*1=20313,"차량대리점","차량OE"))) | E52: =VLOOKUP($D52&$H52,[1]지점코드!$A:$F,4,0) | F52: =VLOOKUP($D52&$H52,[1]지점코드!$A:$F,5,0) | G52: =VLOOKUP($D52&$H52,[1]지점코드!$A:$F,6,0) | H52: =LEFT('실적 Raw Data'!E52,7) | I52: =SUBSTITUTE((SUBSTITUTE('실적 Raw Data'!E52,H52,""))," ","") | J52: =TRIM(LEFT('실적 Raw Data'!B52,11)) | K52: =TRIM((SUBSTITUTE('실적 Raw Data'!B52,J52,""))) | L52: =IF(D52="모티브",VLOOKUP(C52&J52,[1]제품분류!$A:$J,4,0),IF(D52="고정형",VLOOKUP(C52&J52,[1]제품분류!$A:$J,4,0),IF(D52="차량대리점",VLOOKUP("차량대리점"&J52,[1]제품분류!$A:$J,4,0),IF(D52="차량OE",VLOOKUP("차량OE"&J52,[1]제품분류!$A:$J,4,0))))) | M52: =IF(D52="모티브",VLOOKUP("산전"&J52,[1]제품분류!$A:$J,5,0),IF(D52="고정형",VLOOKUP(C52&J52,[1]제품분류!$A:$J,5,0),IF(D52="차량대리점",VLOOKUP("차량대리점"&J52,[1]제품분류!$A:$J,5,0),IF(D52="차량OE", VLOOKUP(C52&J52,[1]제품분류!$A:$J,5,0))))) | N52: =IF(D52="모티브",VLOOKUP("산전"&J52,[1]제품분류!$A:$J,6,0),IF(D52="고정형",VLOOKUP("산전"&J52,[1]제품분류!$A:$J,6,0),IF(D52="차량대리점",VLOOKUP("차량대리점"&J52,[1]제품분류!$A:$J,6,0)))) | O52: =IF(D52="모티브",VLOOKUP("산전"&J52,[1]제품분류!$A:$J,7,0),IF(D52="고정형",VLOOKUP("산전"&J52,[1]제품분류!$A:$J,7,0),IF(D52="차량대리점",VLOOKUP("차량대리점"&J52,[1]제품분류!$A:$J,7,0),IF(D52="차량OE", VLOOKUP(D52&J52,[1]제품분류!$A:$J,7,0))))) | P52: =IF(D52="모티브",VLOOKUP("산전"&J52,[1]제품분류!$A:$J,8,0),IF(D52="고정형",VLOOKUP("산전"&J52,[1]제품분류!$A:$J,8,0),IF(D52="차량대리점",VLOOKUP("차량대리점"&J52,[1]제품분류!$A:$J,8,0),IF(D52="차량OE", VLOOKUP(D52&J52,[1]제품분류!$A:$J,8,0))))) | Q52: =+'실적 Raw Data'!BN52 | R52: =+'실적 Raw Data'!BO52 | S52: =+T52-Q52-R52 | T52: ='실적 Raw Data'!H52 | U52: ='실적 Raw Data'!I52 | V52: =+'실적 Raw Data'!R52 | W52: ='실적 Raw Data'!J52 | X52: ='실적 Raw Data'!F52 | Y52: =+'실적 Raw Data'!AV52 | Z52: =+'실적 Raw Data'!AW52 | AA52: =+'실적 Raw Data'!AX52 | AB52: =+'실적 Raw Data'!AY52 | AC52: =+'실적 Raw Data'!AZ52 | AD52: =+Y52+Z52+AA52+AB52+AC52 | AE52: =+'실적 Raw Data'!BA52 | AF52: =+'실적 Raw Data'!BB52 | AG52: =+'실적 Raw Data'!BC52 | AH52: =+AE52+AF52+AG52 | AI52: =+'실적 Raw Data'!BD52 | AJ52: =+'실적 Raw Data'!BE52 | AK52: =+'실적 Raw Data'!BF52 | AL52: =+'실적 Raw Data'!BG52 | AM52: =+AJ52+AK52+AL52 | AN52: =+AD52+AH52+AI52+AM52 | AO52: =+'실적 Raw Data'!BH52 | AP52: =+'실적 Raw Data'!BJ52 | AQ52: =+AO52+AP52 | AR52: =+'실적 Raw Data'!BK52 | AS52: =+AQ52+AR52 | AT52: =+'실적 Raw Data'!BI52 | AU52: =+'실적 Raw Data'!BL52 | AV52: =+'실적 Raw Data'!BM52 | AW52: =SUM(AT52:AV52) | AX52: =+AY52-(+AW52+AS52+AN52)+BX52 | AY52: =+'실적 Raw Data'!AT52 | AZ52: =+'실적 Raw Data'!X52+'실적 Raw Data'!Y52+'실적 Raw Data'!Z52 | BA52: =+'실적 Raw Data'!S52 | BB52: ='실적 Raw Data'!W52 | BC52: =+'실적 Raw Data'!G52 | BD52: =+'실적 Raw Data'!CS52 | BE52: =+'실적 Raw Data'!CT52 | BF52: =+'실적 Raw Data'!CW52 | BG52: =+'실적 Raw Data'!DE52 | BH52: =+'실적 Raw Data'!DH52 | BI52: =+'실적 Raw Data'!DJ52 | BJ52: =+'실적 Raw Data'!DL52 | BK52: =SUM(BD52:BJ52) | BL52: =+'실적 Raw Data'!BY52+'실적 Raw Data'!BZ52+'실적 Raw Data'!CA52+'실적 Raw Data'!CB52+'실적 Raw Data'!CC52+'실적 Raw Data'!CD52+'실적 Raw Data'!CE52+'실적 Raw Data'!CF52 | BM52: =+'실적 Raw Data'!CH52 | BN52: ='실적 Raw Data'!CR52 | BO52: =+'실적 Raw Data'!CU52 | BP52: =+BQ52-BL52-BM52-BN52-BO52 | BQ52: =+BR52-BK52 | BR52: =+'실적 Raw Data'!T52 | BS52: =BT52-BR52 | BT52: =+'실적 Raw Data'!BP52 | BU52: =+V52-BA52-BR52 | BV52: =+X52-BC52-BT52 | BW52: =IF(OR(LEFT(J53,1)="R", LEFT(J53,3)="QZZ"),0, '실적 Raw Data'!M52) | BX52: ='실적 Raw Data'!V52 | BY52: =IF(OR(N53="V전지:SET",N53="V전지:set/oe"),BW52*22.9,BW52)
