Workbook

Sheet 제품군별 SUMMARY
A2: 2026년 국내영업본부 제품군별 판매계획 (더미데이터)
AC6: (단위-대, 백만원)
A7: 담당 | B7: 구분 | C7: 제품군 | D7: 1월 | F7: 2월 | H7: 3월 | J7: 4월 | L7: 5월 | N7: 6월 | P7: 7월 | R7: 8월 | T7: 9월 | V7: 10월 | X7: 11월 | Z7: 12월 | AB7: 연간 합계
D8: 수량 | E8: 금액 | F8: 수량 | G8: 금액 | H8: 수량 | I8: 금액 | J8: 수량 | K8: 금액 | L8: 수량 | M8: 금액 | N8: 수량 | O8: 금액 | P8: 수량 | Q8: 금액 | R8: 수량 | S8: 금액 | T8: 수량 | U8: 금액 | V8: 수량 | W8: 금액 | X8: 수량 | Y8: 금액 | Z8: 수량 | AA8: 금액
A9: 산전 부문 | B9: 모티브 | C9: V-Type(Cell) | D9: =SUMIF(모티브!$BF:$BF,'제품군별 SUMMARY'!$C9,모티브!P:P) | E9: =SUMIF(모티브!$BF:$BF,'제품군별 SUMMARY'!$C9,모티브!Q:Q)/1000000 | F9: =SUMIF(모티브!$BF:$BF,'제품군별 SUMMARY'!$C9,모티브!S:S) | G9: =SUMIF(모티브!$BF:$BF,'제품군별 SUMMARY'!$C9,모티브!T:T)/1000000 | H9: =SUMIF(모티브!$BF:$BF,'제품군별 SUMMARY'!$C9,모티브!V:V) | I9: =SUMIF(모티브!$BF:$BF,'제품군별 SUMMARY'!$C9,모티브!W:W)/1000000 | J9: =SUMIF(모티브!$BF:$BF,'제품군별 SUMMARY'!$C9,모티브!Y:Y) | K9: =SUMIF(모티브!$BF:$BF,'제품군별 SUMMARY'!$C9,모티브!Z:Z)/1000000 | L9: =SUMIF(모티브!$BF:$BF,'제품군별 SUMMARY'!$C9,모티브!AB:AB) | M9: =SUMIF(모티브!$BF:$BF,'제품군별 SUMMARY'!$C9,모티브!AC:AC)/1000000 | N9: =SUMIF(모티브!$BF:$BF,'제품군별 SUMMARY'!$C9,모티브!AE:AE) | O9: =SUMIF(모티브!$BF:$BF,'제품군별 SUMMARY'!$C9,모티브!AF:AF)/1000000 | P9: =SUMIF(모티브!$BF:$BF,'제품군별 SUMMARY'!$C9,모티브!AH:AH) | Q9: =SUMIF(모티브!$BF:$BF,'제품군별 SUMMARY'!$C9,모티브!AI:AI)/1000000 | R9: =SUMIF(모티브!$BF:$BF,'제품군별 SUMMARY'!$C9,모티브!AK:AK) | S9: =SUMIF(모티브!$BF:$BF,'제품군별 SUMMARY'!$C9,모티브!AL:AL)/1000000 | T9: =SUMIF(모티브!$BF:$BF,'제품군별 SUMMARY'!$C9,모티브!AN:AN) | U9: =SUMIF(모티브!$BF:$BF,'제품군별 SUMMARY'!$C9,모티브!AO:AO)/1000000 | V9: =SUMIF(모티브!$BF:$BF,'제품군별 SUMMARY'!$C9,모티브!AQ:AQ) | W9: =SUMIF(모티브!$BF:$BF,'제품군별 SUMMARY'!$C9,모티브!AR:AR)/1000000 | X9: =SUMIF(모티브!$BF:$BF,'제품군별 SUMMARY'!$C9,모티브!AT:AT) | Y9: =SUMIF(모티브!$BF:$BF,'제품군별 SUMMARY'!$C9,모티브!AU:AU)/1000000 | Z9: =SUMIF(모티브!$BF:$BF,'제품군별 SUMMARY'!$C9,모티브!AW:AW) | AA9: =SUMIF(모티브!$BF:$BF,'제품군별 SUMMARY'!$C9,모티브!AX:AX)/1000000
C10: V-Type(Set)/보수 | D10: =SUMIF(모티브!$BF:$BF,'제품군별 SUMMARY'!$C10,모티브!P:P) | E10: =SUMIF(모티브!$BF:$BF,'제품군별 SUMMARY'!$C10,모티브!Q:Q)/1000000 | F10: =SUMIF(모티브!$BF:$BF,'제품군별 SUMMARY'!$C10,모티브!S:S) | G10: =SUMIF(모티브!$BF:$BF,'제품군별 SUMMARY'!$C10,모티브!T:T)/1000000 | H10: =SUMIF(모티브!$BF:$BF,'제품군별 SUMMARY'!$C10,모티브!V:V) | I10: =SUMIF(모티브!$BF:$BF,'제품군별 SUMMARY'!$C10,모티브!W:W)/1000000 | J10: =SUMIF(모티브!$BF:$BF,'제품군별 SUMMARY'!$C10,모티브!Y:Y) | K10: =SUMIF(모티브!$BF:$BF,'제품군별 SUMMARY'!$C10,모티브!Z:Z)/1000000 | L10: =SUMIF(모티브!$BF:$BF,'제품군별 SUMMARY'!$C10,모티브!AB:AB) | M10: =SUMIF(모티브!$BF:$BF,'제품군별 SUMMARY'!$C10,모티브!AC:AC)/1000000 | N10: =SUMIF(모티브!$BF:$BF,'제품군별 SUMMARY'!$C10,모티브!AE:AE) | O10: =SUMIF(모티브!$BF:$BF,'제품군별 SUMMARY'!$C10,모티브!AF:AF)/1000000 | P10: =SUMIF(모티브!$BF:$BF,'제품군별 SUMMARY'!$C10,모티브!AH:AH) | Q10: =SUMIF(모티브!$BF:$BF,'제품군별 SUMMARY'!$C10,모티브!AI:AI)/1000000 | R10: =SUMIF(모티브!$BF:$BF,'제품군별 SUMMARY'!$C10,모티브!AK:AK) | S10: =SUMIF(모티브!$BF:$BF,'제품군별 SUMMARY'!$C10,모티브!AL:AL)/1000000 | T10: =SUMIF(모티브!$BF:$BF,'제품군별 SUMMARY'!$C10,모티브!AN:AN) | U10: =SUMIF(모티브!$BF:$BF,'제품군별 SUMMARY'!$C10,모티브!AO:AO)/1000000 | V10: =SUMIF(모티브!$BF:$BF,'제품군별 SUMMARY'!$C10,모티브!AQ:AQ) | W10: =SUMIF(모티브!$BF:$BF,'제품군별 SUMMARY'!$C10,모티브!AR:AR)/1000000 | X10: =SUMIF(모티브!$BF:$BF,'제품군별 SUMMARY'!$C10,모티브!AT:AT) | Y10: =SUMIF(모티브!$BF:$BF,'제품군별 SUMMARY'!$C10,모티브!AU:AU)/1000000 | Z10: =SUMIF(모티브!$BF:$BF,'제품군별 SUMMARY'!$C10,모티브!AW:AW) | AA10: =SUMIF(모티브!$BF:$BF,'제품군별 SUMMARY'!$C10,모티브!AX:AX)/1000000
C11: 차량용 중형 EXP | D11: =SUMIF(모티브!$BF:$BF,'제품군별 SUMMARY'!$C11,모티브!P:P) | E11: =SUMIF(모티브!$BF:$BF,'제품군별 SUMMARY'!$C11,모티브!Q:Q)/1000000 | F11: =SUMIF(모티브!$BF:$BF,'제품군별 SUMMARY'!$C11,모티브!S:S) | G11: =SUMIF(모티브!$BF:$BF,'제품군별 SUMMARY'!$C11,모티브!T:T)/1000000 | H11: =SUMIF(모티브!$BF:$BF,'제품군별 SUMMARY'!$C11,모티브!V:V) | I11: =SUMIF(모티브!$BF:$BF,'제품군별 SUMMARY'!$C11,모티브!W:W)/1000000 | J11: =SUMIF(모티브!$BF:$BF,'제품군별 SUMMARY'!$C11,모티브!Y:Y) | K11: =SUMIF(모티브!$BF:$BF,'제품군별 SUMMARY'!$C11,모티브!Z:Z)/1000000 | L11: =SUMIF(모티브!$BF:$BF,'제품군별 SUMMARY'!$C11,모티브!AB:AB) | M11: =SUMIF(모티브!$BF:$BF,'제품군별 SUMMARY'!$C11,모티브!AC:AC)/1000000 | N11: =SUMIF(모티브!$BF:$BF,'제품군별 SUMMARY'!$C11,모티브!AE:AE) | O11: =SUMIF(모티브!$BF:$BF,'제품군별 SUMMARY'!$C11,모티브!AF:AF)/1000000 | P11: =SUMIF(모티브!$BF:$BF,'제품군별 SUMMARY'!$C11,모티브!AH:AH) | Q11: =SUMIF(모티브!$BF:$BF,'제품군별 SUMMARY'!$C11,모티브!AI:AI)/1000000 | R11: =SUMIF(모티브!$BF:$BF,'제품군별 SUMMARY'!$C11,모티브!AK:AK) | S11: =SUMIF(모티브!$BF:$BF,'제품군별 SUMMARY'!$C11,모티브!AL:AL)/1000000 | T11: =SUMIF(모티브!$BF:$BF,'제품군별 SUMMARY'!$C11,모티브!AN:AN) | U11: =SUMIF(모티브!$BF:$BF,'제품군별 SUMMARY'!$C11,모티브!AO:AO)/1000000 | V11: =SUMIF(모티브!$BF:$BF,'제품군별 SUMMARY'!$C11,모티브!AQ:AQ) | W11: =SUMIF(모티브!$BF:$BF,'제품군별 SUMMARY'!$C11,모티브!AR:AR)/1000000 | X11: =SUMIF(모티브!$BF:$BF,'제품군별 SUMMARY'!$C11,모티브!AT:AT) | Y11: =SUMIF(모티브!$BF:$BF,'제품군별 SUMMARY'!$C11,모티브!AU:AU)/1000000 | Z11: =SUMIF(모티브!$BF:$BF,'제품군별 SUMMARY'!$C11,모티브!AW:AW) | AA11: =SUMIF(모티브!$BF:$BF,'제품군별 SUMMARY'!$C11,모티브!AX:AX)/1000000
C12: Longest(EB) | D12: =SUMIF(모티브!$BF:$BF,'제품군별 SUMMARY'!$C12,모티브!P:P) | E12: =SUMIF(모티브!$BF:$BF,'제품군별 SUMMARY'!$C12,모티브!Q:Q)/1000000 | F12: =SUMIF(모티브!$BF:$BF,'제품군별 SUMMARY'!$C12,모티브!S:S) | G12: =SUMIF(모티브!$BF:$BF,'제품군별 SUMMARY'!$C12,모티브!T:T)/1000000 | H12: =SUMIF(모티브!$BF:$BF,'제품군별 SUMMARY'!$C12,모티브!V:V) | I12: =SUMIF(모티브!$BF:$BF,'제품군별 SUMMARY'!$C12,모티브!W:W)/1000000 | J12: =SUMIF(모티브!$BF:$BF,'제품군별 SUMMARY'!$C12,모티브!Y:Y) | K12: =SUMIF(모티브!$BF:$BF,'제품군별 SUMMARY'!$C12,모티브!Z:Z)/1000000 | L12: =SUMIF(모티브!$BF:$BF,'제품군별 SUMMARY'!$C12,모티브!AB:AB) | M12: =SUMIF(모티브!$BF:$BF,'제품군별 SUMMARY'!$C12,모티브!AC:AC)/1000000 | N12: =SUMIF(모티브!$BF:$BF,'제품군별 SUMMARY'!$C12,모티브!AE:AE) | O12: =SUMIF(모티브!$BF:$BF,'제품군별 SUMMARY'!$C12,모티브!AF:AF)/1000000 | P12: =SUMIF(모티브!$BF:$BF,'제품군별 SUMMARY'!$C12,모티브!AH:AH) | Q12: =SUMIF(모티브!$BF:$BF,'제품군별 SUMMARY'!$C12,모티브!AI:AI)/1000000 | R12: =SUMIF(모티브!$BF:$BF,'제품군별 SUMMARY'!$C12,모티브!AK:AK) | S12: =SUMIF(모티브!$BF:$BF,'제품군별 SUMMARY'!$C12,모티브!AL:AL)/1000000 | T12: =SUMIF(모티브!$BF:$BF,'제품군별 SUMMARY'!$C12,모티브!AN:AN) | U12: =SUMIF(모티브!$BF:$BF,'제품군별 SUMMARY'!$C12,모티브!AO:AO)/1000000 | V12: =SUMIF(모티브!$BF:$BF,'제품군별 SUMMARY'!$C12,모티브!AQ:AQ) | W12: =SUMIF(모티브!$BF:$BF,'제품군별 SUMMARY'!$C12,모티브!AR:AR)/1000000 | X12: =SUMIF(모티브!$BF:$BF,'제품군별 SUMMARY'!$C12,모티브!AT:AT) | Y12: =SUMIF(모티브!$BF:$BF,'제품군별 SUMMARY'!$C12,모티브!AU:AU)/1000000 | Z12: =SUMIF(모티브!$BF:$BF,'제품군별 SUMMARY'!$C12,모티브!AW:AW) | AA12: =SUMIF(모티브!$BF:$BF,'제품군별 SUMMARY'!$C12,모티브!AX:AX)/1000000
C13: Longest(GC6) | D13: =SUMIF(모티브!$BF:$BF,'제품군별 SUMMARY'!$C13,모티브!P:P) | E13: =SUMIF(모티브!$BF:$BF,'제품군별 SUMMARY'!$C13,모티브!Q:Q)/1000000 | F13: =SUMIF(모티브!$BF:$BF,'제품군별 SUMMARY'!$C13,모티브!S:S) | G13: =SUMIF(모티브!$BF:$BF,'제품군별 SUMMARY'!$C13,모티브!T:T)/1000000 | H13: =SUMIF(모티브!$BF:$BF,'제품군별 SUMMARY'!$C13,모티브!V:V) | I13: =SUMIF(모티브!$BF:$BF,'제품군별 SUMMARY'!$C13,모티브!W:W)/1000000 | J13: =SUMIF(모티브!$BF:$BF,'제품군별 SUMMARY'!$C13,모티브!Y:Y) | K13: =SUMIF(모티브!$BF:$BF,'제품군별 SUMMARY'!$C13,모티브!Z:Z)/1000000 | L13: =SUMIF(모티브!$BF:$BF,'제품군별 SUMMARY'!$C13,모티브!AB:AB) | M13: =SUMIF(모티브!$BF:$BF,'제품군별 SUMMARY'!$C13,모티브!AC:AC)/1000000 | N13: =SUMIF(모티브!$BF:$BF,'제품군별 SUMMARY'!$C13,모티브!AE:AE) | O13: =SUMIF(모티브!$BF:$BF,'제품군별 SUMMARY'!$C13,모티브!AF:AF)/1000000 | P13: =SUMIF(모티브!$BF:$BF,'제품군별 SUMMARY'!$C13,모티브!AH:AH) | Q13: =SUMIF(모티브!$BF:$BF,'제품군별 SUMMARY'!$C13,모티브!AI:AI)/1000000 | R13: =SUMIF(모티브!$BF:$BF,'제품군별 SUMMARY'!$C13,모티브!AK:AK) | S13: =SUMIF(모티브!$BF:$BF,'제품군별 SUMMARY'!$C13,모티브!AL:AL)/1000000 | T13: =SUMIF(모티브!$BF:$BF,'제품군별 SUMMARY'!$C13,모티브!AN:AN) | U13: =SUMIF(모티브!$BF:$BF,'제품군별 SUMMARY'!$C13,모티브!AO:AO)/1000000 | V13: =SUMIF(모티브!$BF:$BF,'제품군별 SUMMARY'!$C13,모티브!AQ:AQ) | W13: =SUMIF(모티브!$BF:$BF,'제품군별 SUMMARY'!$C13,모티브!AR:AR)/1000000 | X13: =SUMIF(모티브!$BF:$BF,'제품군별 SUMMARY'!$C13,모티브!AT:AT) | Y13: =SUMIF(모티브!$BF:$BF,'제품군별 SUMMARY'!$C13,모티브!AU:AU)/1000000 | Z13: =SUMIF(모티브!$BF:$BF,'제품군별 SUMMARY'!$C13,모티브!AW:AW) | AA13: =SUMIF(모티브!$BF:$BF,'제품군별 SUMMARY'!$C13,모티브!AX:AX)/1000000
C14: Longest(GC8) | D14: =SUMIF(모티브!$BF:$BF,'제품군별 SUMMARY'!$C14,모티브!P:P) | E14: =SUMIF(모티브!$BF:$BF,'제품군별 SUMMARY'!$C14,모티브!Q:Q)/1000000 | F14: =SUMIF(모티브!$BF:$BF,'제품군별 SUMMARY'!$C14,모티브!S:S) | G14: =SUMIF(모티브!$BF:$BF,'제품군별 SUMMARY'!$C14,모티브!T:T)/1000000 | H14: =SUMIF(모티브!$BF:$BF,'제품군별 SUMMARY'!$C14,모티브!V:V) | I14: =SUMIF(모티브!$BF:$BF,'제품군별 SUMMARY'!$C14,모티브!W:W)/1000000 | J14: =SUMIF(모티브!$BF:$BF,'제품군별 SUMMARY'!$C14,모티브!Y:Y) | K14: =SUMIF(모티브!$BF:$BF,'제품군별 SUMMARY'!$C14,모티브!Z:Z)/1000000 | L14: =SUMIF(모티브!$BF:$BF,'제품군별 SUMMARY'!$C14,모티브!AB:AB) | M14: =SUMIF(모티브!$BF:$BF,'제품군별 SUMMARY'!$C14,모티브!AC:AC)/1000000 | N14: =SUMIF(모티브!$BF:$BF,'제품군별 SUMMARY'!$C14,모티브!AE:AE) | O14: =SUMIF(모티브!$BF:$BF,'제품군별 SUMMARY'!$C14,모티브!AF:AF)/1000000 | P14: =SUMIF(모티브!$BF:$BF,'제품군별 SUMMARY'!$C14,모티브!AH:AH) | Q14: =SUMIF(모티브!$BF:$BF,'제품군별 SUMMARY'!$C14,모티브!AI:AI)/1000000 | R14: =SUMIF(모티브!$BF:$BF,'제품군별 SUMMARY'!$C14,모티브!AK:AK) | S14: =SUMIF(모티브!$BF:$BF,'제품군별 SUMMARY'!$C14,모티브!AL:AL)/1000000 | T14: =SUMIF(모티브!$BF:$BF,'제품군별 SUMMARY'!$C14,모티브!AN:AN) | U14: =SUMIF(모티브!$BF:$BF,'제품군별 SUMMARY'!$C14,모티브!AO:AO)/1000000 | V14: =SUMIF(모티브!$BF:$BF,'제품군별 SUMMARY'!$C14,모티브!AQ:AQ) | W14: =SUMIF(모티브!$BF:$BF,'제품군별 SUMMARY'!$C14,모티브!AR:AR)/1000000 | X14: =SUMIF(모티브!$BF:$BF,'제품군별 SUMMARY'!$C14,모티브!AT:AT) | Y14: =SUMIF(모티브!$BF:$BF,'제품군별 SUMMARY'!$C14,모티브!AU:AU)/1000000 | Z14: =SUMIF(모티브!$BF:$BF,'제품군별 SUMMARY'!$C14,모티브!AW:AW) | AA14: =SUMIF(모티브!$BF:$BF,'제품군별 SUMMARY'!$C14,모티브!AX:AX)/1000000
C15: 차량용 소형 EXP | D15: =SUMIF(모티브!$BF:$BF,'제품군별 SUMMARY'!$C15,모티브!P:P) | E15: =SUMIF(모티브!$BF:$BF,'제품군별 SUMMARY'!$C15,모티브!Q:Q)/1000000 | F15: =SUMIF(모티브!$BF:$BF,'제품군별 SUMMARY'!$C15,모티브!S:S) | G15: =SUMIF(모티브!$BF:$BF,'제품군별 SUMMARY'!$C15,모티브!T:T)/1000000 | H15: =SUMIF(모티브!$BF:$BF,'제품군별 SUMMARY'!$C15,모티브!V:V) | I15: =SUMIF(모티브!$BF:$BF,'제품군별 SUMMARY'!$C15,모티브!W:W)/1000000 | J15: =SUMIF(모티브!$BF:$BF,'제품군별 SUMMARY'!$C15,모티브!Y:Y) | K15: =SUMIF(모티브!$BF:$BF,'제품군별 SUMMARY'!$C15,모티브!Z:Z)/1000000 | L15: =SUMIF(모티브!$BF:$BF,'제품군별 SUMMARY'!$C15,모티브!AB:AB) | M15: =SUMIF(모티브!$BF:$BF,'제품군별 SUMMARY'!$C15,모티브!AC:AC)/1000000 | N15: =SUMIF(모티브!$BF:$BF,'제품군별 SUMMARY'!$C15,모티브!AE:AE) | O15: =SUMIF(모티브!$BF:$BF,'제품군별 SUMMARY'!$C15,모티브!AF:AF)/1000000 | P15: =SUMIF(모티브!$BF:$BF,'제품군별 SUMMARY'!$C15,모티브!AH:AH) | Q15: =SUMIF(모티브!$BF:$BF,'제품군별 SUMMARY'!$C15,모티브!AI:AI)/1000000 | R15: =SUMIF(모티브!$BF:$BF,'제품군별 SUMMARY'!$C15,모티브!AK:AK) | S15: =SUMIF(모티브!$BF:$BF,'제품군별 SUMMARY'!$C15,모티브!AL:AL)/1000000 | T15: =SUMIF(모티브!$BF:$BF,'제품군별 SUMMARY'!$C15,모티브!AN:AN) | U15: =SUMIF(모티브!$BF:$BF,'제품군별 SUMMARY'!$C15,모티브!AO:AO)/1000000 | V15: =SUMIF(모티브!$BF:$BF,'제품군별 SUMMARY'!$C15,모티브!AQ:AQ) | W15: =SUMIF(모티브!$BF:$BF,'제품군별 SUMMARY'!$C15,모티브!AR:AR)/1000000 | X15: =SUMIF(모티브!$BF:$BF,'제품군별 SUMMARY'!$C15,모티브!AT:AT) | Y15: =SUMIF(모티브!$BF:$BF,'제품군별 SUMMARY'!$C15,모티브!AU:AU)/1000000 | Z15: =SUMIF(모티브!$BF:$BF,'제품군별 SUMMARY'!$C15,모티브!AW:AW) | AA15: =SUMIF(모티브!$BF:$BF,'제품군별 SUMMARY'!$C15,모티브!AX:AX)/1000000
C16: 차량용 대형 EXP | D16: =SUMIF(모티브!$BF:$BF,'제품군별 SUMMARY'!$C16,모티브!P:P) | E16: =SUMIF(모티브!$BF:$BF,'제품군별 SUMMARY'!$C16,모티브!Q:Q)/1000000 | F16: =SUMIF(모티브!$BF:$BF,'제품군별 SUMMARY'!$C16,모티브!S:S) | G16: =SUMIF(모티브!$BF:$BF,'제품군별 SUMMARY'!$C16,모티브!T:T)/1000000 | H16: =SUMIF(모티브!$BF:$BF,'제품군별 SUMMARY'!$C16,모티브!V:V) | I16: =SUMIF(모티브!$BF:$BF,'제품군별 SUMMARY'!$C16,모티브!W:W)/1000000 | J16: =SUMIF(모티브!$BF:$BF,'제품군별 SUMMARY'!$C16,모티브!Y:Y) | K16: =SUMIF(모티브!$BF:$BF,'제품군별 SUMMARY'!$C16,모티브!Z:Z)/1000000 | L16: =SUMIF(모티브!$BF:$BF,'제품군별 SUMMARY'!$C16,모티브!AB:AB) | M16: =SUMIF(모티브!$BF:$BF,'제품군별 SUMMARY'!$C16,모티브!AC:AC)/1000000 | N16: =SUMIF(모티브!$BF:$BF,'제품군별 SUMMARY'!$C16,모티브!AE:AE) | O16: =SUMIF(모티브!$BF:$BF,'제품군별 SUMMARY'!$C16,모티브!AF:AF)/1000000 | P16: =SUMIF(모티브!$BF:$BF,'제품군별 SUMMARY'!$C16,모티브!AH:AH) | Q16: =SUMIF(모티브!$BF:$BF,'제품군별 SUMMARY'!$C16,모티브!AI:AI)/1000000 | R16: =SUMIF(모티브!$BF:$BF,'제품군별 SUMMARY'!$C16,모티브!AK:AK) | S16: =SUMIF(모티브!$BF:$BF,'제품군별 SUMMARY'!$C16,모티브!AL:AL)/1000000 | T16: =SUMIF(모티브!$BF:$BF,'제품군별 SUMMARY'!$C16,모티브!AN:AN) | U16: =SUMIF(모티브!$BF:$BF,'제품군별 SUMMARY'!$C16,모티브!AO:AO)/1000000 | V16: =SUMIF(모티브!$BF:$BF,'제품군별 SUMMARY'!$C16,모티브!AQ:AQ) | W16: =SUMIF(모티브!$BF:$BF,'제품군별 SUMMARY'!$C16,모티브!AR:AR)/1000000 | X16: =SUMIF(모티브!$BF:$BF,'제품군별 SUMMARY'!$C16,모티브!AT:AT) | Y16: =SUMIF(모티브!$BF:$BF,'제품군별 SUMMARY'!$C16,모티브!AU:AU)/1000000 | Z16: =SUMIF(모티브!$BF:$BF,'제품군별 SUMMARY'!$C16,모티브!AW:AW) | AA16: =SUMIF(모티브!$BF:$BF,'제품군별 SUMMARY'!$C16,모티브!AX:AX)/1000000
C17: V-Type(Set)/OEM | D17: =SUMIF(모티브!$BF:$BF,'제품군별 SUMMARY'!$C17,모티브!P:P) | E17: =SUMIF(모티브!$BF:$BF,'제품군별 SUMMARY'!$C17,모티브!Q:Q)/1000000 | F17: =SUMIF(모티브!$BF:$BF,'제품군별 SUMMARY'!$C17,모티브!S:S) | G17: =SUMIF(모티브!$BF:$BF,'제품군별 SUMMARY'!$C17,모티브!T:T)/1000000 | H17: =SUMIF(모티브!$BF:$BF,'제품군별 SUMMARY'!$C17,모티브!V:V) | I17: =SUMIF(모티브!$BF:$BF,'제품군별 SUMMARY'!$C17,모티브!W:W)/1000000 | J17: =SUMIF(모티브!$BF:$BF,'제품군별 SUMMARY'!$C17,모티브!Y:Y) | K17: =SUMIF(모티브!$BF:$BF,'제품군별 SUMMARY'!$C17,모티브!Z:Z)/1000000 | L17: =SUMIF(모티브!$BF:$BF,'제품군별 SUMMARY'!$C17,모티브!AB:AB) | M17: =SUMIF(모티브!$BF:$BF,'제품군별 SUMMARY'!$C17,모티브!AC:AC)/1000000 | N17: =SUMIF(모티브!$BF:$BF,'제품군별 SUMMARY'!$C17,모티브!AE:AE) | O17: =SUMIF(모티브!$BF:$BF,'제품군별 SUMMARY'!$C17,모티브!AF:AF)/1000000 | P17: =SUMIF(모티브!$BF:$BF,'제품군별 SUMMARY'!$C17,모티브!AH:AH) | Q17: =SUMIF(모티브!$BF:$BF,'제품군별 SUMMARY'!$C17,모티브!AI:AI)/1000000 | R17: =SUMIF(모티브!$BF:$BF,'제품군별 SUMMARY'!$C17,모티브!AK:AK) | S17: =SUMIF(모티브!$BF:$BF,'제품군별 SUMMARY'!$C17,모티브!AL:AL)/1000000 | T17: =SUMIF(모티브!$BF:$BF,'제품군별 SUMMARY'!$C17,모티브!AN:AN) | U17: =SUMIF(모티브!$BF:$BF,'제품군별 SUMMARY'!$C17,모티브!AO:AO)/1000000 | V17: =SUMIF(모티브!$BF:$BF,'제품군별 SUMMARY'!$C17,모티브!AQ:AQ) | W17: =SUMIF(모티브!$BF:$BF,'제품군별 SUMMARY'!$C17,모티브!AR:AR)/1000000 | X17: =SUMIF(모티브!$BF:$BF,'제품군별 SUMMARY'!$C17,모티브!AT:AT) | Y17: =SUMIF(모티브!$BF:$BF,'제품군별 SUMMARY'!$C17,모티브!AU:AU)/1000000 | Z17: =SUMIF(모티브!$BF:$BF,'제품군별 SUMMARY'!$C17,모티브!AW:AW) | AA17: =SUMIF(모티브!$BF:$BF,'제품군별 SUMMARY'!$C17,모티브!AX:AX)/1000000
B18: 소계 | D18: =SUM(D9:D17) | E18: =SUM(E9:E17) | F18: =SUM(F9:F17) | G18: =SUM(G9:G17) | H18: =SUM(H9:H17) | I18: =SUM(I9:I17) | J18: =SUM(J9:J17) | K18: =SUM(K9:K17) | ... AA18: =SUM(AA9:AA17)
A19: 산전 부문 | B19: 고정형 | C19: CGS 소형 | D19: =SUMIF(고정형!$BF:$BF,'제품군별 SUMMARY'!$C19,고정형!P:P) | E19: =SUMIF(고정형!$BF:$BF,'제품군별 SUMMARY'!$C19,고정형!Q:Q)/1000000 | F19: =SUMIF(고정형!$BF:$BF,'제품군별 SUMMARY'!$C19,고정형!S:S) | G19: =SUMIF(고정형!$BF:$BF,'제품군별 SUMMARY'!$C19,고정형!T:T)/1000000 | H19: =SUMIF(고정형!$BF:$BF,'제품군별 SUMMARY'!$C19,고정형!V:V) | I19: =SUMIF(고정형!$BF:$BF,'제품군별 SUMMARY'!$C19,고정형!W:W)/1000000 | J19: =SUMIF(고정형!$BF:$BF,'제품군별 SUMMARY'!$C19,고정형!Y:Y) | K19: =SUMIF(고정형!$BF:$BF,'제품군별 SUMMARY'!$C19,고정형!Z:Z)/1000000 | L19: =SUMIF(고정형!$BF:$BF,'제품군별 SUMMARY'!$C19,고정형!AB:AB) | M19: =SUMIF(고정형!$BF:$BF,'제품군별 SUMMARY'!$C19,고정형!AC:AC)/1000000 | N19: =SUMIF(고정형!$BF:$BF,'제품군별 SUMMARY'!$C19,고정형!AE:AE) | O19: =SUMIF(고정형!$BF:$BF,'제품군별 SUMMARY'!$C19,고정형!AF:AF)/1000000 | P19: =SUMIF(고정형!$BF:$BF,'제품군별 SUMMARY'!$C19,고정형!AH:AH) | Q19: =SUMIF(고정형!$BF:$BF,'제품군별 SUMMARY'!$C19,고정형!AI:AI)/1000000 | R19: =SUMIF(고정형!$BF:$BF,'제품군별 SUMMARY'!$C19,고정형!AK:AK) | S19: =SUMIF(고정형!$BF:$BF,'제품군별 SUMMARY'!$C19,고정형!AL:AL)/1000000 | T19: =SUMIF(고정형!$BF:$BF,'제품군별 SUMMARY'!$C19,고정형!AN:AN) | U19: =SUMIF(고정형!$BF:$BF,'제품군별 SUMMARY'!$C19,고정형!AO:AO)/1000000 | V19: =SUMIF(고정형!$BF:$BF,'제품군별 SUMMARY'!$C19,고정형!AQ:AQ) | W19: =SUMIF(고정형!$BF:$BF,'제품군별 SUMMARY'!$C19,고정형!AR:AR)/1000000 | X19: =SUMIF(고정형!$BF:$BF,'제품군별 SUMMARY'!$C19,고정형!AT:AT) | Y19: =SUMIF(고정형!$BF:$BF,'제품군별 SUMMARY'!$C19,고정형!AU:AU)/1000000 | Z19: =SUMIF(고정형!$BF:$BF,'제품군별 SUMMARY'!$C19,고정형!AW:AW) | AA19: =SUMIF(고정형!$BF:$BF,'제품군별 SUMMARY'!$C19,고정형!AX:AX)/1000000
C20: CGS 중형 | D20: =SUMIF(고정형!$BF:$BF,'제품군별 SUMMARY'!$C20,고정형!P:P) | E20: =SUMIF(고정형!$BF:$BF,'제품군별 SUMMARY'!$C20,고정형!Q:Q)/1000000 | F20: =SUMIF(고정형!$BF:$BF,'제품군별 SUMMARY'!$C20,고정형!S:S) | G20: =SUMIF(고정형!$BF:$BF,'제품군별 SUMMARY'!$C20,고정형!T:T)/1000000 | H20: =SUMIF(고정형!$BF:$BF,'제품군별 SUMMARY'!$C20,고정형!V:V) | I20: =SUMIF(고정형!$BF:$BF,'제품군별 SUMMARY'!$C20,고정형!W:W)/1000000 | J20: =SUMIF(고정형!$BF:$BF,'제품군별 SUMMARY'!$C20,고정형!Y:Y) | K20: =SUMIF(고정형!$BF:$BF,'제품군별 SUMMARY'!$C20,고정형!Z:Z)/1000000 | L20: =SUMIF(고정형!$BF:$BF,'제품군별 SUMMARY'!$C20,고정형!AB:AB) | M20: =SUMIF(고정형!$BF:$BF,'제품군별 SUMMARY'!$C20,고정형!AC:AC)/1000000 | N20: =SUMIF(고정형!$BF:$BF,'제품군별 SUMMARY'!$C20,고정형!AE:AE) | O20: =SUMIF(고정형!$BF:$BF,'제품군별 SUMMARY'!$C20,고정형!AF:AF)/1000000 | P20: =SUMIF(고정형!$BF:$BF,'제품군별 SUMMARY'!$C20,고정형!AH:AH) | Q20: =SUMIF(고정형!$BF:$BF,'제품군별 SUMMARY'!$C20,고정형!AI:AI)/1000000 | R20: =SUMIF(고정형!$BF:$BF,'제품군별 SUMMARY'!$C20,고정형!AK:AK) | S20: =SUMIF(고정형!$BF:$BF,'제품군별 SUMMARY'!$C20,고정형!AL:AL)/1000000 | T20: =SUMIF(고정형!$BF:$BF,'제품군별 SUMMARY'!$C20,고정형!AN:AN) | U20: =SUMIF(고정형!$BF:$BF,'제품군별 SUMMARY'!$C20,고정형!AO:AO)/1000000 | V20: =SUMIF(고정형!$BF:$BF,'제품군별 SUMMARY'!$C20,고정형!AQ:AQ) | W20: =SUMIF(고정형!$BF:$BF,'제품군별 SUMMARY'!$C20,고정형!AR:AR)/1000000 | X20: =SUMIF(고정형!$BF:$BF,'제품군별 SUMMARY'!$C20,고정형!AT:AT) | Y20: =SUMIF(고정형!$BF:$BF,'제품군별 SUMMARY'!$C20,고정형!AU:AU)/1000000 | Z20: =SUMIF(고정형!$BF:$BF,'제품군별 SUMMARY'!$C20,고정형!AW:AW) | AA20: =SUMIF(고정형!$BF:$BF,'제품군별 SUMMARY'!$C20,고정형!AX:AX)/1000000
C21: ES 대형 | D21: =SUMIF(고정형!$BF:$BF,'제품군별 SUMMARY'!$C21,고정형!P:P) | E21: =SUMIF(고정형!$BF:$BF,'제품군별 SUMMARY'!$C21,고정형!Q:Q)/1000000 | F21: =SUMIF(고정형!$BF:$BF,'제품군별 SUMMARY'!$C21,고정형!S:S) | G21: =SUMIF(고정형!$BF:$BF,'제품군별 SUMMARY'!$C21,고정형!T:T)/1000000 | H21: =SUMIF(고정형!$BF:$BF,'제품군별 SUMMARY'!$C21,고정형!V:V) | I21: =SUMIF(고정형!$BF:$BF,'제품군별 SUMMARY'!$C21,고정형!W:W)/1000000 | J21: =SUMIF(고정형!$BF:$BF,'제품군별 SUMMARY'!$C21,고정형!Y:Y) | K21: =SUMIF(고정형!$BF:$BF,'제품군별 SUMMARY'!$C21,고정형!Z:Z)/1000000 | L21: =SUMIF(고정형!$BF:$BF,'제품군별 SUMMARY'!$C21,고정형!AB:AB) | M21: =SUMIF(고정형!$BF:$BF,'제품군별 SUMMARY'!$C21,고정형!AC:AC)/1000000 | N21: =SUMIF(고정형!$BF:$BF,'제품군별 SUMMARY'!$C21,고정형!AE:AE) | O21: =SUMIF(고정형!$BF:$BF,'제품군별 SUMMARY'!$C21,고정형!AF:AF)/1000000 | P21: =SUMIF(고정형!$BF:$BF,'제품군별 SUMMARY'!$C21,고정형!AH:AH) | Q21: =SUMIF(고정형!$BF:$BF,'제품군별 SUMMARY'!$C21,고정형!AI:AI)/1000000 | R21: =SUMIF(고정형!$BF:$BF,'제품군별 SUMMARY'!$C21,고정형!AK:AK) | S21: =SUMIF(고정형!$BF:$BF,'제품군별 SUMMARY'!$C21,고정형!AL:AL)/1000000 | T21: =SUMIF(고정형!$BF:$BF,'제품군별 SUMMARY'!$C21,고정형!AN:AN) | U21: =SUMIF(고정형!$BF:$BF,'제품군별 SUMMARY'!$C21,고정형!AO:AO)/1000000 | V21: =SUMIF(고정형!$BF:$BF,'제품군별 SUMMARY'!$C21,고정형!AQ:AQ) | W21: =SUMIF(고정형!$BF:$BF,'제품군별 SUMMARY'!$C21,고정형!AR:AR)/1000000 | X21: =SUMIF(고정형!$BF:$BF,'제품군별 SUMMARY'!$C21,고정형!AT:AT) | Y21: =SUMIF(고정형!$BF:$BF,'제품군별 SUMMARY'!$C21,고정형!AU:AU)/1000000 | Z21: =SUMIF(고정형!$BF:$BF,'제품군별 SUMMARY'!$C21,고정형!AW:AW) | AA21: =SUMIF(고정형!$BF:$BF,'제품군별 SUMMARY'!$C21,고정형!AX:AX)/1000000
C22: ES 소형 | D22: =SUMIF(고정형!$BF:$BF,'제품군별 SUMMARY'!$C22,고정형!P:P) | E22: =SUMIF(고정형!$BF:$BF,'제품군별 SUMMARY'!$C22,고정형!Q:Q)/1000000 | F22: =SUMIF(고정형!$BF:$BF,'제품군별 SUMMARY'!$C22,고정형!S:S) | G22: =SUMIF(고정형!$BF:$BF,'제품군별 SUMMARY'!$C22,고정형!T:T)/1000000 | H22: =SUMIF(고정형!$BF:$BF,'제품군별 SUMMARY'!$C22,고정형!V:V) | I22: =SUMIF(고정형!$BF:$BF,'제품군별 SUMMARY'!$C22,고정형!W:W)/1000000 | J22: =SUMIF(고정형!$BF:$BF,'제품군별 SUMMARY'!$C22,고정형!Y:Y) | K22: =SUMIF(고정형!$BF:$BF,'제품군별 SUMMARY'!$C22,고정형!Z:Z)/1000000 | L22: =SUMIF(고정형!$BF:$BF,'제품군별 SUMMARY'!$C22,고정형!AB:AB) | M22: =SUMIF(고정형!$BF:$BF,'제품군별 SUMMARY'!$C22,고정형!AC:AC)/1000000 | N22: =SUMIF(고정형!$BF:$BF,'제품군별 SUMMARY'!$C22,고정형!AE:AE) | O22: =SUMIF(고정형!$BF:$BF,'제품군별 SUMMARY'!$C22,고정형!AF:AF)/1000000 | P22: =SUMIF(고정형!$BF:$BF,'제품군별 SUMMARY'!$C22,고정형!AH:AH) | Q22: =SUMIF(고정형!$BF:$BF,'제품군별 SUMMARY'!$C22,고정형!AI:AI)/1000000 | R22: =SUMIF(고정형!$BF:$BF,'제품군별 SUMMARY'!$C22,고정형!AK:AK) | S22: =SUMIF(고정형!$BF:$BF,'제품군별 SUMMARY'!$C22,고정형!AL:AL)/1000000 | T22: =SUMIF(고정형!$BF:$BF,'제품군별 SUMMARY'!$C22,고정형!AN:AN) | U22: =SUMIF(고정형!$BF:$BF,'제품군별 SUMMARY'!$C22,고정형!AO:AO)/1000000 | V22: =SUMIF(고정형!$BF:$BF,'제품군별 SUMMARY'!$C22,고정형!AQ:AQ) | W22: =SUMIF(고정형!$BF:$BF,'제품군별 SUMMARY'!$C22,고정형!AR:AR)/1000000 | X22: =SUMIF(고정형!$BF:$BF,'제품군별 SUMMARY'!$C22,고정형!AT:AT) | Y22: =SUMIF(고정형!$BF:$BF,'제품군별 SUMMARY'!$C22,고정형!AU:AU)/1000000 | Z22: =SUMIF(고정형!$BF:$BF,'제품군별 SUMMARY'!$C22,고정형!AW:AW) | AA22: =SUMIF(고정형!$BF:$BF,'제품군별 SUMMARY'!$C22,고정형!AX:AX)/1000000
C23: ES 중형 | D23: =SUMIF(고정형!$BF:$BF,'제품군별 SUMMARY'!$C23,고정형!P:P) | E23: =SUMIF(고정형!$BF:$BF,'제품군별 SUMMARY'!$C23,고정형!Q:Q)/1000000 | F23: =SUMIF(고정형!$BF:$BF,'제품군별 SUMMARY'!$C23,고정형!S:S) | G23: =SUMIF(고정형!$BF:$BF,'제품군별 SUMMARY'!$C23,고정형!T:T)/1000000 | H23: =SUMIF(고정형!$BF:$BF,'제품군별 SUMMARY'!$C23,고정형!V:V) | I23: =SUMIF(고정형!$BF:$BF,'제품군별 SUMMARY'!$C23,고정형!W:W)/1000000 | J23: =SUMIF(고정형!$BF:$BF,'제품군별 SUMMARY'!$C23,고정형!Y:Y) | K23: =SUMIF(고정형!$BF:$BF,'제품군별 SUMMARY'!$C23,고정형!Z:Z)/1000000 | L23: =SUMIF(고정형!$BF:$BF,'제품군별 SUMMARY'!$C23,고정형!AB:AB) | M23: =SUMIF(고정형!$BF:$BF,'제품군별 SUMMARY'!$C23,고정형!AC:AC)/1000000 | N23: =SUMIF(고정형!$BF:$BF,'제품군별 SUMMARY'!$C23,고정형!AE:AE) | O23: =SUMIF(고정형!$BF:$BF,'제품군별 SUMMARY'!$C23,고정형!AF:AF)/1000000 | P23: =SUMIF(고정형!$BF:$BF,'제품군별 SUMMARY'!$C23,고정형!AH:AH) | Q23: =SUMIF(고정형!$BF:$BF,'제품군별 SUMMARY'!$C23,고정형!AI:AI)/1000000 | R23: =SUMIF(고정형!$BF:$BF,'제품군별 SUMMARY'!$C23,고정형!AK:AK) | S23: =SUMIF(고정형!$BF:$BF,'제품군별 SUMMARY'!$C23,고정형!AL:AL)/1000000 | T23: =SUMIF(고정형!$BF:$BF,'제품군별 SUMMARY'!$C23,고정형!AN:AN) | U23: =SUMIF(고정형!$BF:$BF,'제품군별 SUMMARY'!$C23,고정형!AO:AO)/1000000 | V23: =SUMIF(고정형!$BF:$BF,'제품군별 SUMMARY'!$C23,고정형!AQ:AQ) | W23: =SUMIF(고정형!$BF:$BF,'제품군별 SUMMARY'!$C23,고정형!AR:AR)/1000000 | X23: =SUMIF(고정형!$BF:$BF,'제품군별 SUMMARY'!$C23,고정형!AT:AT) | Y23: =SUMIF(고정형!$BF:$BF,'제품군별 SUMMARY'!$C23,고정형!AU:AU)/1000000 | Z23: =SUMIF(고정형!$BF:$BF,'제품군별 SUMMARY'!$C23,고정형!AW:AW) | AA23: =SUMIF(고정형!$BF:$BF,'제품군별 SUMMARY'!$C23,고정형!AX:AX)/1000000
C24: GSL 대형 | D24: =SUMIF(고정형!$BF:$BF,'제품군별 SUMMARY'!$C24,고정형!P:P) | E24: =SUMIF(고정형!$BF:$BF,'제품군별 SUMMARY'!$C24,고정형!Q:Q)/1000000 | F24: =SUMIF(고정형!$BF:$BF,'제품군별 SUMMARY'!$C24,고정형!S:S) | G24: =SUMIF(고정형!$BF:$BF,'제품군별 SUMMARY'!$C24,고정형!T:T)/1000000 | H24: =SUMIF(고정형!$BF:$BF,'제품군별 SUMMARY'!$C24,고정형!V:V) | I24: =SUMIF(고정형!$BF:$BF,'제품군별 SUMMARY'!$C24,고정형!W:W)/1000000 | J24: =SUMIF(고정형!$BF:$BF,'제품군별 SUMMARY'!$C24,고정형!Y:Y) | K24: =SUMIF(고정형!$BF:$BF,'제품군별 SUMMARY'!$C24,고정형!Z:Z)/1000000 | L24: =SUMIF(고정형!$BF:$BF,'제품군별 SUMMARY'!$C24,고정형!AB:AB) | M24: =SUMIF(고정형!$BF:$BF,'제품군별 SUMMARY'!$C24,고정형!AC:AC)/1000000 | N24: =SUMIF(고정형!$BF:$BF,'제품군별 SUMMARY'!$C24,고정형!AE:AE) | O24: =SUMIF(고정형!$BF:$BF,'제품군별 SUMMARY'!$C24,고정형!AF:AF)/1000000 | P24: =SUMIF(고정형!$BF:$BF,'제품군별 SUMMARY'!$C24,고정형!AH:AH) | Q24: =SUMIF(고정형!$BF:$BF,'제품군별 SUMMARY'!$C24,고정형!AI:AI)/1000000 | R24: =SUMIF(고정형!$BF:$BF,'제품군별 SUMMARY'!$C24,고정형!AK:AK) | S24: =SUMIF(고정형!$BF:$BF,'제품군별 SUMMARY'!$C24,고정형!AL:AL)/1000000 | T24: =SUMIF(고정형!$BF:$BF,'제품군별 SUMMARY'!$C24,고정형!AN:AN) | U24: =SUMIF(고정형!$BF:$BF,'제품군별 SUMMARY'!$C24,고정형!AO:AO)/1000000 | V24: =SUMIF(고정형!$BF:$BF,'제품군별 SUMMARY'!$C24,고정형!AQ:AQ) | W24: =SUMIF(고정형!$BF:$BF,'제품군별 SUMMARY'!$C24,고정형!AR:AR)/1000000 | X24: =SUMIF(고정형!$BF:$BF,'제품군별 SUMMARY'!$C24,고정형!AT:AT) | Y24: =SUMIF(고정형!$BF:$BF,'제품군별 SUMMARY'!$C24,고정형!AU:AU)/1000000 | Z24: =SUMIF(고정형!$BF:$BF,'제품군별 SUMMARY'!$C24,고정형!AW:AW) | AA24: =SUMIF(고정형!$BF:$BF,'제품군별 SUMMARY'!$C24,고정형!AX:AX)/1000000
C25: GSL 소형 | D25: =SUMIF(고정형!$BF:$BF,'제품군별 SUMMARY'!$C25,고정형!P:P) | E25: =SUMIF(고정형!$BF:$BF,'제품군별 SUMMARY'!$C25,고정형!Q:Q)/1000000 | F25: =SUMIF(고정형!$BF:$BF,'제품군별 SUMMARY'!$C25,고정형!S:S) | G25: =SUMIF(고정형!$BF:$BF,'제품군별 SUMMARY'!$C25,고정형!T:T)/1000000 | H25: =SUMIF(고정형!$BF:$BF,'제품군별 SUMMARY'!$C25,고정형!V:V) | I25: =SUMIF(고정형!$BF:$BF,'제품군별 SUMMARY'!$C25,고정형!W:W)/1000000 | J25: =SUMIF(고정형!$BF:$BF,'제품군별 SUMMARY'!$C25,고정형!Y:Y) | K25: =SUMIF(고정형!$BF:$BF,'제품군별 SUMMARY'!$C25,고정형!Z:Z)/1000000 | L25: =SUMIF(고정형!$BF:$BF,'제품군별 SUMMARY'!$C25,고정형!AB:AB) | M25: =SUMIF(고정형!$BF:$BF,'제품군별 SUMMARY'!$C25,고정형!AC:AC)/1000000 | N25: =SUMIF(고정형!$BF:$BF,'제품군별 SUMMARY'!$C25,고정형!AE:AE) | O25: =SUMIF(고정형!$BF:$BF,'제품군별 SUMMARY'!$C25,고정형!AF:AF)/1000000 | P25: =SUMIF(고정형!$BF:$BF,'제품군별 SUMMARY'!$C25,고정형!AH:AH) | Q25: =SUMIF(고정형!$BF:$BF,'제품군별 SUMMARY'!$C25,고정형!AI:AI)/1000000 | R25: =SUMIF(고정형!$BF:$BF,'제품군별 SUMMARY'!$C25,고정형!AK:AK) | S25: =SUMIF(고정형!$BF:$BF,'제품군별 SUMMARY'!$C25,고정형!AL:AL)/1000000 | T25: =SUMIF(고정형!$BF:$BF,'제품군별 SUMMARY'!$C25,고정형!AN:AN) | U25: =SUMIF(고정형!$BF:$BF,'제품군별 SUMMARY'!$C25,고정형!AO:AO)/1000000 | V25: =SUMIF(고정형!$BF:$BF,'제품군별 SUMMARY'!$C25,고정형!AQ:AQ) | W25: =SUMIF(고정형!$BF:$BF,'제품군별 SUMMARY'!$C25,고정형!AR:AR)/1000000 | X25: =SUMIF(고정형!$BF:$BF,'제품군별 SUMMARY'!$C25,고정형!AT:AT) | Y25: =SUMIF(고정형!$BF:$BF,'제품군별 SUMMARY'!$C25,고정형!AU:AU)/1000000 | Z25: =SUMIF(고정형!$BF:$BF,'제품군별 SUMMARY'!$C25,고정형!AW:AW) | AA25: =SUMIF(고정형!$BF:$BF,'제품군별 SUMMARY'!$C25,고정형!AX:AX)/1000000
C26: GSL 중형 | D26: =SUMIF(고정형!$BF:$BF,'제품군별 SUMMARY'!$C26,고정형!P:P) | E26: =SUMIF(고정형!$BF:$BF,'제품군별 SUMMARY'!$C26,고정형!Q:Q)/1000000 | F26: =SUMIF(고정형!$BF:$BF,'제품군별 SUMMARY'!$C26,고정형!S:S) | G26: =SUMIF(고정형!$BF:$BF,'제품군별 SUMMARY'!$C26,고정형!T:T)/1000000 | H26: =SUMIF(고정형!$BF:$BF,'제품군별 SUMMARY'!$C26,고정형!V:V) | I26: =SUMIF(고정형!$BF:$BF,'제품군별 SUMMARY'!$C26,고정형!W:W)/1000000 | J26: =SUMIF(고정형!$BF:$BF,'제품군별 SUMMARY'!$C26,고정형!Y:Y) | K26: =SUMIF(고정형!$BF:$BF,'제품군별 SUMMARY'!$C26,고정형!Z:Z)/1000000 | L26: =SUMIF(고정형!$BF:$BF,'제품군별 SUMMARY'!$C26,고정형!AB:AB) | M26: =SUMIF(고정형!$BF:$BF,'제품군별 SUMMARY'!$C26,고정형!AC:AC)/1000000 | N26: =SUMIF(고정형!$BF:$BF,'제품군별 SUMMARY'!$C26,고정형!AE:AE) | O26: =SUMIF(고정형!$BF:$BF,'제품군별 SUMMARY'!$C26,고정형!AF:AF)/1000000 | P26: =SUMIF(고정형!$BF:$BF,'제품군별 SUMMARY'!$C26,고정형!AH:AH) | Q26: =SUMIF(고정형!$BF:$BF,'제품군별 SUMMARY'!$C26,고정형!AI:AI)/1000000 | R26: =SUMIF(고정형!$BF:$BF,'제품군별 SUMMARY'!$C26,고정형!AK:AK) | S26: =SUMIF(고정형!$BF:$BF,'제품군별 SUMMARY'!$C26,고정형!AL:AL)/1000000 | T26: =SUMIF(고정형!$BF:$BF,'제품군별 SUMMARY'!$C26,고정형!AN:AN) | U26: =SUMIF(고정형!$BF:$BF,'제품군별 SUMMARY'!$C26,고정형!AO:AO)/1000000 | V26: =SUMIF(고정형!$BF:$BF,'제품군별 SUMMARY'!$C26,고정형!AQ:AQ) | W26: =SUMIF(고정형!$BF:$BF,'제품군별 SUMMARY'!$C26,고정형!AR:AR)/1000000 | X26: =SUMIF(고정형!$BF:$BF,'제품군별 SUMMARY'!$C26,고정형!AT:AT) | Y26: =SUMIF(고정형!$BF:$BF,'제품군별 SUMMARY'!$C26,고정형!AU:AU)/1000000 | Z26: =SUMIF(고정형!$BF:$BF,'제품군별 SUMMARY'!$C26,고정형!AW:AW) | AA26: =SUMIF(고정형!$BF:$BF,'제품군별 SUMMARY'!$C26,고정형!AX:AX)/1000000
C27: LM | D27: =SUMIF(고정형!$BF:$BF,'제품군별 SUMMARY'!$C27,고정형!P:P) | E27: =SUMIF(고정형!$BF:$BF,'제품군별 SUMMARY'!$C27,고정형!Q:Q)/1000000 | F27: =SUMIF(고정형!$BF:$BF,'제품군별 SUMMARY'!$C27,고정형!S:S) | G27: =SUMIF(고정형!$BF:$BF,'제품군별 SUMMARY'!$C27,고정형!T:T)/1000000 | H27: =SUMIF(고정형!$BF:$BF,'제품군별 SUMMARY'!$C27,고정형!V:V) | I27: =SUMIF(고정형!$BF:$BF,'제품군별 SUMMARY'!$C27,고정형!W:W)/1000000 | J27: =SUMIF(고정형!$BF:$BF,'제품군별 SUMMARY'!$C27,고정형!Y:Y) | K27: =SUMIF(고정형!$BF:$BF,'제품군별 SUMMARY'!$C27,고정형!Z:Z)/1000000 | L27: =SUMIF(고정형!$BF:$BF,'제품군별 SUMMARY'!$C27,고정형!AB:AB) | M27: =SUMIF(고정형!$BF:$BF,'제품군별 SUMMARY'!$C27,고정형!AC:AC)/1000000 | N27: =SUMIF(고정형!$BF:$BF,'제품군별 SUMMARY'!$C27,고정형!AE:AE) | O27: =SUMIF(고정형!$BF:$BF,'제품군별 SUMMARY'!$C27,고정형!AF:AF)/1000000 | P27: =SUMIF(고정형!$BF:$BF,'제품군별 SUMMARY'!$C27,고정형!AH:AH) | Q27: =SUMIF(고정형!$BF:$BF,'제품군별 SUMMARY'!$C27,고정형!AI:AI)/1000000 | R27: =SUMIF(고정형!$BF:$BF,'제품군별 SUMMARY'!$C27,고정형!AK:AK) | S27: =SUMIF(고정형!$BF:$BF,'제품군별 SUMMARY'!$C27,고정형!AL:AL)/1000000 | T27: =SUMIF(고정형!$BF:$BF,'제품군별 SUMMARY'!$C27,고정형!AN:AN) | U27: =SUMIF(고정형!$BF:$BF,'제품군별 SUMMARY'!$C27,고정형!AO:AO)/1000000 | V27: =SUMIF(고정형!$BF:$BF,'제품군별 SUMMARY'!$C27,고정형!AQ:AQ) | W27: =SUMIF(고정형!$BF:$BF,'제품군별 SUMMARY'!$C27,고정형!AR:AR)/1000000 | X27: =SUMIF(고정형!$BF:$BF,'제품군별 SUMMARY'!$C27,고정형!AT:AT) | Y27: =SUMIF(고정형!$BF:$BF,'제품군별 SUMMARY'!$C27,고정형!AU:AU)/1000000 | Z27: =SUMIF(고정형!$BF:$BF,'제품군별 SUMMARY'!$C27,고정형!AW:AW) | AA27: =SUMIF(고정형!$BF:$BF,'제품군별 SUMMARY'!$C27,고정형!AX:AX)/1000000
C28: MSB 대형 | D28: =SUMIF(고정형!$BF:$BF,'제품군별 SUMMARY'!$C28,고정형!P:P) | E28: =SUMIF(고정형!$BF:$BF,'제품군별 SUMMARY'!$C28,고정형!Q:Q)/1000000 | F28: =SUMIF(고정형!$BF:$BF,'제품군별 SUMMARY'!$C28,고정형!S:S) | G28: =SUMIF(고정형!$BF:$BF,'제품군별 SUMMARY'!$C28,고정형!T:T)/1000000 | H28: =SUMIF(고정형!$BF:$BF,'제품군별 SUMMARY'!$C28,고정형!V:V) | I28: =SUMIF(고정형!$BF:$BF,'제품군별 SUMMARY'!$C28,고정형!W:W)/1000000 | J28: =SUMIF(고정형!$BF:$BF,'제품군별 SUMMARY'!$C28,고정형!Y:Y) | K28: =SUMIF(고정형!$BF:$BF,'제품군별 SUMMARY'!$C28,고정형!Z:Z)/1000000 | L28: =SUMIF(고정형!$BF:$BF,'제품군별 SUMMARY'!$C28,고정형!AB:AB) | M28: =SUMIF(고정형!$BF:$BF,'제품군별 SUMMARY'!$C28,고정형!AC:AC)/1000000 | N28: =SUMIF(고정형!$BF:$BF,'제품군별 SUMMARY'!$C28,고정형!AE:AE) | O28: =SUMIF(고정형!$BF:$BF,'제품군별 SUMMARY'!$C28,고정형!AF:AF)/1000000 | P28: =SUMIF(고정형!$BF:$BF,'제품군별 SUMMARY'!$C28,고정형!AH:AH) | Q28: =SUMIF(고정형!$BF:$BF,'제품군별 SUMMARY'!$C28,고정형!AI:AI)/1000000 | R28: =SUMIF(고정형!$BF:$BF,'제품군별 SUMMARY'!$C28,고정형!AK:AK) | S28: =SUMIF(고정형!$BF:$BF,'제품군별 SUMMARY'!$C28,고정형!AL:AL)/1000000 | T28: =SUMIF(고정형!$BF:$BF,'제품군별 SUMMARY'!$C28,고정형!AN:AN) | U28: =SUMIF(고정형!$BF:$BF,'제품군별 SUMMARY'!$C28,고정형!AO:AO)/1000000 | V28: =SUMIF(고정형!$BF:$BF,'제품군별 SUMMARY'!$C28,고정형!AQ:AQ) | W28: =SUMIF(고정형!$BF:$BF,'제품군별 SUMMARY'!$C28,고정형!AR:AR)/1000000 | X28: =SUMIF(고정형!$BF:$BF,'제품군별 SUMMARY'!$C28,고정형!AT:AT) | Y28: =SUMIF(고정형!$BF:$BF,'제품군별 SUMMARY'!$C28,고정형!AU:AU)/1000000 | Z28: =SUMIF(고정형!$BF:$BF,'제품군별 SUMMARY'!$C28,고정형!AW:AW) | AA28: =SUMIF(고정형!$BF:$BF,'제품군별 SUMMARY'!$C28,고정형!AX:AX)/1000000
C29: MSB 소형 | D29: =SUMIF(고정형!$BF:$BF,'제품군별 SUMMARY'!$C29,고정형!P:P) | E29: =SUMIF(고정형!$BF:$BF,'제품군별 SUMMARY'!$C29,고정형!Q:Q)/1000000 | F29: =SUMIF(고정형!$BF:$BF,'제품군별 SUMMARY'!$C29,고정형!S:S) | G29: =SUMIF(고정형!$BF:$BF,'제품군별 SUMMARY'!$C29,고정형!T:T)/1000000 | H29: =SUMIF(고정형!$BF:$BF,'제품군별 SUMMARY'!$C29,고정형!V:V) | I29: =SUMIF(고정형!$BF:$BF,'제품군별 SUMMARY'!$C29,고정형!W:W)/1000000 | J29: =SUMIF(고정형!$BF:$BF,'제품군별 SUMMARY'!$C29,고정형!Y:Y) | K29: =SUMIF(고정형!$BF:$BF,'제품군별 SUMMARY'!$C29,고정형!Z:Z)/1000000 | L29: =SUMIF(고정형!$BF:$BF,'제품군별 SUMMARY'!$C29,고정형!AB:AB) | M29: =SUMIF(고정형!$BF:$BF,'제품군별 SUMMARY'!$C29,고정형!AC:AC)/1000000 | N29: =SUMIF(고정형!$BF:$BF,'제품군별 SUMMARY'!$C29,고정형!AE:AE) | O29: =SUMIF(고정형!$BF:$BF,'제품군별 SUMMARY'!$C29,고정형!AF:AF)/1000000 | P29: =SUMIF(고정형!$BF:$BF,'제품군별 SUMMARY'!$C29,고정형!AH:AH) | Q29: =SUMIF(고정형!$BF:$BF,'제품군별 SUMMARY'!$C29,고정형!AI:AI)/1000000 | R29: =SUMIF(고정형!$BF:$BF,'제품군별 SUMMARY'!$C29,고정형!AK:AK) | S29: =SUMIF(고정형!$BF:$BF,'제품군별 SUMMARY'!$C29,고정형!AL:AL)/1000000 | T29: =SUMIF(고정형!$BF:$BF,'제품군별 SUMMARY'!$C29,고정형!AN:AN) | U29: =SUMIF(고정형!$BF:$BF,'제품군별 SUMMARY'!$C29,고정형!AO:AO)/1000000 | V29: =SUMIF(고정형!$BF:$BF,'제품군별 SUMMARY'!$C29,고정형!AQ:AQ) | W29: =SUMIF(고정형!$BF:$BF,'제품군별 SUMMARY'!$C29,고정형!AR:AR)/1000000 | X29: =SUMIF(고정형!$BF:$BF,'제품군별 SUMMARY'!$C29,고정형!AT:AT) | Y29: =SUMIF(고정형!$BF:$BF,'제품군별 SUMMARY'!$C29,고정형!AU:AU)/1000000 | Z29: =SUMIF(고정형!$BF:$BF,'제품군별 SUMMARY'!$C29,고정형!AW:AW) | AA29: =SUMIF(고정형!$BF:$BF,'제품군별 SUMMARY'!$C29,고정형!AX:AX)/1000000
C30: MSB 중형 | D30: =SUMIF(고정형!$BF:$BF,'제품군별 SUMMARY'!$C30,고정형!P:P) | E30: =SUMIF(고정형!$BF:$BF,'제품군별 SUMMARY'!$C30,고정형!Q:Q)/1000000 | F30: =SUMIF(고정형!$BF:$BF,'제품군별 SUMMARY'!$C30,고정형!S:S) | G30: =SUMIF(고정형!$BF:$BF,'제품군별 SUMMARY'!$C30,고정형!T:T)/1000000 | H30: =SUMIF(고정형!$BF:$BF,'제품군별 SUMMARY'!$C30,고정형!V:V) | I30: =SUMIF(고정형!$BF:$BF,'제품군별 SUMMARY'!$C30,고정형!W:W)/1000000 | J30: =SUMIF(고정형!$BF:$BF,'제품군별 SUMMARY'!$C30,고정형!Y:Y) | K30: =SUMIF(고정형!$BF:$BF,'제품군별 SUMMARY'!$C30,고정형!Z:Z)/1000000 | L30: =SUMIF(고정형!$BF:$BF,'제품군별 SUMMARY'!$C30,고정형!AB:AB) | M30: =SUMIF(고정형!$BF:$BF,'제품군별 SUMMARY'!$C30,고정형!AC:AC)/1000000 | N30: =SUMIF(고정형!$BF:$BF,'제품군별 SUMMARY'!$C30,고정형!AE:AE) | O30: =SUMIF(고정형!$BF:$BF,'제품군별 SUMMARY'!$C30,고정형!AF:AF)/1000000 | P30: =SUMIF(고정형!$BF:$BF,'제품군별 SUMMARY'!$C30,고정형!AH:AH) | Q30: =SUMIF(고정형!$BF:$BF,'제품군별 SUMMARY'!$C30,고정형!AI:AI)/1000000 | R30: =SUMIF(고정형!$BF:$BF,'제품군별 SUMMARY'!$C30,고정형!AK:AK) | S30: =SUMIF(고정형!$BF:$BF,'제품군별 SUMMARY'!$C30,고정형!AL:AL)/1000000 | T30: =SUMIF(고정형!$BF:$BF,'제품군별 SUMMARY'!$C30,고정형!AN:AN) | U30: =SUMIF(고정형!$BF:$BF,'제품군별 SUMMARY'!$C30,고정형!AO:AO)/1000000 | V30: =SUMIF(고정형!$BF:$BF,'제품군별 SUMMARY'!$C30,고정형!AQ:AQ) | W30: =SUMIF(고정형!$BF:$BF,'제품군별 SUMMARY'!$C30,고정형!AR:AR)/1000000 | X30: =SUMIF(고정형!$BF:$BF,'제품군별 SUMMARY'!$C30,고정형!AT:AT) | Y30: =SUMIF(고정형!$BF:$BF,'제품군별 SUMMARY'!$C30,고정형!AU:AU)/1000000 | Z30: =SUMIF(고정형!$BF:$BF,'제품군별 SUMMARY'!$C30,고정형!AW:AW) | AA30: =SUMIF(고정형!$BF:$BF,'제품군별 SUMMARY'!$C30,고정형!AX:AX)/1000000
C31: PS 소형 | D31: =SUMIF(고정형!$BF:$BF,'제품군별 SUMMARY'!$C31,고정형!P:P) | E31: =SUMIF(고정형!$BF:$BF,'제품군별 SUMMARY'!$C31,고정형!Q:Q)/1000000 | F31: =SUMIF(고정형!$BF:$BF,'제품군별 SUMMARY'!$C31,고정형!S:S) | G31: =SUMIF(고정형!$BF:$BF,'제품군별 SUMMARY'!$C31,고정형!T:T)/1000000 | H31: =SUMIF(고정형!$BF:$BF,'제품군별 SUMMARY'!$C31,고정형!V:V) | I31: =SUMIF(고정형!$BF:$BF,'제품군별 SUMMARY'!$C31,고정형!W:W)/1000000 | J31: =SUMIF(고정형!$BF:$BF,'제품군별 SUMMARY'!$C31,고정형!Y:Y) | K31: =SUMIF(고정형!$BF:$BF,'제품군별 SUMMARY'!$C31,고정형!Z:Z)/1000000 | L31: =SUMIF(고정형!$BF:$BF,'제품군별 SUMMARY'!$C31,고정형!AB:AB) | M31: =SUMIF(고정형!$BF:$BF,'제품군별 SUMMARY'!$C31,고정형!AC:AC)/1000000 | N31: =SUMIF(고정형!$BF:$BF,'제품군별 SUMMARY'!$C31,고정형!AE:AE) | O31: =SUMIF(고정형!$BF:$BF,'제품군별 SUMMARY'!$C31,고정형!AF:AF)/1000000 | P31: =SUMIF(고정형!$BF:$BF,'제품군별 SUMMARY'!$C31,고정형!AH:AH) | Q31: =SUMIF(고정형!$BF:$BF,'제품군별 SUMMARY'!$C31,고정형!AI:AI)/1000000 | R31: =SUMIF(고정형!$BF:$BF,'제품군별 SUMMARY'!$C31,고정형!AK:AK) | S31: =SUMIF(고정형!$BF:$BF,'제품군별 SUMMARY'!$C31,고정형!AL:AL)/1000000 | T31: =SUMIF(고정형!$BF:$BF,'제품군별 SUMMARY'!$C31,고정형!AN:AN) | U31: =SUMIF(고정형!$BF:$BF,'제품군별 SUMMARY'!$C31,고정형!AO:AO)/1000000 | V31: =SUMIF(고정형!$BF:$BF,'제품군별 SUMMARY'!$C31,고정형!AQ:AQ) | W31: =SUMIF(고정형!$BF:$BF,'제품군별 SUMMARY'!$C31,고정형!AR:AR)/1000000 | X31: =SUMIF(고정형!$BF:$BF,'제품군별 SUMMARY'!$C31,고정형!AT:AT) | Y31: =SUMIF(고정형!$BF:$BF,'제품군별 SUMMARY'!$C31,고정형!AU:AU)/1000000 | Z31: =SUMIF(고정형!$BF:$BF,'제품군별 SUMMARY'!$C31,고정형!AW:AW) | AA31: =SUMIF(고정형!$BF:$BF,'제품군별 SUMMARY'!$C31,고정형!AX:AX)/1000000
... C41: 산업용 기타 | D41: =SUMIF(고정형!$BF:$BF,'제품군별 SUMMARY'!$C41,고정형!P:P) | E41: =SUMIF(고정형!$BF:$BF,'제품군별 SUMMARY'!$C41,고정형!Q:Q)/1000000 | F41: =SUMIF(고정형!$BF:$BF,'제품군별 SUMMARY'!$C41,고정형!S:S) | G41: =SUMIF(고정형!$BF:$BF,'제품군별 SUMMARY'!$C41,고정형!T:T)/1000000 | H41: =SUMIF(고정형!$BF:$BF,'제품군별 SUMMARY'!$C41,고정형!V:V) | I41: =SUMIF(고정형!$BF:$BF,'제품군별 SUMMARY'!$C41,고정형!W:W)/1000000 | J41: =SUMIF(고정형!$BF:$BF,'제품군별 SUMMARY'!$C41,고정형!Y:Y) | K41: =SUMIF(고정형!$BF:$BF,'제품군별 SUMMARY'!$C41,고정형!Z:Z)/1000000 | L41: =SUMIF(고정형!$BF:$BF,'제품군별 SUMMARY'!$C41,고정형!AB:AB) | M41: =SUMIF(고정형!$BF:$BF,'제품군별 SUMMARY'!$C41,고정형!AC:AC)/1000000 | N41: =SUMIF(고정형!$BF:$BF,'제품군별 SUMMARY'!$C41,고정형!AE:AE) | O41: =SUMIF(고정형!$BF:$BF,'제품군별 SUMMARY'!$C41,고정형!AF:AF)/1000000 | P41: =SUMIF(고정형!$BF:$BF,'제품군별 SUMMARY'!$C41,고정형!AH:AH) | Q41: =SUMIF(고정형!$BF:$BF,'제품군별 SUMMARY'!$C41,고정형!AI:AI)/1000000 | R41: =SUMIF(고정형!$BF:$BF,'제품군별 SUMMARY'!$C41,고정형!AK:AK) | S41: =SUMIF(고정형!$BF:$BF,'제품군별 SUMMARY'!$C41,고정형!AL:AL)/1000000 | T41: =SUMIF(고정형!$BF:$BF,'제품군별 SUMMARY'!$C41,고정형!AN:AN) | U41: =SUMIF(고정형!$BF:$BF,'제품군별 SUMMARY'!$C41,고정형!AO:AO)/1000000 | V41: =SUMIF(고정형!$BF:$BF,'제품군별 SUMMARY'!$C41,고정형!AQ:AQ) | W41: =SUMIF(고정형!$BF:$BF,'제품군별 SUMMARY'!$C41,고정형!AR:AR)/1000000 | X41: =SUMIF(고정형!$BF:$BF,'제품군별 SUMMARY'!$C41,고정형!AT:AT) | Y41: =SUMIF(고정형!$BF:$BF,'제품군별 SUMMARY'!$C41,고정형!AU:AU)/1000000 | Z41: =SUMIF(고정형!$BF:$BF,'제품군별 SUMMARY'!$C41,고정형!AW:AW) | AA41: =SUMIF(고정형!$BF:$BF,'제품군별 SUMMARY'!$C41,고정형!AX:AX)/1000000
B42: 소계 | D42: =SUM(D19:D41) | E42: =SUM(E19:E41) | F42: =SUM(F19:F41) | G42: =SUM(G19:G41) | H42: =SUM(H19:H41) | I42: =SUM(I19:I41) | J42: =SUM(J19:J41) | K42: =SUM(K19:K41) | ... AA42: =SUM(AA19:AA41)
A43: 차량 부문 | B43: 차량대리점 | C43: AGM 3세대 | D43: =SUMIF(차량대리점!$BF:$BF,'제품군별 SUMMARY'!$C43,차량대리점!P:P) | E43: =SUMIF(차량대리점!$BF:$BF,'제품군별 SUMMARY'!$C43,차량대리점!Q:Q)/1000000 | F43: =SUMIF(차량대리점!$BF:$BF,'제품군별 SUMMARY'!$C43,차량대리점!S:S) | G43: =SUMIF(차량대리점!$BF:$BF,'제품군별 SUMMARY'!$C43,차량대리점!T:T)/1000000 | H43: =SUMIF(차량대리점!$BF:$BF,'제품군별 SUMMARY'!$C43,차량대리점!V:V) | I43: =SUMIF(차량대리점!$BF:$BF,'제품군별 SUMMARY'!$C43,차량대리점!W:W)/1000000 | J43: =SUMIF(차량대리점!$BF:$BF,'제품군별 SUMMARY'!$C43,차량대리점!Y:Y) | K43: =SUMIF(차량대리점!$BF:$BF,'제품군별 SUMMARY'!$C43,차량대리점!Z:Z)/1000000 | L43: =SUMIF(차량대리점!$BF:$BF,'제품군별 SUMMARY'!$C43,차량대리점!AB:AB) | M43: =SUMIF(차량대리점!$BF:$BF,'제품군별 SUMMARY'!$C43,차량대리점!AC:AC)/1000000 | N43: =SUMIF(차량대리점!$BF:$BF,'제품군별 SUMMARY'!$C43,차량대리점!AE:AE) | O43: =SUMIF(차량대리점!$BF:$BF,'제품군별 SUMMARY'!$C43,차량대리점!AF:AF)/1000000 | P43: =SUMIF(차량대리점!$BF:$BF,'제품군별 SUMMARY'!$C43,차량대리점!AH:AH) | Q43: =SUMIF(차량대리점!$BF:$BF,'제품군별 SUMMARY'!$C43,차량대리점!AI:AI)/1000000 | R43: =SUMIF(차량대리점!$BF:$BF,'제품군별 SUMMARY'!$C43,차량대리점!AK:AK) | S43: =SUMIF(차량대리점!$BF:$BF,'제품군별 SUMMARY'!$C43,차량대리점!AL:AL)/1000000 | T43: =SUMIF(차량대리점!$BF:$BF,'제품군별 SUMMARY'!$C43,차량대리점!AN:AN) | U43: =SUMIF(차량대리점!$BF:$BF,'제품군별 SUMMARY'!$C43,차량대리점!AO:AO)/1000000 | V43: =SUMIF(차량대리점!$BF:$BF,'제품군별 SUMMARY'!$C43,차량대리점!AQ:AQ) | W43: =SUMIF(차량대리점!$BF:$BF,'제품군별 SUMMARY'!$C43,차량대리점!AR:AR)/1000000 | X43: =SUMIF(차량대리점!$BF:$BF,'제품군별 SUMMARY'!$C43,차량대리점!AT:AT) | Y43: =SUMIF(차량대리점!$BF:$BF,'제품군별 SUMMARY'!$C43,차량대리점!AU:AU)/1000000 | Z43: =SUMIF(차량대리점!$BF:$BF,'제품군별 SUMMARY'!$C43,차량대리점!AW:AW) | AA43: =SUMIF(차량대리점!$BF:$BF,'제품군별 SUMMARY'!$C43,차량대리점!AX:AX)/1000000
C44: PT(CA) 대형 | D44: =SUMIF(차량대리점!$BF:$BF,'제품군별 SUMMARY'!$C44,차량대리점!P:P) | E44: =SUMIF(차량대리점!$BF:$BF,'제품군별 SUMMARY'!$C44,차량대리점!Q:Q)/1000000 | F44: =SUMIF(차량대리점!$BF:$BF,'제품군별 SUMMARY'!$C44,차량대리점!S:S) | G44: =SUMIF(차량대리점!$BF:$BF,'제품군별 SUMMARY'!$C44,차량대리점!T:T)/1000000 | H44: =SUMIF(차량대리점!$BF:$BF,'제품군별 SUMMARY'!$C44,차량대리점!V:V) | I44: =SUMIF(차량대리점!$BF:$BF,'제품군별 SUMMARY'!$C44,차량대리점!W:W)/1000000 | J44: =SUMIF(차량대리점!$BF:$BF,'제품군별 SUMMARY'!$C44,차량대리점!Y:Y) | K44: =SUMIF(차량대리점!$BF:$BF,'제품군별 SUMMARY'!$C44,차량대리점!Z:Z)/1000000 | L44: =SUMIF(차량대리점!$BF:$BF,'제품군별 SUMMARY'!$C44,차량대리점!AB:AB) | M44: =SUMIF(차량대리점!$BF:$BF,'제품군별 SUMMARY'!$C44,차량대리점!AC:AC)/1000000 | N44: =SUMIF(차량대리점!$BF:$BF,'제품군별 SUMMARY'!$C44,차량대리점!AE:AE) | O44: =SUMIF(차량대리점!$BF:$BF,'제품군별 SUMMARY'!$C44,차량대리점!AF:AF)/1000000 | P44: =SUMIF(차량대리점!$BF:$BF,'제품군별 SUMMARY'!$C44,차량대리점!AH:AH) | Q44: =SUMIF(차량대리점!$BF:$BF,'제품군별 SUMMARY'!$C44,차량대리점!AI:AI)/1000000 | R44: =SUMIF(차량대리점!$BF:$BF,'제품군별 SUMMARY'!$C44,차량대리점!AK:AK) | S44: =SUMIF(차량대리점!$BF:$BF,'제품군별 SUMMARY'!$C44,차량대리점!AL:AL)/1000000 | T44: =SUMIF(차량대리점!$BF:$BF,'제품군별 SUMMARY'!$C44,차량대리점!AN:AN) | U44: =SUMIF(차량대리점!$BF:$BF,'제품군별 SUMMARY'!$C44,차량대리점!AO:AO)/1000000 | V44: =SUMIF(차량대리점!$BF:$BF,'제품군별 SUMMARY'!$C44,차량대리점!AQ:AQ) | W44: =SUMIF(차량대리점!$BF:$BF,'제품군별 SUMMARY'!$C44,차량대리점!AR:AR)/1000000 | X44: =SUMIF(차량대리점!$BF:$BF,'제품군별 SUMMARY'!$C44,차량대리점!AT:AT) | Y44: =SUMIF(차량대리점!$BF:$BF,'제품군별 SUMMARY'!$C44,차량대리점!AU:AU)/1000000 | Z44: =SUMIF(차량대리점!$BF:$BF,'제품군별 SUMMARY'!$C44,차량대리점!AW:AW) | AA44: =SUMIF(차량대리점!$BF:$BF,'제품군별 SUMMARY'!$C44,차량대리점!AX:AX)/1000000
C45: MF 농기계 | D45: =SUMIF(차량대리점!$BF:$BF,'제품군별 SUMMARY'!$C45,차량대리점!P:P) | E45: =SUMIF(차량대리점!$BF:$BF,'제품군별 SUMMARY'!$C45,차량대리점!Q:Q)/1000000 | F45: =SUMIF(차량대리점!$BF:$BF,'제품군별 SUMMARY'!$C45,차량대리점!S:S) | G45: =SUMIF(차량대리점!$BF:$BF,'제품군별 SUMMARY'!$C45,차량대리점!T:T)/1000000 | H45: =SUMIF(차량대리점!$BF:$BF,'제품군별 SUMMARY'!$C45,차량대리점!V:V) | I45: =SUMIF(차량대리점!$BF:$BF,'제품군별 SUMMARY'!$C45,차량대리점!W:W)/1000000 | J45: =SUMIF(차량대리점!$BF:$BF,'제품군별 SUMMARY'!$C45,차량대리점!Y:Y) | K45: =SUMIF(차량대리점!$BF:$BF,'제품군별 SUMMARY'!$C45,차량대리점!Z:Z)/1000000 | L45: =SUMIF(차량대리점!$BF:$BF,'제품군별 SUMMARY'!$C45,차량대리점!AB:AB) | M45: =SUMIF(차량대리점!$BF:$BF,'제품군별 SUMMARY'!$C45,차량대리점!AC:AC)/1000000 | N45: =SUMIF(차량대리점!$BF:$BF,'제품군별 SUMMARY'!$C45,차량대리점!AE:AE) | O45: =SUMIF(차량대리점!$BF:$BF,'제품군별 SUMMARY'!$C45,차량대리점!AF:AF)/1000000 | P45: =SUMIF(차량대리점!$BF:$BF,'제품군별 SUMMARY'!$C45,차량대리점!AH:AH) | Q45: =SUMIF(차량대리점!$BF:$BF,'제품군별 SUMMARY'!$C45,차량대리점!AI:AI)/1000000 | R45: =SUMIF(차량대리점!$BF:$BF,'제품군별 SUMMARY'!$C45,차량대리점!AK:AK) | S45: =SUMIF(차량대리점!$BF:$BF,'제품군별 SUMMARY'!$C45,차량대리점!AL:AL)/1000000 | T45: =SUMIF(차량대리점!$BF:$BF,'제품군별 SUMMARY'!$C45,차량대리점!AN:AN) | U45: =SUMIF(차량대리점!$BF:$BF,'제품군별 SUMMARY'!$C45,차량대리점!AO:AO)/1000000 | V45: =SUMIF(차량대리점!$BF:$BF,'제품군별 SUMMARY'!$C45,차량대리점!AQ:AQ) | W45: =SUMIF(차량대리점!$BF:$BF,'제품군별 SUMMARY'!$C45,차량대리점!AR:AR)/1000000 | X45: =SUMIF(차량대리점!$BF:$BF,'제품군별 SUMMARY'!$C45,차량대리점!AT:AT) | Y45: =SUMIF(차량대리점!$BF:$BF,'제품군별 SUMMARY'!$C45,차량대리점!AU:AU)/1000000 | Z45: =SUMIF(차량대리점!$BF:$BF,'제품군별 SUMMARY'!$C45,차량대리점!AW:AW) | AA45: =SUMIF(차량대리점!$BF:$BF,'제품군별 SUMMARY'!$C45,차량대리점!AX:AX)/1000000
C46: GB 농기계 | D46: =SUMIF(차량대리점!$BF:$BF,'제품군별 SUMMARY'!$C46,차량대리점!P:P) | E46: =SUMIF(차량대리점!$BF:$BF,'제품군별 SUMMARY'!$C46,차량대리점!Q:Q)/1000000 | F46: =SUMIF(차량대리점!$BF:$BF,'제품군별 SUMMARY'!$C46,차량대리점!S:S) | G46: =SUMIF(차량대리점!$BF:$BF,'제품군별 SUMMARY'!$C46,차량대리점!T:T)/1000000 | H46: =SUMIF(차량대리점!$BF:$BF,'제품군별 SUMMARY'!$C46,차량대리점!V:V) | I46: =SUMIF(차량대리점!$BF:$BF,'제품군별 SUMMARY'!$C46,차량대리점!W:W)/1000000 | J46: =SUMIF(차량대리점!$BF:$BF,'제품군별 SUMMARY'!$C46,차량대리점!Y:Y) | K46: =SUMIF(차량대리점!$BF:$BF,'제품군별 SUMMARY'!$C46,차량대리점!Z:Z)/1000000 | L46: =SUMIF(차량대리점!$BF:$BF,'제품군별 SUMMARY'!$C46,차량대리점!AB:AB) | M46: =SUMIF(차량대리점!$BF:$BF,'제품군별 SUMMARY'!$C46,차량대리점!AC:AC)/1000000 | N46: =SUMIF(차량대리점!$BF:$BF,'제품군별 SUMMARY'!$C46,차량대리점!AE:AE) | O46: =SUMIF(차량대리점!$BF:$BF,'제품군별 SUMMARY'!$C46,차량대리점!AF:AF)/1000000 | P46: =SUMIF(차량대리점!$BF:$BF,'제품군별 SUMMARY'!$C46,차량대리점!AH:AH) | Q46: =SUMIF(차량대리점!$BF:$BF,'제품군별 SUMMARY'!$C46,차량대리점!AI:AI)/1000000 | R46: =SUMIF(차량대리점!$BF:$BF,'제품군별 SUMMARY'!$C46,차량대리점!AK:AK) | S46: =SUMIF(차량대리점!$BF:$BF,'제품군별 SUMMARY'!$C46,차량대리점!AL:AL)/1000000 | T46: =SUMIF(차량대리점!$BF:$BF,'제품군별 SUMMARY'!$C46,차량대리점!AN:AN) | U46: =SUMIF(차량대리점!$BF:$BF,'제품군별 SUMMARY'!$C46,차량대리점!AO:AO)/1000000 | V46: =SUMIF(차량대리점!$BF:$BF,'제품군별 SUMMARY'!$C46,차량대리점!AQ:AQ) | W46: =SUMIF(차량대리점!$BF:$BF,'제품군별 SUMMARY'!$C46,차량대리점!AR:AR)/1000000 | X46: =SUMIF(차량대리점!$BF:$BF,'제품군별 SUMMARY'!$C46,차량대리점!AT:AT) | Y46: =SUMIF(차량대리점!$BF:$BF,'제품군별 SUMMARY'!$C46,차량대리점!AU:AU)/1000000 | Z46: =SUMIF(차량대리점!$BF:$BF,'제품군별 SUMMARY'!$C46,차량대리점!AW:AW) | AA46: =SUMIF(차량대리점!$BF:$BF,'제품군별 SUMMARY'!$C46,차량대리점!AX:AX)/1000000
C47: FB | D47: =SUMIF(차량대리점!$BF:$BF,'제품군별 SUMMARY'!$C47,차량대리점!P:P) | E47: =SUMIF(차량대리점!$BF:$BF,'제품군별 SUMMARY'!$C47,차량대리점!Q:Q)/1000000 | F47: =SUMIF(차량대리점!$BF:$BF,'제품군별 SUMMARY'!$C47,차량대리점!S:S) | G47: =SUMIF(차량대리점!$BF:$BF,'제품군별 SUMMARY'!$C47,차량대리점!T:T)/1000000 | H47: =SUMIF(차량대리점!$BF:$BF,'제품군별 SUMMARY'!$C47,차량대리점!V:V) | I47: =SUMIF(차량대리점!$BF:$BF,'제품군별 SUMMARY'!$C47,차량대리점!W:W)/1000000 | J47: =SUMIF(차량대리점!$BF:$BF,'제품군별 SUMMARY'!$C47,차량대리점!Y:Y) | K47: =SUMIF(차량대리점!$BF:$BF,'제품군별 SUMMARY'!$C47,차량대리점!Z:Z)/1000000 | L47: =SUMIF(차량대리점!$BF:$BF,'제품군별 SUMMARY'!$C47,차량대리점!AB:AB) | M47: =SUMIF(차량대리점!$BF:$BF,'제품군별 SUMMARY'!$C47,차량대리점!AC:AC)/1000000 | N47: =SUMIF(차량대리점!$BF:$BF,'제품군별 SUMMARY'!$C47,차량대리점!AE:AE) | O47: =SUMIF(차량대리점!$BF:$BF,'제품군별 SUMMARY'!$C47,차량대리점!AF:AF)/1000000 | P47: =SUMIF(차량대리점!$BF:$BF,'제품군별 SUMMARY'!$C47,차량대리점!AH:AH) | Q47: =SUMIF(차량대리점!$BF:$BF,'제품군별 SUMMARY'!$C47,차량대리점!AI:AI)/1000000 | R47: =SUMIF(차량대리점!$BF:$BF,'제품군별 SUMMARY'!$C47,차량대리점!AK:AK) | S47: =SUMIF(차량대리점!$BF:$BF,'제품군별 SUMMARY'!$C47,차량대리점!AL:AL)/1000000 | T47: =SUMIF(차량대리점!$BF:$BF,'제품군별 SUMMARY'!$C47,차량대리점!AN:AN) | U47: =SUMIF(차량대리점!$BF:$BF,'제품군별 SUMMARY'!$C47,차량대리점!AO:AO)/1000000 | V47: =SUMIF(차량대리점!$BF:$BF,'제품군별 SUMMARY'!$C47,차량대리점!AQ:AQ) | W47: =SUMIF(차량대리점!$BF:$BF,'제품군별 SUMMARY'!$C47,차량대리점!AR:AR)/1000000 | X47: =SUMIF(차량대리점!$BF:$BF,'제품군별 SUMMARY'!$C47,차량대리점!AT:AT) | Y47: =SUMIF(차량대리점!$BF:$BF,'제품군별 SUMMARY'!$C47,차량대리점!AU:AU)/1000000 | Z47: =SUMIF(차량대리점!$BF:$BF,'제품군별 SUMMARY'!$C47,차량대리점!AW:AW) | AA47: =SUMIF(차량대리점!$BF:$BF,'제품군별 SUMMARY'!$C47,차량대리점!AX:AX)/1000000
C48: FS | D48: =SUMIF(차량대리점!$BF:$BF,'제품군별 SUMMARY'!$C48,차량대리점!P:P) | E48: =SUMIF(차량대리점!$BF:$BF,'제품군별 SUMMARY'!$C48,차량대리점!Q:Q)/1000000 | F48: =SUMIF(차량대리점!$BF:$BF,'제품군별 SUMMARY'!$C48,차량대리점!S:S) | G48: =SUMIF(차량대리점!$BF:$BF,'제품군별 SUMMARY'!$C48,차량대리점!T:T)/1000000 | H48: =SUMIF(차량대리점!$BF:$BF,'제품군별 SUMMARY'!$C48,차량대리점!V:V) | I48: =SUMIF(차량대리점!$BF:$BF,'제품군별 SUMMARY'!$C48,차량대리점!W:W)/1000000 | J48: =SUMIF(차량대리점!$BF:$BF,'제품군별 SUMMARY'!$C48,차량대리점!Y:Y) | K48: =SUMIF(차량대리점!$BF:$BF,'제품군별 SUMMARY'!$C48,차량대리점!Z:Z)/1000000 | L48: =SUMIF(차량대리점!$BF:$BF,'제품군별 SUMMARY'!$C48,차량대리점!AB:AB) | M48: =SUMIF(차량대리점!$BF:$BF,'제품군별 SUMMARY'!$C48,차량대리점!AC:AC)/1000000 | N48: =SUMIF(차량대리점!$BF:$BF,'제품군별 SUMMARY'!$C48,차량대리점!AE:AE) | O48: =SUMIF(차량대리점!$BF:$BF,'제품군별 SUMMARY'!$C48,차량대리점!AF:AF)/1000000 | P48: =SUMIF(차량대리점!$BF:$BF,'제품군별 SUMMARY'!$C48,차량대리점!AH:AH) | Q48: =SUMIF(차량대리점!$BF:$BF,'제품군별 SUMMARY'!$C48,차량대리점!AI:AI)/1000000 | R48: =SUMIF(차량대리점!$BF:$BF,'제품군별 SUMMARY'!$C48,차량대리점!AK:AK) | S48: =SUMIF(차량대리점!$BF:$BF,'제품군별 SUMMARY'!$C48,차량대리점!AL:AL)/1000000 | T48: =SUMIF(차량대리점!$BF:$BF,'제품군별 SUMMARY'!$C48,차량대리점!AN:AN) | U48: =SUMIF(차량대리점!$BF:$BF,'제품군별 SUMMARY'!$C48,차량대리점!AO:AO)/1000000 | V48: =SUMIF(차량대리점!$BF:$BF,'제품군별 SUMMARY'!$C48,차량대리점!AQ:AQ) | W48: =SUMIF(차량대리점!$BF:$BF,'제품군별 SUMMARY'!$C48,차량대리점!AR:AR)/1000000 | X48: =SUMIF(차량대리점!$BF:$BF,'제품군별 SUMMARY'!$C48,차량대리점!AT:AT) | Y48: =SUMIF(차량대리점!$BF:$BF,'제품군별 SUMMARY'!$C48,차량대리점!AU:AU)/1000000 | Z48: =SUMIF(차량대리점!$BF:$BF,'제품군별 SUMMARY'!$C48,차량대리점!AW:AW) | AA48: =SUMIF(차량대리점!$BF:$BF,'제품군별 SUMMARY'!$C48,차량대리점!AX:AX)/1000000
C49: GB 택시 EXP | D49: =SUMIF(차량대리점!$BF:$BF,'제품군별 SUMMARY'!$C49,차량대리점!P:P) | E49: =SUMIF(차량대리점!$BF:$BF,'제품군별 SUMMARY'!$C49,차량대리점!Q:Q)/1000000 | F49: =SUMIF(차량대리점!$BF:$BF,'제품군별 SUMMARY'!$C49,차량대리점!S:S) | G49: =SUMIF(차량대리점!$BF:$BF,'제품군별 SUMMARY'!$C49,차량대리점!T:T)/1000000 | H49: =SUMIF(차량대리점!$BF:$BF,'제품군별 SUMMARY'!$C49,차량대리점!V:V) | I49: =SUMIF(차량대리점!$BF:$BF,'제품군별 SUMMARY'!$C49,차량대리점!W:W)/1000000 | J49: =SUMIF(차량대리점!$BF:$BF,'제품군별 SUMMARY'!$C49,차량대리점!Y:Y) | K49: =SUMIF(차량대리점!$BF:$BF,'제품군별 SUMMARY'!$C49,차량대리점!Z:Z)/1000000 | L49: =SUMIF(차량대리점!$BF:$BF,'제품군별 SUMMARY'!$C49,차량대리점!AB:AB) | M49: =SUMIF(차량대리점!$BF:$BF,'제품군별 SUMMARY'!$C49,차량대리점!AC:AC)/1000000 | N49: =SUMIF(차량대리점!$BF:$BF,'제품군별 SUMMARY'!$C49,차량대리점!AE:AE) | O49: =SUMIF(차량대리점!$BF:$BF,'제품군별 SUMMARY'!$C49,차량대리점!AF:AF)/1000000 | P49: =SUMIF(차량대리점!$BF:$BF,'제품군별 SUMMARY'!$C49,차량대리점!AH:AH) | Q49: =SUMIF(차량대리점!$BF:$BF,'제품군별 SUMMARY'!$C49,차량대리점!AI:AI)/1000000 | R49: =SUMIF(차량대리점!$BF:$BF,'제품군별 SUMMARY'!$C49,차량대리점!AK:AK) | S49: =SUMIF(차량대리점!$BF:$BF,'제품군별 SUMMARY'!$C49,차량대리점!AL:AL)/1000000 | T49: =SUMIF(차량대리점!$BF:$BF,'제품군별 SUMMARY'!$C49,차량대리점!AN:AN) | U49: =SUMIF(차량대리점!$BF:$BF,'제품군별 SUMMARY'!$C49,차량대리점!AO:AO)/1000000 | V49: =SUMIF(차량대리점!$BF:$BF,'제품군별 SUMMARY'!$C49,차량대리점!AQ:AQ) | W49: =SUMIF(차량대리점!$BF:$BF,'제품군별 SUMMARY'!$C49,차량대리점!AR:AR)/1000000 | X49: =SUMIF(차량대리점!$BF:$BF,'제품군별 SUMMARY'!$C49,차량대리점!AT:AT) | Y49: =SUMIF(차량대리점!$BF:$BF,'제품군별 SUMMARY'!$C49,차량대리점!AU:AU)/1000000 | Z49: =SUMIF(차량대리점!$BF:$BF,'제품군별 SUMMARY'!$C49,차량대리점!AW:AW) | AA49: =SUMIF(차량대리점!$BF:$BF,'제품군별 SUMMARY'!$C49,차량대리점!AX:AX)/1000000
C50: MF 택시 EXP | D50: =SUMIF(차량대리점!$BF:$BF,'제품군별 SUMMARY'!$C50,차량대리점!P:P) | E50: =SUMIF(차량대리점!$BF:$BF,'제품군별 SUMMARY'!$C50,차량대리점!Q:Q)/1000000 | F50: =SUMIF(차량대리점!$BF:$BF,'제품군별 SUMMARY'!$C50,차량대리점!S:S) | G50: =SUMIF(차량대리점!$BF:$BF,'제품군별 SUMMARY'!$C50,차량대리점!T:T)/1000000 | H50: =SUMIF(차량대리점!$BF:$BF,'제품군별 SUMMARY'!$C50,차량대리점!V:V) | I50: =SUMIF(차량대리점!$BF:$BF,'제품군별 SUMMARY'!$C50,차량대리점!W:W)/1000000 | J50: =SUMIF(차량대리점!$BF:$BF,'제품군별 SUMMARY'!$C50,차량대리점!Y:Y) | K50: =SUMIF(차량대리점!$BF:$BF,'제품군별 SUMMARY'!$C50,차량대리점!Z:Z)/1000000 | L50: =SUMIF(차량대리점!$BF:$BF,'제품군별 SUMMARY'!$C50,차량대리점!AB:AB) | M50: =SUMIF(차량대리점!$BF:$BF,'제품군별 SUMMARY'!$C50,차량대리점!AC:AC)/1000000 | N50: =SUMIF(차량대리점!$BF:$BF,'제품군별 SUMMARY'!$C50,차량대리점!AE:AE) | O50: =SUMIF(차량대리점!$BF:$BF,'제품군별 SUMMARY'!$C50,차량대리점!AF:AF)/1000000 | P50: =SUMIF(차량대리점!$BF:$BF,'제품군별 SUMMARY'!$C50,차량대리점!AH:AH) | Q50: =SUMIF(차량대리점!$BF:$BF,'제품군별 SUMMARY'!$C50,차량대리점!AI:AI)/1000000 | R50: =SUMIF(차량대리점!$BF:$BF,'제품군별 SUMMARY'!$C50,차량대리점!AK:AK) | S50: =SUMIF(차량대리점!$BF:$BF,'제품군별 SUMMARY'!$C50,차량대리점!AL:AL)/1000000 | T50: =SUMIF(차량대리점!$BF:$BF,'제품군별 SUMMARY'!$C50,차량대리점!AN:AN) | U50: =SUMIF(차량대리점!$BF:$BF,'제품군별 SUMMARY'!$C50,차량대리점!AO:AO)/1000000 | V50: =SUMIF(차량대리점!$BF:$BF,'제품군별 SUMMARY'!$C50,차량대리점!AQ:AQ) | W50: =SUMIF(차량대리점!$BF:$BF,'제품군별 SUMMARY'!$C50,차량대리점!AR:AR)/1000000 | X50: =SUMIF(차량대리점!$BF:$BF,'제품군별 SUMMARY'!$C50,차량대리점!AT:AT) | Y50: =SUMIF(차량대리점!$BF:$BF,'제품군별 SUMMARY'!$C50,차량대리점!AU:AU)/1000000 | Z50: =SUMIF(차량대리점!$BF:$BF,'제품군별 SUMMARY'!$C50,차량대리점!AW:AW) | AA50: =SUMIF(차량대리점!$BF:$BF,'제품군별 SUMMARY'!$C50,차량대리점!AX:AX)/1000000
C51: 이륜용 상품 | D51: =SUMIF(차량대리점!$BF:$BF,'제품군별 SUMMARY'!$C51,차량대리점!P:P) | E51: =SUMIF(차량대리점!$BF:$BF,'제품군별 SUMMARY'!$C51,차량대리점!Q:Q)/1000000 | F51: =SUMIF(차량대리점!$BF:$BF,'제품군별 SUMMARY'!$C51,차량대리점!S:S) | G51: =SUMIF(차량대리점!$BF:$BF,'제품군별 SUMMARY'!$C51,차량대리점!T:T)/1000000 | H51: =SUMIF(차량대리점!$BF:$BF,'제품군별 SUMMARY'!$C51,차량대리점!V:V) | I51: =SUMIF(차량대리점!$BF:$BF,'제품군별 SUMMARY'!$C51,차량대리점!W:W)/1000000 | J51: =SUMIF(차량대리점!$BF:$BF,'제품군별 SUMMARY'!$C51,차량대리점!Y:Y) | K51: =SUMIF(차량대리점!$BF:$BF,'제품군별 SUMMARY'!$C51,차량대리점!Z:Z)/1000000 | L51: =SUMIF(차량대리점!$BF:$BF,'제품군별 SUMMARY'!$C51,차량대리점!AB:AB) | M51: =SUMIF(차량대리점!$BF:$BF,'제품군별 SUMMARY'!$C51,차량대리점!AC:AC)/1000000 | N51: =SUMIF(차량대리점!$BF:$BF,'제품군별 SUMMARY'!$C51,차량대리점!AE:AE) | O51: =SUMIF(차량대리점!$BF:$BF,'제품군별 SUMMARY'!$C51,차량대리점!AF:AF)/1000000 | P51: =SUMIF(차량대리점!$BF:$BF,'제품군별 SUMMARY'!$C51,차량대리점!AH:AH) | Q51: =SUMIF(차량대리점!$BF:$BF,'제품군별 SUMMARY'!$C51,차량대리점!AI:AI)/1000000 | R51: =SUMIF(차량대리점!$BF:$BF,'제품군별 SUMMARY'!$C51,차량대리점!AK:AK) | S51: =SUMIF(차량대리점!$BF:$BF,'제품군별 SUMMARY'!$C51,차량대리점!AL:AL)/1000000 | T51: =SUMIF(차량대리점!$BF:$BF,'제품군별 SUMMARY'!$C51,차량대리점!AN:AN) | U51: =SUMIF(차량대리점!$BF:$BF,'제품군별 SUMMARY'!$C51,차량대리점!AO:AO)/1000000 | V51: =SUMIF(차량대리점!$BF:$BF,'제품군별 SUMMARY'!$C51,차량대리점!AQ:AQ) | W51: =SUMIF(차량대리점!$BF:$BF,'제품군별 SUMMARY'!$C51,차량대리점!AR:AR)/1000000 | X51: =SUMIF(차량대리점!$BF:$BF,'제품군별 SUMMARY'!$C51,차량대리점!AT:AT) | Y51: =SUMIF(차량대리점!$BF:$BF,'제품군별 SUMMARY'!$C51,차량대리점!AU:AU)/1000000 | Z51: =SUMIF(차량대리점!$BF:$BF,'제품군별 SUMMARY'!$C51,차량대리점!AW:AW) | AA51: =SUMIF(차량대리점!$BF:$BF,'제품군별 SUMMARY'!$C51,차량대리점!AX:AX)/1000000
C52: 차량용 소형 EXP | D52: =SUMIF(차량대리점!$BF:$BF,'제품군별 SUMMARY'!$C52,차량대리점!P:P) | E52: =SUMIF(차량대리점!$BF:$BF,'제품군별 SUMMARY'!$C52,차량대리점!Q:Q)/1000000 | F52: =SUMIF(차량대리점!$BF:$BF,'제품군별 SUMMARY'!$C52,차량대리점!S:S) | G52: =SUMIF(차량대리점!$BF:$BF,'제품군별 SUMMARY'!$C52,차량대리점!T:T)/1000000 | H52: =SUMIF(차량대리점!$BF:$BF,'제품군별 SUMMARY'!$C52,차량대리점!V:V) | I52: =SUMIF(차량대리점!$BF:$BF,'제품군별 SUMMARY'!$C52,차량대리점!W:W)/1000000 | J52: =SUMIF(차량대리점!$BF:$BF,'제품군별 SUMMARY'!$C52,차량대리점!Y:Y) | K52: =SUMIF(차량대리점!$BF:$BF,'제품군별 SUMMARY'!$C52,차량대리점!Z:Z)/1000000 | L52: =SUMIF(차량대리점!$BF:$BF,'제품군별 SUMMARY'!$C52,차량대리점!AB:AB) | M52: =SUMIF(차량대리점!$BF:$BF,'제품군별 SUMMARY'!$C52,차량대리점!AC:AC)/1000000 | N52: =SUMIF(차량대리점!$BF:$BF,'제품군별 SUMMARY'!$C52,차량대리점!AE:AE) | O52: =SUMIF(차량대리점!$BF:$BF,'제품군별 SUMMARY'!$C52,차량대리점!AF:AF)/1000000 | P52: =SUMIF(차량대리점!$BF:$BF,'제품군별 SUMMARY'!$C52,차량대리점!AH:AH) | Q52: =SUMIF(차량대리점!$BF:$BF,'제품군별 SUMMARY'!$C52,차량대리점!AI:AI)/1000000 | R52: =SUMIF(차량대리점!$BF:$BF,'제품군별 SUMMARY'!$C52,차량대리점!AK:AK) | S52: =SUMIF(차량대리점!$BF:$BF,'제품군별 SUMMARY'!$C52,차량대리점!AL:AL)/1000000 | T52: =SUMIF(차량대리점!$BF:$BF,'제품군별 SUMMARY'!$C52,차량대리점!AN:AN) | U52: =SUMIF(차량대리점!$BF:$BF,'제품군별 SUMMARY'!$C52,차량대리점!AO:AO)/1000000 | V52: =SUMIF(차량대리점!$BF:$BF,'제품군별 SUMMARY'!$C52,차량대리점!AQ:AQ) | W52: =SUMIF(차량대리점!$BF:$BF,'제품군별 SUMMARY'!$C52,차량대리점!AR:AR)/1000000 | X52: =SUMIF(차량대리점!$BF:$BF,'제품군별 SUMMARY'!$C52,차량대리점!AT:AT) | Y52: =SUMIF(차량대리점!$BF:$BF,'제품군별 SUMMARY'!$C52,차량대리점!AU:AU)/1000000 | Z52: =SUMIF(차량대리점!$BF:$BF,'제품군별 SUMMARY'!$C52,차량대리점!AW:AW) | AA52: =SUMIF(차량대리점!$BF:$BF,'제품군별 SUMMARY'!$C52,차량대리점!AX:AX)/1000000
C53: 차량용 중형 EXP | D53: =SUMIF(차량대리점!$BF:$BF,'제품군별 SUMMARY'!$C53,차량대리점!P:P) | E53: =SUMIF(차량대리점!$BF:$BF,'제품군별 SUMMARY'!$C53,차량대리점!Q:Q)/1000000 | F53: =SUMIF(차량대리점!$BF:$BF,'제품군별 SUMMARY'!$C53,차량대리점!S:S) | G53: =SUMIF(차량대리점!$BF:$BF,'제품군별 SUMMARY'!$C53,차량대리점!T:T)/1000000 | H53: =SUMIF(차량대리점!$BF:$BF,'제품군별 SUMMARY'!$C53,차량대리점!V:V) | I53: =SUMIF(차량대리점!$BF:$BF,'제품군별 SUMMARY'!$C53,차량대리점!W:W)/1000000 | J53: =SUMIF(차량대리점!$BF:$BF,'제품군별 SUMMARY'!$C53,차량대리점!Y:Y) | K53: =SUMIF(차량대리점!$BF:$BF,'제품군별 SUMMARY'!$C53,차량대리점!Z:Z)/1000000 | L53: =SUMIF(차량대리점!$BF:$BF,'제품군별 SUMMARY'!$C53,차량대리점!AB:AB) | M53: =SUMIF(차량대리점!$BF:$BF,'제품군별 SUMMARY'!$C53,차량대리점!AC:AC)/1000000 | N53: =SUMIF(차량대리점!$BF:$BF,'제품군별 SUMMARY'!$C53,차량대리점!AE:AE) | O53: =SUMIF(차량대리점!$BF:$BF,'제품군별 SUMMARY'!$C53,차량대리점!AF:AF)/1000000 | P53: =SUMIF(차량대리점!$BF:$BF,'제품군별 SUMMARY'!$C53,차량대리점!AH:AH) | Q53: =SUMIF(차량대리점!$BF:$BF,'제품군별 SUMMARY'!$C53,차량대리점!AI:AI)/1000000 | R53: =SUMIF(차량대리점!$BF:$BF,'제품군별 SUMMARY'!$C53,차량대리점!AK:AK) | S53: =SUMIF(차량대리점!$BF:$BF,'제품군별 SUMMARY'!$C53,차량대리점!AL:AL)/1000000 | T53: =SUMIF(차량대리점!$BF:$BF,'제품군별 SUMMARY'!$C53,차량대리점!AN:AN) | U53: =SUMIF(차량대리점!$BF:$BF,'제품군별 SUMMARY'!$C53,차량대리점!AO:AO)/1000000 | V53: =SUMIF(차량대리점!$BF:$BF,'제품군별 SUMMARY'!$C53,차량대리점!AQ:AQ) | W53: =SUMIF(차량대리점!$BF:$BF,'제품군별 SUMMARY'!$C53,차량대리점!AR:AR)/1000000 | X53: =SUMIF(차량대리점!$BF:$BF,'제품군별 SUMMARY'!$C53,차량대리점!AT:AT) | Y53: =SUMIF(차량대리점!$BF:$BF,'제품군별 SUMMARY'!$C53,차량대리점!AU:AU)/1000000 | Z53: =SUMIF(차량대리점!$BF:$BF,'제품군별 SUMMARY'!$C53,차량대리점!AW:AW) | AA53: =SUMIF(차량대리점!$BF:$BF,'제품군별 SUMMARY'!$C53,차량대리점!AX:AX)/1000000
C54: 차량용 중형 PH | D54: =SUMIF(차량대리점!$BF:$BF,'제품군별 SUMMARY'!$C54,차량대리점!P:P) | E54: =SUMIF(차량대리점!$BF:$BF,'제품군별 SUMMARY'!$C54,차량대리점!Q:Q)/1000000 | F54: =SUMIF(차량대리점!$BF:$BF,'제품군별 SUMMARY'!$C54,차량대리점!S:S) | G54: =SUMIF(차량대리점!$BF:$BF,'제품군별 SUMMARY'!$C54,차량대리점!T:T)/1000000 | H54: =SUMIF(차량대리점!$BF:$BF,'제품군별 SUMMARY'!$C54,차량대리점!V:V) | I54: =SUMIF(차량대리점!$BF:$BF,'제품군별 SUMMARY'!$C54,차량대리점!W:W)/1000000 | J54: =SUMIF(차량대리점!$BF:$BF,'제품군별 SUMMARY'!$C54,차량대리점!Y:Y) | K54: =SUMIF(차량대리점!$BF:$BF,'제품군별 SUMMARY'!$C54,차량대리점!Z:Z)/1000000 | L54: =SUMIF(차량대리점!$BF:$BF,'제품군별 SUMMARY'!$C54,차량대리점!AB:AB) | M54: =SUMIF(차량대리점!$BF:$BF,'제품군별 SUMMARY'!$C54,차량대리점!AC:AC)/1000000 | N54: =SUMIF(차량대리점!$BF:$BF,'제품군별 SUMMARY'!$C54,차량대리점!AE:AE) | O54: =SUMIF(차량대리점!$BF:$BF,'제품군별 SUMMARY'!$C54,차량대리점!AF:AF)/1000000 | P54: =SUMIF(차량대리점!$BF:$BF,'제품군별 SUMMARY'!$C54,차량대리점!AH:AH) | Q54: =SUMIF(차량대리점!$BF:$BF,'제품군별 SUMMARY'!$C54,차량대리점!AI:AI)/1000000 | R54: =SUMIF(차량대리점!$BF:$BF,'제품군별 SUMMARY'!$C54,차량대리점!AK:AK) | S54: =SUMIF(차량대리점!$BF:$BF,'제품군별 SUMMARY'!$C54,차량대리점!AL:AL)/1000000 | T54: =SUMIF(차량대리점!$BF:$BF,'제품군별 SUMMARY'!$C54,차량대리점!AN:AN) | U54: =SUMIF(차량대리점!$BF:$BF,'제품군별 SUMMARY'!$C54,차량대리점!AO:AO)/1000000 | V54: =SUMIF(차량대리점!$BF:$BF,'제품군별 SUMMARY'!$C54,차량대리점!AQ:AQ) | W54: =SUMIF(차량대리점!$BF:$BF,'제품군별 SUMMARY'!$C54,차량대리점!AR:AR)/1000000 | X54: =SUMIF(차량대리점!$BF:$BF,'제품군별 SUMMARY'!$C54,차량대리점!AT:AT) | Y54: =SUMIF(차량대리점!$BF:$BF,'제품군별 SUMMARY'!$C54,차량대리점!AU:AU)/1000000 | Z54: =SUMIF(차량대리점!$BF:$BF,'제품군별 SUMMARY'!$C54,차량대리점!AW:AW) | AA54: =SUMIF(차량대리점!$BF:$BF,'제품군별 SUMMARY'!$C54,차량대리점!AX:AX)/1000000
C55: MF 대형 EXP | D55: =SUMIF(차량대리점!$BF:$BF,'제품군별 SUMMARY'!$C55,차량대리점!P:P) | E55: =SUMIF(차량대리점!$BF:$BF,'제품군별 SUMMARY'!$C55,차량대리점!Q:Q)/1000000 | F55: =SUMIF(차량대리점!$BF:$BF,'제품군별 SUMMARY'!$C55,차량대리점!S:S) | G55: =SUMIF(차량대리점!$BF:$BF,'제품군별 SUMMARY'!$C55,차량대리점!T:T)/1000000 | H55: =SUMIF(차량대리점!$BF:$BF,'제품군별 SUMMARY'!$C55,차량대리점!V:V) | I55: =SUMIF(차량대리점!$BF:$BF,'제품군별 SUMMARY'!$C55,차량대리점!W:W)/1000000 | J55: =SUMIF(차량대리점!$BF:$BF,'제품군별 SUMMARY'!$C55,차량대리점!Y:Y) | K55: =SUMIF(차량대리점!$BF:$BF,'제품군별 SUMMARY'!$C55,차량대리점!Z:Z)/1000000 | L55: =SUMIF(차량대리점!$BF:$BF,'제품군별 SUMMARY'!$C55,차량대리점!AB:AB) | M55: =SUMIF(차량대리점!$BF:$BF,'제품군별 SUMMARY'!$C55,차량대리점!AC:AC)/1000000 | N55: =SUMIF(차량대리점!$BF:$BF,'제품군별 SUMMARY'!$C55,차량대리점!AE:AE) | O55: =SUMIF(차량대리점!$BF:$BF,'제품군별 SUMMARY'!$C55,차량대리점!AF:AF)/1000000 | P55: =SUMIF(차량대리점!$BF:$BF,'제품군별 SUMMARY'!$C55,차량대리점!AH:AH) | Q55: =SUMIF(차량대리점!$BF:$BF,'제품군별 SUMMARY'!$C55,차량대리점!AI:AI)/1000000 | R55: =SUMIF(차량대리점!$BF:$BF,'제품군별 SUMMARY'!$C55,차량대리점!AK:AK) | S55: =SUMIF(차량대리점!$BF:$BF,'제품군별 SUMMARY'!$C55,차량대리점!AL:AL)/1000000 | T55: =SUMIF(차량대리점!$BF:$BF,'제품군별 SUMMARY'!$C55,차량대리점!AN:AN) | U55: =SUMIF(차량대리점!$BF:$BF,'제품군별 SUMMARY'!$C55,차량대리점!AO:AO)/1000000 | V55: =SUMIF(차량대리점!$BF:$BF,'제품군별 SUMMARY'!$C55,차량대리점!AQ:AQ) | W55: =SUMIF(차량대리점!$BF:$BF,'제품군별 SUMMARY'!$C55,차량대리점!AR:AR)/1000000 | X55: =SUMIF(차량대리점!$BF:$BF,'제품군별 SUMMARY'!$C55,차량대리점!AT:AT) | Y55: =SUMIF(차량대리점!$BF:$BF,'제품군별 SUMMARY'!$C55,차량대리점!AU:AU)/1000000 | Z55: =SUMIF(차량대리점!$BF:$BF,'제품군별 SUMMARY'!$C55,차량대리점!AW:AW) | AA55: =SUMIF(차량대리점!$BF:$BF,'제품군별 SUMMARY'!$C55,차량대리점!AX:AX)/1000000
... C57: 차량용 대형 PH | D57: =SUMIF(차량대리점!$BF:$BF,'제품군별 SUMMARY'!$C57,차량대리점!P:P) | E57: =SUMIF(차량대리점!$BF:$BF,'제품군별 SUMMARY'!$C57,차량대리점!Q:Q)/1000000 | F57: =SUMIF(차량대리점!$BF:$BF,'제품군별 SUMMARY'!$C57,차량대리점!S:S) | G57: =SUMIF(차량대리점!$BF:$BF,'제품군별 SUMMARY'!$C57,차량대리점!T:T)/1000000 | H57: =SUMIF(차량대리점!$BF:$BF,'제품군별 SUMMARY'!$C57,차량대리점!V:V) | I57: =SUMIF(차량대리점!$BF:$BF,'제품군별 SUMMARY'!$C57,차량대리점!W:W)/1000000 | J57: =SUMIF(차량대리점!$BF:$BF,'제품군별 SUMMARY'!$C57,차량대리점!Y:Y) | K57: =SUMIF(차량대리점!$BF:$BF,'제품군별 SUMMARY'!$C57,차량대리점!Z:Z)/1000000 | L57: =SUMIF(차량대리점!$BF:$BF,'제품군별 SUMMARY'!$C57,차량대리점!AB:AB) | M57: =SUMIF(차량대리점!$BF:$BF,'제품군별 SUMMARY'!$C57,차량대리점!AC:AC)/1000000 | N57: =SUMIF(차량대리점!$BF:$BF,'제품군별 SUMMARY'!$C57,차량대리점!AE:AE) | O57: =SUMIF(차량대리점!$BF:$BF,'제품군별 SUMMARY'!$C57,차량대리점!AF:AF)/1000000 | P57: =SUMIF(차량대리점!$BF:$BF,'제품군별 SUMMARY'!$C57,차량대리점!AH:AH) | Q57: =SUMIF(차량대리점!$BF:$BF,'제품군별 SUMMARY'!$C57,차량대리점!AI:AI)/1000000 | R57: =SUMIF(차량대리점!$BF:$BF,'제품군별 SUMMARY'!$C57,차량대리점!AK:AK) | S57: =SUMIF(차량대리점!$BF:$BF,'제품군별 SUMMARY'!$C57,차량대리점!AL:AL)/1000000 | T57: =SUMIF(차량대리점!$BF:$BF,'제품군별 SUMMARY'!$C57,차량대리점!AN:AN) | U57: =SUMIF(차량대리점!$BF:$BF,'제품군별 SUMMARY'!$C57,차량대리점!AO:AO)/1000000 | V57: =SUMIF(차량대리점!$BF:$BF,'제품군별 SUMMARY'!$C57,차량대리점!AQ:AQ) | W57: =SUMIF(차량대리점!$BF:$BF,'제품군별 SUMMARY'!$C57,차량대리점!AR:AR)/1000000 | X57: =SUMIF(차량대리점!$BF:$BF,'제품군별 SUMMARY'!$C57,차량대리점!AT:AT) | Y57: =SUMIF(차량대리점!$BF:$BF,'제품군별 SUMMARY'!$C57,차량대리점!AU:AU)/1000000 | Z57: =SUMIF(차량대리점!$BF:$BF,'제품군별 SUMMARY'!$C57,차량대리점!AW:AW) | AA57: =SUMIF(차량대리점!$BF:$BF,'제품군별 SUMMARY'!$C57,차량대리점!AX:AX)/1000000
B58: 소계 | D58: =SUM(D43:D57) | E58: =SUM(E43:E57) | F58: =SUM(F43:F57) | G58: =SUM(G43:G57) | H58: =SUM(H43:H57) | I58: =SUM(I43:I57) | J58: =SUM(J43:J57) | K58: =SUM(K43:K57) | ... AA58: =SUM(AA43:AA57)
A59: 차량 부문 | B59: 차량OE | C59: 차량용 대형 EXP | D59: =SUMIF(차량OE!$BF:$BF,'제품군별 SUMMARY'!$C59,차량OE!P:P) | E59: =SUMIF(차량OE!$BF:$BF,'제품군별 SUMMARY'!$C59,차량OE!Q:Q)/1000000 | F59: =SUMIF(차량OE!$BF:$BF,'제품군별 SUMMARY'!$C59,차량OE!S:S) | G59: =SUMIF(차량OE!$BF:$BF,'제품군별 SUMMARY'!$C59,차량OE!T:T)/1000000 | H59: =SUMIF(차량OE!$BF:$BF,'제품군별 SUMMARY'!$C59,차량OE!V:V) | I59: =SUMIF(차량OE!$BF:$BF,'제품군별 SUMMARY'!$C59,차량OE!W:W)/1000000 | J59: =SUMIF(차량OE!$BF:$BF,'제품군별 SUMMARY'!$C59,차량OE!Y:Y) | K59: =SUMIF(차량OE!$BF:$BF,'제품군별 SUMMARY'!$C59,차량OE!Z:Z)/1000000 | L59: =SUMIF(차량OE!$BF:$BF,'제품군별 SUMMARY'!$C59,차량OE!AB:AB) | M59: =SUMIF(차량OE!$BF:$BF,'제품군별 SUMMARY'!$C59,차량OE!AC:AC)/1000000 | N59: =SUMIF(차량OE!$BF:$BF,'제품군별 SUMMARY'!$C59,차량OE!AE:AE) | O59: =SUMIF(차량OE!$BF:$BF,'제품군별 SUMMARY'!$C59,차량OE!AF:AF)/1000000 | P59: =SUMIF(차량OE!$BF:$BF,'제품군별 SUMMARY'!$C59,차량OE!AH:AH) | Q59: =SUMIF(차량OE!$BF:$BF,'제품군별 SUMMARY'!$C59,차량OE!AI:AI)/1000000 | R59: =SUMIF(차량OE!$BF:$BF,'제품군별 SUMMARY'!$C59,차량OE!AK:AK) | S59: =SUMIF(차량OE!$BF:$BF,'제품군별 SUMMARY'!$C59,차량OE!AL:AL)/1000000 | T59: =SUMIF(차량OE!$BF:$BF,'제품군별 SUMMARY'!$C59,차량OE!AN:AN) | U59: =SUMIF(차량OE!$BF:$BF,'제품군별 SUMMARY'!$C59,차량OE!AO:AO)/1000000 | V59: =SUMIF(차량OE!$BF:$BF,'제품군별 SUMMARY'!$C59,차량OE!AQ:AQ) | W59: =SUMIF(차량OE!$BF:$BF,'제품군별 SUMMARY'!$C59,차량OE!AR:AR)/1000000 | X59: =SUMIF(차량OE!$BF:$BF,'제품군별 SUMMARY'!$C59,차량OE!AT:AT) | Y59: =SUMIF(차량OE!$BF:$BF,'제품군별 SUMMARY'!$C59,차량OE!AU:AU)/1000000 | Z59: =SUMIF(차량OE!$BF:$BF,'제품군별 SUMMARY'!$C59,차량OE!AW:AW) | AA59: =SUMIF(차량OE!$BF:$BF,'제품군별 SUMMARY'!$C59,차량OE!AX:AX)/1000000
C60: 차량용 중형 EXP | D60: =SUMIF(차량OE!$BF:$BF,'제품군별 SUMMARY'!$C60,차량OE!P:P) | E60: =SUMIF(차량OE!$BF:$BF,'제품군별 SUMMARY'!$C60,차량OE!Q:Q)/1000000 | F60: =SUMIF(차량OE!$BF:$BF,'제품군별 SUMMARY'!$C60,차량OE!S:S) | G60: =SUMIF(차량OE!$BF:$BF,'제품군별 SUMMARY'!$C60,차량OE!T:T)/1000000 | H60: =SUMIF(차량OE!$BF:$BF,'제품군별 SUMMARY'!$C60,차량OE!V:V) | I60: =SUMIF(차량OE!$BF:$BF,'제품군별 SUMMARY'!$C60,차량OE!W:W)/1000000 | J60: =SUMIF(차량OE!$BF:$BF,'제품군별 SUMMARY'!$C60,차량OE!Y:Y) | K60: =SUMIF(차량OE!$BF:$BF,'제품군별 SUMMARY'!$C60,차량OE!Z:Z)/1000000 | L60: =SUMIF(차량OE!$BF:$BF,'제품군별 SUMMARY'!$C60,차량OE!AB:AB) | M60: =SUMIF(차량OE!$BF:$BF,'제품군별 SUMMARY'!$C60,차량OE!AC:AC)/1000000 | N60: =SUMIF(차량OE!$BF:$BF,'제품군별 SUMMARY'!$C60,차량OE!AE:AE) | O60: =SUMIF(차량OE!$BF:$BF,'제품군별 SUMMARY'!$C60,차량OE!AF:AF)/1000000 | P60: =SUMIF(차량OE!$BF:$BF,'제품군별 SUMMARY'!$C60,차량OE!AH:AH) | Q60: =SUMIF(차량OE!$BF:$BF,'제품군별 SUMMARY'!$C60,차량OE!AI:AI)/1000000 | R60: =SUMIF(차량OE!$BF:$BF,'제품군별 SUMMARY'!$C60,차량OE!AK:AK) | S60: =SUMIF(차량OE!$BF:$BF,'제품군별 SUMMARY'!$C60,차량OE!AL:AL)/1000000 | T60: =SUMIF(차량OE!$BF:$BF,'제품군별 SUMMARY'!$C60,차량OE!AN:AN) | U60: =SUMIF(차량OE!$BF:$BF,'제품군별 SUMMARY'!$C60,차량OE!AO:AO)/1000000 | V60: =SUMIF(차량OE!$BF:$BF,'제품군별 SUMMARY'!$C60,차량OE!AQ:AQ) | W60: =SUMIF(차량OE!$BF:$BF,'제품군별 SUMMARY'!$C60,차량OE!AR:AR)/1000000 | X60: =SUMIF(차량OE!$BF:$BF,'제품군별 SUMMARY'!$C60,차량OE!AT:AT) | Y60: =SUMIF(차량OE!$BF:$BF,'제품군별 SUMMARY'!$C60,차량OE!AU:AU)/1000000 | Z60: =SUMIF(차량OE!$BF:$BF,'제품군별 SUMMARY'!$C60,차량OE!AW:AW) | AA60: =SUMIF(차량OE!$BF:$BF,'제품군별 SUMMARY'!$C60,차량OE!AX:AX)/1000000
C61: PREMIUM/ITON | D61: =SUMIF(차량OE!$BF:$BF,'제품군별 SUMMARY'!$C61,차량OE!P:P) | E61: =SUMIF(차량OE!$BF:$BF,'제품군별 SUMMARY'!$C61,차량OE!Q:Q)/1000000 | F61: =SUMIF(차량OE!$BF:$BF,'제품군별 SUMMARY'!$C61,차량OE!S:S) | G61: =SUMIF(차량OE!$BF:$BF,'제품군별 SUMMARY'!$C61,차량OE!T:T)/1000000 | H61: =SUMIF(차량OE!$BF:$BF,'제품군별 SUMMARY'!$C61,차량OE!V:V) | I61: =SUMIF(차량OE!$BF:$BF,'제품군별 SUMMARY'!$C61,차량OE!W:W)/1000000 | J61: =SUMIF(차량OE!$BF:$BF,'제품군별 SUMMARY'!$C61,차량OE!Y:Y) | K61: =SUMIF(차량OE!$BF:$BF,'제품군별 SUMMARY'!$C61,차량OE!Z:Z)/1000000 | L61: =SUMIF(차량OE!$BF:$BF,'제품군별 SUMMARY'!$C61,차량OE!AB:AB) | M61: =SUMIF(차량OE!$BF:$BF,'제품군별 SUMMARY'!$C61,차량OE!AC:AC)/1000000 | N61: =SUMIF(차량OE!$BF:$BF,'제품군별 SUMMARY'!$C61,차량OE!AE:AE) | O61: =SUMIF(차량OE!$BF:$BF,'제품군별 SUMMARY'!$C61,차량OE!AF:AF)/1000000 | P61: =SUMIF(차량OE!$BF:$BF,'제품군별 SUMMARY'!$C61,차량OE!AH:AH) | Q61: =SUMIF(차량OE!$BF:$BF,'제품군별 SUMMARY'!$C61,차량OE!AI:AI)/1000000 | R61: =SUMIF(차량OE!$BF:$BF,'제품군별 SUMMARY'!$C61,차량OE!AK:AK) | S61: =SUMIF(차량OE!$BF:$BF,'제품군별 SUMMARY'!$C61,차량OE!AL:AL)/1000000 | T61: =SUMIF(차량OE!$BF:$BF,'제품군별 SUMMARY'!$C61,차량OE!AN:AN) | U61: =SUMIF(차량OE!$BF:$BF,'제품군별 SUMMARY'!$C61,차량OE!AO:AO)/1000000 | V61: =SUMIF(차량OE!$BF:$BF,'제품군별 SUMMARY'!$C61,차량OE!AQ:AQ) | W61: =SUMIF(차량OE!$BF:$BF,'제품군별 SUMMARY'!$C61,차량OE!AR:AR)/1000000 | X61: =SUMIF(차량OE!$BF:$BF,'제품군별 SUMMARY'!$C61,차량OE!AT:AT) | Y61: =SUMIF(차량OE!$BF:$BF,'제품군별 SUMMARY'!$C61,차량OE!AU:AU)/1000000 | Z61: =SUMIF(차량OE!$BF:$BF,'제품군별 SUMMARY'!$C61,차량OE!AW:AW) | AA61: =SUMIF(차량OE!$BF:$BF,'제품군별 SUMMARY'!$C61,차량OE!AX:AX)/1000000
C62: AGM 3세대 | D62: =SUMIF(차량OE!$BF:$BF,'제품군별 SUMMARY'!$C62,차량OE!P:P) | E62: =SUMIF(차량OE!$BF:$BF,'제품군별 SUMMARY'!$C62,차량OE!Q:Q)/1000000 | F62: =SUMIF(차량OE!$BF:$BF,'제품군별 SUMMARY'!$C62,차량OE!S:S) | G62: =SUMIF(차량OE!$BF:$BF,'제품군별 SUMMARY'!$C62,차량OE!T:T)/1000000 | H62: =SUMIF(차량OE!$BF:$BF,'제품군별 SUMMARY'!$C62,차량OE!V:V) | I62: =SUMIF(차량OE!$BF:$BF,'제품군별 SUMMARY'!$C62,차량OE!W:W)/1000000 | J62: =SUMIF(차량OE!$BF:$BF,'제품군별 SUMMARY'!$C62,차량OE!Y:Y) | K62: =SUMIF(차량OE!$BF:$BF,'제품군별 SUMMARY'!$C62,차량OE!Z:Z)/1000000 | L62: =SUMIF(차량OE!$BF:$BF,'제품군별 SUMMARY'!$C62,차량OE!AB:AB) | M62: =SUMIF(차량OE!$BF:$BF,'제품군별 SUMMARY'!$C62,차량OE!AC:AC)/1000000 | N62: =SUMIF(차량OE!$BF:$BF,'제품군별 SUMMARY'!$C62,차량OE!AE:AE) | O62: =SUMIF(차량OE!$BF:$BF,'제품군별 SUMMARY'!$C62,차량OE!AF:AF)/1000000 | P62: =SUMIF(차량OE!$BF:$BF,'제품군별 SUMMARY'!$C62,차량OE!AH:AH) | Q62: =SUMIF(차량OE!$BF:$BF,'제품군별 SUMMARY'!$C62,차량OE!AI:AI)/1000000 | R62: =SUMIF(차량OE!$BF:$BF,'제품군별 SUMMARY'!$C62,차량OE!AK:AK) | S62: =SUMIF(차량OE!$BF:$BF,'제품군별 SUMMARY'!$C62,차량OE!AL:AL)/1000000 | T62: =SUMIF(차량OE!$BF:$BF,'제품군별 SUMMARY'!$C62,차량OE!AN:AN) | U62: =SUMIF(차량OE!$BF:$BF,'제품군별 SUMMARY'!$C62,차량OE!AO:AO)/1000000 | V62: =SUMIF(차량OE!$BF:$BF,'제품군별 SUMMARY'!$C62,차량OE!AQ:AQ) | W62: =SUMIF(차량OE!$BF:$BF,'제품군별 SUMMARY'!$C62,차량OE!AR:AR)/1000000 | X62: =SUMIF(차량OE!$BF:$BF,'제품군별 SUMMARY'!$C62,차량OE!AT:AT) | Y62: =SUMIF(차량OE!$BF:$BF,'제품군별 SUMMARY'!$C62,차량OE!AU:AU)/1000000 | Z62: =SUMIF(차량OE!$BF:$BF,'제품군별 SUMMARY'!$C62,차량OE!AW:AW) | AA62: =SUMIF(차량OE!$BF:$BF,'제품군별 SUMMARY'!$C62,차량OE!AX:AX)/1000000
C63: MF 중형 EXP | D63: =SUMIF(차량OE!$BF:$BF,'제품군별 SUMMARY'!$C63,차량OE!P:P) | E63: =SUMIF(차량OE!$BF:$BF,'제품군별 SUMMARY'!$C63,차량OE!Q:Q)/1000000 | F63: =SUMIF(차량OE!$BF:$BF,'제품군별 SUMMARY'!$C63,차량OE!S:S) | G63: =SUMIF(차량OE!$BF:$BF,'제품군별 SUMMARY'!$C63,차량OE!T:T)/1000000 | H63: =SUMIF(차량OE!$BF:$BF,'제품군별 SUMMARY'!$C63,차량OE!V:V) | I63: =SUMIF(차량OE!$BF:$BF,'제품군별 SUMMARY'!$C63,차량OE!W:W)/1000000 | J63: =SUMIF(차량OE!$BF:$BF,'제품군별 SUMMARY'!$C63,차량OE!Y:Y) | K63: =SUMIF(차량OE!$BF:$BF,'제품군별 SUMMARY'!$C63,차량OE!Z:Z)/1000000 | L63: =SUMIF(차량OE!$BF:$BF,'제품군별 SUMMARY'!$C63,차량OE!AB:AB) | M63: =SUMIF(차량OE!$BF:$BF,'제품군별 SUMMARY'!$C63,차량OE!AC:AC)/1000000 | N63: =SUMIF(차량OE!$BF:$BF,'제품군별 SUMMARY'!$C63,차량OE!AE:AE) | O63: =SUMIF(차량OE!$BF:$BF,'제품군별 SUMMARY'!$C63,차량OE!AF:AF)/1000000 | P63: =SUMIF(차량OE!$BF:$BF,'제품군별 SUMMARY'!$C63,차량OE!AH:AH) | Q63: =SUMIF(차량OE!$BF:$BF,'제품군별 SUMMARY'!$C63,차량OE!AI:AI)/1000000 | R63: =SUMIF(차량OE!$BF:$BF,'제품군별 SUMMARY'!$C63,차량OE!AK:AK) | S63: =SUMIF(차량OE!$BF:$BF,'제품군별 SUMMARY'!$C63,차량OE!AL:AL)/1000000 | T63: =SUMIF(차량OE!$BF:$BF,'제품군별 SUMMARY'!$C63,차량OE!AN:AN) | U63: =SUMIF(차량OE!$BF:$BF,'제품군별 SUMMARY'!$C63,차량OE!AO:AO)/1000000 | V63: =SUMIF(차량OE!$BF:$BF,'제품군별 SUMMARY'!$C63,차량OE!AQ:AQ) | W63: =SUMIF(차량OE!$BF:$BF,'제품군별 SUMMARY'!$C63,차량OE!AR:AR)/1000000 | X63: =SUMIF(차량OE!$BF:$BF,'제품군별 SUMMARY'!$C63,차량OE!AT:AT) | Y63: =SUMIF(차량OE!$BF:$BF,'제품군별 SUMMARY'!$C63,차량OE!AU:AU)/1000000 | Z63: =SUMIF(차량OE!$BF:$BF,'제품군별 SUMMARY'!$C63,차량OE!AW:AW) | AA63: =SUMIF(차량OE!$BF:$BF,'제품군별 SUMMARY'!$C63,차량OE!AX:AX)/1000000
C64: 차량용 소형 EXP | D64: =SUMIF(차량OE!$BF:$BF,'제품군별 SUMMARY'!$C64,차량OE!P:P) | E64: =SUMIF(차량OE!$BF:$BF,'제품군별 SUMMARY'!$C64,차량OE!Q:Q)/1000000 | F64: =SUMIF(차량OE!$BF:$BF,'제품군별 SUMMARY'!$C64,차량OE!S:S) | G64: =SUMIF(차량OE!$BF:$BF,'제품군별 SUMMARY'!$C64,차량OE!T:T)/1000000 | H64: =SUMIF(차량OE!$BF:$BF,'제품군별 SUMMARY'!$C64,차량OE!V:V) | I64: =SUMIF(차량OE!$BF:$BF,'제품군별 SUMMARY'!$C64,차량OE!W:W)/1000000 | J64: =SUMIF(차량OE!$BF:$BF,'제품군별 SUMMARY'!$C64,차량OE!Y:Y) | K64: =SUMIF(차량OE!$BF:$BF,'제품군별 SUMMARY'!$C64,차량OE!Z:Z)/1000000 | L64: =SUMIF(차량OE!$BF:$BF,'제품군별 SUMMARY'!$C64,차량OE!AB:AB) | M64: =SUMIF(차량OE!$BF:$BF,'제품군별 SUMMARY'!$C64,차량OE!AC:AC)/1000000 | N64: =SUMIF(차량OE!$BF:$BF,'제품군별 SUMMARY'!$C64,차량OE!AE:AE) | O64: =SUMIF(차량OE!$BF:$BF,'제품군별 SUMMARY'!$C64,차량OE!AF:AF)/1000000 | P64: =SUMIF(차량OE!$BF:$BF,'제품군별 SUMMARY'!$C64,차량OE!AH:AH) | Q64: =SUMIF(차량OE!$BF:$BF,'제품군별 SUMMARY'!$C64,차량OE!AI:AI)/1000000 | R64: =SUMIF(차량OE!$BF:$BF,'제품군별 SUMMARY'!$C64,차량OE!AK:AK) | S64: =SUMIF(차량OE!$BF:$BF,'제품군별 SUMMARY'!$C64,차량OE!AL:AL)/1000000 | T64: =SUMIF(차량OE!$BF:$BF,'제품군별 SUMMARY'!$C64,차량OE!AN:AN) | U64: =SUMIF(차량OE!$BF:$BF,'제품군별 SUMMARY'!$C64,차량OE!AO:AO)/1000000 | V64: =SUMIF(차량OE!$BF:$BF,'제품군별 SUMMARY'!$C64,차량OE!AQ:AQ) | W64: =SUMIF(차량OE!$BF:$BF,'제품군별 SUMMARY'!$C64,차량OE!AR:AR)/1000000 | X64: =SUMIF(차량OE!$BF:$BF,'제품군별 SUMMARY'!$C64,차량OE!AT:AT) | Y64: =SUMIF(차량OE!$BF:$BF,'제품군별 SUMMARY'!$C64,차량OE!AU:AU)/1000000 | Z64: =SUMIF(차량OE!$BF:$BF,'제품군별 SUMMARY'!$C64,차량OE!AW:AW) | AA64: =SUMIF(차량OE!$BF:$BF,'제품군별 SUMMARY'!$C64,차량OE!AX:AX)/1000000
C65: PT(CA) 대형 | D65: =SUMIF(차량OE!$BF:$BF,'제품군별 SUMMARY'!$C65,차량OE!P:P) | E65: =SUMIF(차량OE!$BF:$BF,'제품군별 SUMMARY'!$C65,차량OE!Q:Q)/1000000 | F65: =SUMIF(차량OE!$BF:$BF,'제품군별 SUMMARY'!$C65,차량OE!S:S) | G65: =SUMIF(차량OE!$BF:$BF,'제품군별 SUMMARY'!$C65,차량OE!T:T)/1000000 | H65: =SUMIF(차량OE!$BF:$BF,'제품군별 SUMMARY'!$C65,차량OE!V:V) | I65: =SUMIF(차량OE!$BF:$BF,'제품군별 SUMMARY'!$C65,차량OE!W:W)/1000000 | J65: =SUMIF(차량OE!$BF:$BF,'제품군별 SUMMARY'!$C65,차량OE!Y:Y) | K65: =SUMIF(차량OE!$BF:$BF,'제품군별 SUMMARY'!$C65,차량OE!Z:Z)/1000000 | L65: =SUMIF(차량OE!$BF:$BF,'제품군별 SUMMARY'!$C65,차량OE!AB:AB) | M65: =SUMIF(차량OE!$BF:$BF,'제품군별 SUMMARY'!$C65,차량OE!AC:AC)/1000000 | N65: =SUMIF(차량OE!$BF:$BF,'제품군별 SUMMARY'!$C65,차량OE!AE:AE) | O65: =SUMIF(차량OE!$BF:$BF,'제품군별 SUMMARY'!$C65,차량OE!AF:AF)/1000000 | P65: =SUMIF(차량OE!$BF:$BF,'제품군별 SUMMARY'!$C65,차량OE!AH:AH) | Q65: =SUMIF(차량OE!$BF:$BF,'제품군별 SUMMARY'!$C65,차량OE!AI:AI)/1000000 | R65: =SUMIF(차량OE!$BF:$BF,'제품군별 SUMMARY'!$C65,차량OE!AK:AK) | S65: =SUMIF(차량OE!$BF:$BF,'제품군별 SUMMARY'!$C65,차량OE!AL:AL)/1000000 | T65: =SUMIF(차량OE!$BF:$BF,'제품군별 SUMMARY'!$C65,차량OE!AN:AN) | U65: =SUMIF(차량OE!$BF:$BF,'제품군별 SUMMARY'!$C65,차량OE!AO:AO)/1000000 | V65: =SUMIF(차량OE!$BF:$BF,'제품군별 SUMMARY'!$C65,차량OE!AQ:AQ) | W65: =SUMIF(차량OE!$BF:$BF,'제품군별 SUMMARY'!$C65,차량OE!AR:AR)/1000000 | X65: =SUMIF(차량OE!$BF:$BF,'제품군별 SUMMARY'!$C65,차량OE!AT:AT) | Y65: =SUMIF(차량OE!$BF:$BF,'제품군별 SUMMARY'!$C65,차량OE!AU:AU)/1000000 | Z65: =SUMIF(차량OE!$BF:$BF,'제품군별 SUMMARY'!$C65,차량OE!AW:AW) | AA65: =SUMIF(차량OE!$BF:$BF,'제품군별 SUMMARY'!$C65,차량OE!AX:AX)/1000000
C66: 이륜용 상품 | D66: =SUMIF(차량OE!$BF:$BF,'제품군별 SUMMARY'!$C66,차량OE!P:P) | E66: =SUMIF(차량OE!$BF:$BF,'제품군별 SUMMARY'!$C66,차량OE!Q:Q)/1000000 | F66: =SUMIF(차량OE!$BF:$BF,'제품군별 SUMMARY'!$C66,차량OE!S:S) | G66: =SUMIF(차량OE!$BF:$BF,'제품군별 SUMMARY'!$C66,차량OE!T:T)/1000000 | H66: =SUMIF(차량OE!$BF:$BF,'제품군별 SUMMARY'!$C66,차량OE!V:V) | I66: =SUMIF(차량OE!$BF:$BF,'제품군별 SUMMARY'!$C66,차량OE!W:W)/1000000 | J66: =SUMIF(차량OE!$BF:$BF,'제품군별 SUMMARY'!$C66,차량OE!Y:Y) | K66: =SUMIF(차량OE!$BF:$BF,'제품군별 SUMMARY'!$C66,차량OE!Z:Z)/1000000 | L66: =SUMIF(차량OE!$BF:$BF,'제품군별 SUMMARY'!$C66,차량OE!AB:AB) | M66: =SUMIF(차량OE!$BF:$BF,'제품군별 SUMMARY'!$C66,차량OE!AC:AC)/1000000 | N66: =SUMIF(차량OE!$BF:$BF,'제품군별 SUMMARY'!$C66,차량OE!AE:AE) | O66: =SUMIF(차량OE!$BF:$BF,'제품군별 SUMMARY'!$C66,차량OE!AF:AF)/1000000 | P66: =SUMIF(차량OE!$BF:$BF,'제품군별 SUMMARY'!$C66,차량OE!AH:AH) | Q66: =SUMIF(차량OE!$BF:$BF,'제품군별 SUMMARY'!$C66,차량OE!AI:AI)/1000000 | R66: =SUMIF(차량OE!$BF:$BF,'제품군별 SUMMARY'!$C66,차량OE!AK:AK) | S66: =SUMIF(차량OE!$BF:$BF,'제품군별 SUMMARY'!$C66,차량OE!AL:AL)/1000000 | T66: =SUMIF(차량OE!$BF:$BF,'제품군별 SUMMARY'!$C66,차량OE!AN:AN) | U66: =SUMIF(차량OE!$BF:$BF,'제품군별 SUMMARY'!$C66,차량OE!AO:AO)/1000000 | V66: =SUMIF(차량OE!$BF:$BF,'제품군별 SUMMARY'!$C66,차량OE!AQ:AQ) | W66: =SUMIF(차량OE!$BF:$BF,'제품군별 SUMMARY'!$C66,차량OE!AR:AR)/1000000 | X66: =SUMIF(차량OE!$BF:$BF,'제품군별 SUMMARY'!$C66,차량OE!AT:AT) | Y66: =SUMIF(차량OE!$BF:$BF,'제품군별 SUMMARY'!$C66,차량OE!AU:AU)/1000000 | Z66: =SUMIF(차량OE!$BF:$BF,'제품군별 SUMMARY'!$C66,차량OE!AW:AW) | AA66: =SUMIF(차량OE!$BF:$BF,'제품군별 SUMMARY'!$C66,차량OE!AX:AX)/1000000
C67: PT(CA) 중형 | D67: =SUMIF(차량OE!$BF:$BF,'제품군별 SUMMARY'!$C67,차량OE!P:P) | E67: =SUMIF(차량OE!$BF:$BF,'제품군별 SUMMARY'!$C67,차량OE!Q:Q)/1000000 | F67: =SUMIF(차량OE!$BF:$BF,'제품군별 SUMMARY'!$C67,차량OE!S:S) | G67: =SUMIF(차량OE!$BF:$BF,'제품군별 SUMMARY'!$C67,차량OE!T:T)/1000000 | H67: =SUMIF(차량OE!$BF:$BF,'제품군별 SUMMARY'!$C67,차량OE!V:V) | I67: =SUMIF(차량OE!$BF:$BF,'제품군별 SUMMARY'!$C67,차량OE!W:W)/1000000 | J67: =SUMIF(차량OE!$BF:$BF,'제품군별 SUMMARY'!$C67,차량OE!Y:Y) | K67: =SUMIF(차량OE!$BF:$BF,'제품군별 SUMMARY'!$C67,차량OE!Z:Z)/1000000 | L67: =SUMIF(차량OE!$BF:$BF,'제품군별 SUMMARY'!$C67,차량OE!AB:AB) | M67: =SUMIF(차량OE!$BF:$BF,'제품군별 SUMMARY'!$C67,차량OE!AC:AC)/1000000 | N67: =SUMIF(차량OE!$BF:$BF,'제품군별 SUMMARY'!$C67,차량OE!AE:AE) | O67: =SUMIF(차량OE!$BF:$BF,'제품군별 SUMMARY'!$C67,차량OE!AF:AF)/1000000 | P67: =SUMIF(차량OE!$BF:$BF,'제품군별 SUMMARY'!$C67,차량OE!AH:AH) | Q67: =SUMIF(차량OE!$BF:$BF,'제품군별 SUMMARY'!$C67,차량OE!AI:AI)/1000000 | R67: =SUMIF(차량OE!$BF:$BF,'제품군별 SUMMARY'!$C67,차량OE!AK:AK) | S67: =SUMIF(차량OE!$BF:$BF,'제품군별 SUMMARY'!$C67,차량OE!AL:AL)/1000000 | T67: =SUMIF(차량OE!$BF:$BF,'제품군별 SUMMARY'!$C67,차량OE!AN:AN) | U67: =SUMIF(차량OE!$BF:$BF,'제품군별 SUMMARY'!$C67,차량OE!AO:AO)/1000000 | V67: =SUMIF(차량OE!$BF:$BF,'제품군별 SUMMARY'!$C67,차량OE!AQ:AQ) | W67: =SUMIF(차량OE!$BF:$BF,'제품군별 SUMMARY'!$C67,차량OE!AR:AR)/1000000 | X67: =SUMIF(차량OE!$BF:$BF,'제품군별 SUMMARY'!$C67,차량OE!AT:AT) | Y67: =SUMIF(차량OE!$BF:$BF,'제품군별 SUMMARY'!$C67,차량OE!AU:AU)/1000000 | Z67: =SUMIF(차량OE!$BF:$BF,'제품군별 SUMMARY'!$C67,차량OE!AW:AW) | AA67: =SUMIF(차량OE!$BF:$BF,'제품군별 SUMMARY'!$C67,차량OE!AX:AX)/1000000
C68: MF 농기계 | D68: =SUMIF(차량OE!$BF:$BF,'제품군별 SUMMARY'!$C68,차량OE!P:P) | E68: =SUMIF(차량OE!$BF:$BF,'제품군별 SUMMARY'!$C68,차량OE!Q:Q)/1000000 | F68: =SUMIF(차량OE!$BF:$BF,'제품군별 SUMMARY'!$C68,차량OE!S:S) | G68: =SUMIF(차량OE!$BF:$BF,'제품군별 SUMMARY'!$C68,차량OE!T:T)/1000000 | H68: =SUMIF(차량OE!$BF:$BF,'제품군별 SUMMARY'!$C68,차량OE!V:V) | I68: =SUMIF(차량OE!$BF:$BF,'제품군별 SUMMARY'!$C68,차량OE!W:W)/1000000 | J68: =SUMIF(차량OE!$BF:$BF,'제품군별 SUMMARY'!$C68,차량OE!Y:Y) | K68: =SUMIF(차량OE!$BF:$BF,'제품군별 SUMMARY'!$C68,차량OE!Z:Z)/1000000 | L68: =SUMIF(차량OE!$BF:$BF,'제품군별 SUMMARY'!$C68,차량OE!AB:AB) | M68: =SUMIF(차량OE!$BF:$BF,'제품군별 SUMMARY'!$C68,차량OE!AC:AC)/1000000 | N68: =SUMIF(차량OE!$BF:$BF,'제품군별 SUMMARY'!$C68,차량OE!AE:AE) | O68: =SUMIF(차량OE!$BF:$BF,'제품군별 SUMMARY'!$C68,차량OE!AF:AF)/1000000 | P68: =SUMIF(차량OE!$BF:$BF,'제품군별 SUMMARY'!$C68,차량OE!AH:AH) | Q68: =SUMIF(차량OE!$BF:$BF,'제품군별 SUMMARY'!$C68,차량OE!AI:AI)/1000000 | R68: =SUMIF(차량OE!$BF:$BF,'제품군별 SUMMARY'!$C68,차량OE!AK:AK) | S68: =SUMIF(차량OE!$BF:$BF,'제품군별 SUMMARY'!$C68,차량OE!AL:AL)/1000000 | T68: =SUMIF(차량OE!$BF:$BF,'제품군별 SUMMARY'!$C68,차량OE!AN:AN) | U68: =SUMIF(차량OE!$BF:$BF,'제품군별 SUMMARY'!$C68,차량OE!AO:AO)/1000000 | V68: =SUMIF(차량OE!$BF:$BF,'제품군별 SUMMARY'!$C68,차량OE!AQ:AQ) | W68: =SUMIF(차량OE!$BF:$BF,'제품군별 SUMMARY'!$C68,차량OE!AR:AR)/1000000 | X68: =SUMIF(차량OE!$BF:$BF,'제품군별 SUMMARY'!$C68,차량OE!AT:AT) | Y68: =SUMIF(차량OE!$BF:$BF,'제품군별 SUMMARY'!$C68,차량OE!AU:AU)/1000000 | Z68: =SUMIF(차량OE!$BF:$BF,'제품군별 SUMMARY'!$C68,차량OE!AW:AW) | AA68: =SUMIF(차량OE!$BF:$BF,'제품군별 SUMMARY'!$C68,차량OE!AX:AX)/1000000
C69: MF 소형 EXP | D69: =SUMIF(차량OE!$BF:$BF,'제품군별 SUMMARY'!$C69,차량OE!P:P) | E69: =SUMIF(차량OE!$BF:$BF,'제품군별 SUMMARY'!$C69,차량OE!Q:Q)/1000000 | F69: =SUMIF(차량OE!$BF:$BF,'제품군별 SUMMARY'!$C69,차량OE!S:S) | G69: =SUMIF(차량OE!$BF:$BF,'제품군별 SUMMARY'!$C69,차량OE!T:T)/1000000 | H69: =SUMIF(차량OE!$BF:$BF,'제품군별 SUMMARY'!$C69,차량OE!V:V) | I69: =SUMIF(차량OE!$BF:$BF,'제품군별 SUMMARY'!$C69,차량OE!W:W)/1000000 | J69: =SUMIF(차량OE!$BF:$BF,'제품군별 SUMMARY'!$C69,차량OE!Y:Y) | K69: =SUMIF(차량OE!$BF:$BF,'제품군별 SUMMARY'!$C69,차량OE!Z:Z)/1000000 | L69: =SUMIF(차량OE!$BF:$BF,'제품군별 SUMMARY'!$C69,차량OE!AB:AB) | M69: =SUMIF(차량OE!$BF:$BF,'제품군별 SUMMARY'!$C69,차량OE!AC:AC)/1000000 | N69: =SUMIF(차량OE!$BF:$BF,'제품군별 SUMMARY'!$C69,차량OE!AE:AE) | O69: =SUMIF(차량OE!$BF:$BF,'제품군별 SUMMARY'!$C69,차량OE!AF:AF)/1000000 | P69: =SUMIF(차량OE!$BF:$BF,'제품군별 SUMMARY'!$C69,차량OE!AH:AH) | Q69: =SUMIF(차량OE!$BF:$BF,'제품군별 SUMMARY'!$C69,차량OE!AI:AI)/1000000 | R69: =SUMIF(차량OE!$BF:$BF,'제품군별 SUMMARY'!$C69,차량OE!AK:AK) | S69: =SUMIF(차량OE!$BF:$BF,'제품군별 SUMMARY'!$C69,차량OE!AL:AL)/1000000 | T69: =SUMIF(차량OE!$BF:$BF,'제품군별 SUMMARY'!$C69,차량OE!AN:AN) | U69: =SUMIF(차량OE!$BF:$BF,'제품군별 SUMMARY'!$C69,차량OE!AO:AO)/1000000 | V69: =SUMIF(차량OE!$BF:$BF,'제품군별 SUMMARY'!$C69,차량OE!AQ:AQ) | W69: =SUMIF(차량OE!$BF:$BF,'제품군별 SUMMARY'!$C69,차량OE!AR:AR)/1000000 | X69: =SUMIF(차량OE!$BF:$BF,'제품군별 SUMMARY'!$C69,차량OE!AT:AT) | Y69: =SUMIF(차량OE!$BF:$BF,'제품군별 SUMMARY'!$C69,차량OE!AU:AU)/1000000 | Z69: =SUMIF(차량OE!$BF:$BF,'제품군별 SUMMARY'!$C69,차량OE!AW:AW) | AA69: =SUMIF(차량OE!$BF:$BF,'제품군별 SUMMARY'!$C69,차량OE!AX:AX)/1000000
C70: MF 대형 EXP | D70: =SUMIF(차량OE!$BF:$BF,'제품군별 SUMMARY'!$C70,차량OE!P:P) | E70: =SUMIF(차량OE!$BF:$BF,'제품군별 SUMMARY'!$C70,차량OE!Q:Q)/1000000 | F70: =SUMIF(차량OE!$BF:$BF,'제품군별 SUMMARY'!$C70,차량OE!S:S) | G70: =SUMIF(차량OE!$BF:$BF,'제품군별 SUMMARY'!$C70,차량OE!T:T)/1000000 | H70: =SUMIF(차량OE!$BF:$BF,'제품군별 SUMMARY'!$C70,차량OE!V:V) | I70: =SUMIF(차량OE!$BF:$BF,'제품군별 SUMMARY'!$C70,차량OE!W:W)/1000000 | J70: =SUMIF(차량OE!$BF:$BF,'제품군별 SUMMARY'!$C70,차량OE!Y:Y) | K70: =SUMIF(차량OE!$BF:$BF,'제품군별 SUMMARY'!$C70,차량OE!Z:Z)/1000000 | L70: =SUMIF(차량OE!$BF:$BF,'제품군별 SUMMARY'!$C70,차량OE!AB:AB) | M70: =SUMIF(차량OE!$BF:$BF,'제품군별 SUMMARY'!$C70,차량OE!AC:AC)/1000000 | N70: =SUMIF(차량OE!$BF:$BF,'제품군별 SUMMARY'!$C70,차량OE!AE:AE) | O70: =SUMIF(차량OE!$BF:$BF,'제품군별 SUMMARY'!$C70,차량OE!AF:AF)/1000000 | P70: =SUMIF(차량OE!$BF:$BF,'제품군별 SUMMARY'!$C70,차량OE!AH:AH) | Q70: =SUMIF(차량OE!$BF:$BF,'제품군별 SUMMARY'!$C70,차량OE!AI:AI)/1000000 | R70: =SUMIF(차량OE!$BF:$BF,'제품군별 SUMMARY'!$C70,차량OE!AK:AK) | S70: =SUMIF(차량OE!$BF:$BF,'제품군별 SUMMARY'!$C70,차량OE!AL:AL)/1000000 | T70: =SUMIF(차량OE!$BF:$BF,'제품군별 SUMMARY'!$C70,차량OE!AN:AN) | U70: =SUMIF(차량OE!$BF:$BF,'제품군별 SUMMARY'!$C70,차량OE!AO:AO)/1000000 | V70: =SUMIF(차량OE!$BF:$BF,'제품군별 SUMMARY'!$C70,차량OE!AQ:AQ) | W70: =SUMIF(차량OE!$BF:$BF,'제품군별 SUMMARY'!$C70,차량OE!AR:AR)/1000000 | X70: =SUMIF(차량OE!$BF:$BF,'제품군별 SUMMARY'!$C70,차량OE!AT:AT) | Y70: =SUMIF(차량OE!$BF:$BF,'제품군별 SUMMARY'!$C70,차량OE!AU:AU)/1000000 | Z70: =SUMIF(차량OE!$BF:$BF,'제품군별 SUMMARY'!$C70,차량OE!AW:AW) | AA70: =SUMIF(차량OE!$BF:$BF,'제품군별 SUMMARY'!$C70,차량OE!AX:AX)/1000000
C71: 차량용 대형 PH | D71: =SUMIF(차량OE!$BF:$BF,'제품군별 SUMMARY'!$C71,차량OE!P:P) | E71: =SUMIF(차량OE!$BF:$BF,'제품군별 SUMMARY'!$C71,차량OE!Q:Q)/1000000 | F71: =SUMIF(차량OE!$BF:$BF,'제품군별 SUMMARY'!$C71,차량OE!S:S) | G71: =SUMIF(차량OE!$BF:$BF,'제품군별 SUMMARY'!$C71,차량OE!T:T)/1000000 | H71: =SUMIF(차량OE!$BF:$BF,'제품군별 SUMMARY'!$C71,차량OE!V:V) | I71: =SUMIF(차량OE!$BF:$BF,'제품군별 SUMMARY'!$C71,차량OE!W:W)/1000000 | J71: =SUMIF(차량OE!$BF:$BF,'제품군별 SUMMARY'!$C71,차량OE!Y:Y) | K71: =SUMIF(차량OE!$BF:$BF,'제품군별 SUMMARY'!$C71,차량OE!Z:Z)/1000000 | L71: =SUMIF(차량OE!$BF:$BF,'제품군별 SUMMARY'!$C71,차량OE!AB:AB) | M71: =SUMIF(차량OE!$BF:$BF,'제품군별 SUMMARY'!$C71,차량OE!AC:AC)/1000000 | N71: =SUMIF(차량OE!$BF:$BF,'제품군별 SUMMARY'!$C71,차량OE!AE:AE) | O71: =SUMIF(차량OE!$BF:$BF,'제품군별 SUMMARY'!$C71,차량OE!AF:AF)/1000000 | P71: =SUMIF(차량OE!$BF:$BF,'제품군별 SUMMARY'!$C71,차량OE!AH:AH) | Q71: =SUMIF(차량OE!$BF:$BF,'제품군별 SUMMARY'!$C71,차량OE!AI:AI)/1000000 | R71: =SUMIF(차량OE!$BF:$BF,'제품군별 SUMMARY'!$C71,차량OE!AK:AK) | S71: =SUMIF(차량OE!$BF:$BF,'제품군별 SUMMARY'!$C71,차량OE!AL:AL)/1000000 | T71: =SUMIF(차량OE!$BF:$BF,'제품군별 SUMMARY'!$C71,차량OE!AN:AN) | U71: =SUMIF(차량OE!$BF:$BF,'제품군별 SUMMARY'!$C71,차량OE!AO:AO)/1000000 | V71: =SUMIF(차량OE!$BF:$BF,'제품군별 SUMMARY'!$C71,차량OE!AQ:AQ) | W71: =SUMIF(차량OE!$BF:$BF,'제품군별 SUMMARY'!$C71,차량OE!AR:AR)/1000000 | X71: =SUMIF(차량OE!$BF:$BF,'제품군별 SUMMARY'!$C71,차량OE!AT:AT) | Y71: =SUMIF(차량OE!$BF:$BF,'제품군별 SUMMARY'!$C71,차량OE!AU:AU)/1000000 | Z71: =SUMIF(차량OE!$BF:$BF,'제품군별 SUMMARY'!$C71,차량OE!AW:AW) | AA71: =SUMIF(차량OE!$BF:$BF,'제품군별 SUMMARY'!$C71,차량OE!AX:AX)/1000000
C72: PT(SB) | D72: =SUMIF(차량OE!$BF:$BF,'제품군별 SUMMARY'!$C72,차량OE!P:P) | E72: =SUMIF(차량OE!$BF:$BF,'제품군별 SUMMARY'!$C72,차량OE!Q:Q)/1000000 | F72: =SUMIF(차량OE!$BF:$BF,'제품군별 SUMMARY'!$C72,차량OE!S:S) | G72: =SUMIF(차량OE!$BF:$BF,'제품군별 SUMMARY'!$C72,차량OE!T:T)/1000000 | H72: =SUMIF(차량OE!$BF:$BF,'제품군별 SUMMARY'!$C72,차량OE!V:V) | I72: =SUMIF(차량OE!$BF:$BF,'제품군별 SUMMARY'!$C72,차량OE!W:W)/1000000 | J72: =SUMIF(차량OE!$BF:$BF,'제품군별 SUMMARY'!$C72,차량OE!Y:Y) | K72: =SUMIF(차량OE!$BF:$BF,'제품군별 SUMMARY'!$C72,차량OE!Z:Z)/1000000 | L72: =SUMIF(차량OE!$BF:$BF,'제품군별 SUMMARY'!$C72,차량OE!AB:AB) | M72: =SUMIF(차량OE!$BF:$BF,'제품군별 SUMMARY'!$C72,차량OE!AC:AC)/1000000 | N72: =SUMIF(차량OE!$BF:$BF,'제품군별 SUMMARY'!$C72,차량OE!AE:AE) | O72: =SUMIF(차량OE!$BF:$BF,'제품군별 SUMMARY'!$C72,차량OE!AF:AF)/1000000 | P72: =SUMIF(차량OE!$BF:$BF,'제품군별 SUMMARY'!$C72,차량OE!AH:AH) | Q72: =SUMIF(차량OE!$BF:$BF,'제품군별 SUMMARY'!$C72,차량OE!AI:AI)/1000000 | R72: =SUMIF(차량OE!$BF:$BF,'제품군별 SUMMARY'!$C72,차량OE!AK:AK) | S72: =SUMIF(차량OE!$BF:$BF,'제품군별 SUMMARY'!$C72,차량OE!AL:AL)/1000000 | T72: =SUMIF(차량OE!$BF:$BF,'제품군별 SUMMARY'!$C72,차량OE!AN:AN) | U72: =SUMIF(차량OE!$BF:$BF,'제품군별 SUMMARY'!$C72,차량OE!AO:AO)/1000000 | V72: =SUMIF(차량OE!$BF:$BF,'제품군별 SUMMARY'!$C72,차량OE!AQ:AQ) | W72: =SUMIF(차량OE!$BF:$BF,'제품군별 SUMMARY'!$C72,차량OE!AR:AR)/1000000 | X72: =SUMIF(차량OE!$BF:$BF,'제품군별 SUMMARY'!$C72,차량OE!AT:AT) | Y72: =SUMIF(차량OE!$BF:$BF,'제품군별 SUMMARY'!$C72,차량OE!AU:AU)/1000000 | Z72: =SUMIF(차량OE!$BF:$BF,'제품군별 SUMMARY'!$C72,차량OE!AW:AW) | AA72: =SUMIF(차량OE!$BF:$BF,'제품군별 SUMMARY'!$C72,차량OE!AX:AX)/1000000
B73: 소계 | D73: =SUM(D59:D72) | E73: =SUM(E59:E72) | F73: =SUM(F59:F72) | G73: =SUM(G59:G72) | H73: =SUM(H59:H72) | I73: =SUM(I59:I72) | J73: =SUM(J59:J72) | K73: =SUM(K59:K72) | ... AA73: =SUM(AA59:AA72)
A74: 국내영업본부 합 계 | D74: =D18+D42+D58+D73 | E74: =E18+E42+E58+E73 | F74: =F18+F42+F58+F73 | G74: =G18+G42+G58+G73 | H74: =H18+H42+H58+H73 | I74: =I18+I42+I58+I73 | J74: =J18+J42+J58+J73 | K74: =K18+K42+K58+K73 | ... AA74: =AA18+AA42+AA58+AA73

Sheet 고정형
A2: 2026년 산전 고정형 판매계획 (더미데이터)
A6: 1. 기본정보
A7: 구분 | B7: 25년 8월 누계 | C7: 26년 경영계획 | D7: 증감율
A8: LME | B8: 2055.77 | C8: 1810 | D8: =C8/B8-1
A9: USD | B9: 1355.01 | C9: 1344.64 | D9: =C9/B9-1
A10: 지수 | B10: =B8*B9/1000 | C10: =C8*C9/1000 | D10: =C10/B10-1 | I10: ※ 더미데이터 안내
A11: JPY | B11: 1010.47 | C11: 1001.5 | D11: =C11/B11-1 | I11: - 본 파일은 판매계획 양식.xlsx의 스키마(시트/컬럼/수식 구조)를 참고하여 생성한 가상 데이터입니다.
A12: EUR | B12: 1633.83 | C12: 1513.04 | D12: =C12/B12-1 | I12: - 거래처명, 담당자명, 코드, 수량/금액은 전부 무작위로 생성된 값이며 실제 데이터와 무관합니다.
A15: 2026년 판매계획 (더미데이터) - 담당/거래처/수량/금액은 모두 가상 값
A16: 구분 | L16: 25년 8월 누계 | O16: 1월 | R16: 2월 | U16: 3월 | X16: 4월 | AA16: 5월 | AD16: 6월 | AG16: 7월 | AJ16: 8월 | AM16: 9월 | AP16: 10월 | AS16: 11월 | AV16: 12월
A17: 담당 | B17: 팀 | C17: 유통채널 | D17: 고객 | E17: 고객명 | F17: 납품처 | G17: 납품처명 | H17: 영업담당 | I17: 구분 | J17: 제품군 구분 | K17: 제품코드 | L17: 판가 | M17: 수량 | N17: 금액 | O17: 1월 판가 | P17: 1월 수량 | Q17: 1월 금액 | R17: 2월 판가 | S17: 2월 수량 | T17: 2월 금액 | U17: 3월 판가 | V17: 3월 수량 | W17: 3월 금액 | X17: 4월 판가 | Y17: 4월 수량 | Z17: 4월 금액 | AA17: 5월 판가 | AB17: 5월 수량 | AC17: 5월 금액 | AD17: 6월 판가 | AE17: 6월 수량 | AF17: 6월 금액 | AG17: 7월 판가 | AH17: 7월 수량 | AI17: 7월 금액 | AJ17: 8월 판가 | AK17: 8월 수량 | AL17: 8월 금액 | AM17: 9월 판가 | AN17: 9월 수량 | AO17: 9월 금액 | AP17: 10월 판가 | AQ17: 10월 수량 | AR17: 10월 금액 | AS17: 11월 판가 | AT17: 11월 수량 | AU17: 11월 금액 | AV17: 12월 판가 | AW17: 12월 수량 | AX17: 12월 금액 | AY17: 연평균판가 | AZ17: 연간수량합계 | BA17: 연간금액합계 | BB17: 판가차이 | BC17: 차이율 | BD17: 비고 | BF17: 본부보고용(제품군 매핑)
A18: 산전 영업부문 | B18: 산전 고정형 | C18: =D18&J18 | D18: 9078908 | E18: 참좋은상사D | F18: 9078908 | G18: 참좋은상사D | H18: 윤재원 | I18: 상품 | J18: LM | L18: 243781.98 | M18: 63 | N18: =L18*M18 | O18: 256400.49 | P18: 50 | Q18: =O18*P18 | R18: 240008.94 | S18: 55 | T18: =R18*S18 | U18: 229901.71 | V18: 73 | W18: =U18*V18 | X18: 224387.19 | Y18: 58 | Z18: =X18*Y18 | AA18: 236906.32 | AB18: 57 | AC18: =AA18*AB18 | AD18: 232300.87 | AE18: 46 | AF18: =AD18*AE18 | AG18: 241803.68 | AH18: 49 | AI18: =AG18*AH18 | AJ18: 264371.58 | AK18: 47 | AL18: =AJ18*AK18 | AM18: 233698.1 | AN18: 68 | AO18: =AM18*AN18 | AP18: 262575.22 | AQ18: 58 | AR18: =AP18*AQ18 | AS18: 228779.08 | AT18: 47 | AU18: =AS18*AT18 | AV18: 251644.6 | AW18: 73 | AX18: =AV18*AW18 | AY18: =IFERROR(BA18/AZ18,0) | AZ18: =SUM(P18,S18,V18,Y18,AB18,AE18,AH18,AK18,AN18,AQ18,AT18,AW18) | BA18: =SUM(Q18,T18,W18,Z18,AC18,AF18,AI18,AL18,AO18,AR18,AU18,AX18) | BB18: =AY18-L18 | BC18: =IFERROR(BB18/L18,0) | BF18: =VLOOKUP("고정형"&J18,인자!A:D,4,0)
A19: 산전 영업부문 | B19: 산전 고정형 | C19: =D19&J19 | D19: 9012281 | E19: 가상상사B | F19: 9012281 | G19: 가상상사B | H19: 권나윤 | I19: 광주 | J19: ES 소형 | L19: 117137.24 | M19: 3724 | N19: =L19*M19 | O19: 120315.98 | P19: 3422 | Q19: =O19*P19 | R19: 114095.91 | S19: 3075 | T19: =R19*S19 | U19: 111678.13 | V19: 4700 | W19: =U19*V19 | X19: 120605.33 | Y19: 3968 | Z19: =X19*Y19 | AA19: 109432.86 | AB19: 4236 | AC19: =AA19*AB19 | AD19: 109251.62 | AE19: 3455 | AF19: =AD19*AE19 | AG19: 128605.52 | AH19: 4037 | AI19: =AG19*AH19 | AJ19: 118471.43 | AK19: 4137 | AL19: =AJ19*AK19 | AM19: 125169.39 | AN19: 4341 | AO19: =AM19*AN19 | AP19: 110789.53 | AQ19: 2679 | AR19: =AP19*AQ19 | AS19: 112813.78 | AT19: 3205 | AU19: =AS19*AT19 | AV19: 110366.31 | AW19: 4714 | AX19: =AV19*AW19 | AY19: =IFERROR(BA19/AZ19,0) | AZ19: =SUM(P19,S19,V19,Y19,AB19,AE19,AH19,AK19,AN19,AQ19,AT19,AW19) | BA19: =SUM(Q19,T19,W19,Z19,AC19,AF19,AI19,AL19,AO19,AR19,AU19,AX19) | BB19: =AY19-L19 | BC19: =IFERROR(BB19/L19,0) | BF19: =VLOOKUP("고정형"&J19,인자!A:D,4,0)
A20: 산전 영업부문 | B20: 산전 고정형 | C20: =D20&J20 | D20: 9093851 | E20: 한빛파워F | F20: 9093851 | G20: 한빛파워F | H20: 최지우 | I20: 상품 | J20: RP 대형 | L20: 121711.41 | M20: 3768 | N20: =L20*M20 | O20: 113018.09 | P20: 2953 | Q20: =O20*P20 | R20: 127675 | S20: 3856 | T20: =R20*S20 | U20: 127724.29 | V20: 3606 | W20: =U20*V20 | X20: 123744.79 | Y20: 3456 | Z20: =X20*Y20 | AA20: 133817.45 | AB20: 2950 | AC20: =AA20*AB20 | AD20: 121553.57 | AE20: 4346 | AF20: =AD20*AE20 | AG20: 130501.48 | AH20: 2983 | AI20: =AG20*AH20 | AJ20: 113434.6 | AK20: 4176 | AL20: =AJ20*AK20 | AM20: 124058.23 | AN20: 3507 | AO20: =AM20*AN20 | AP20: 124045.55 | AQ20: 3696 | AR20: =AP20*AQ20 | AS20: 115660.26 | AT20: 3888 | AU20: =AS20*AT20 | AV20: 132481.19 | AW20: 4176 | AX20: =AV20*AW20 | AY20: =IFERROR(BA20/AZ20,0) | AZ20: =SUM(P20,S20,V20,Y20,AB20,AE20,AH20,AK20,AN20,AQ20,AT20,AW20) | BA20: =SUM(Q20,T20,W20,Z20,AC20,AF20,AI20,AL20,AO20,AR20,AU20,AX20) | BB20: =AY20-L20 | BC20: =IFERROR(BB20/L20,0) | BF20: =VLOOKUP("고정형"&J20,인자!A:D,4,0)
A21: 산전 영업부문 | B21: 산전 고정형 | C21: =D21&J21 | D21: 9012281 | E21: 가상상사B | F21: 9012281 | G21: 가상상사B | H21: 한지호 | I21: 상품 | J21: LM | L21: 231736.63 | M21: 2796 | N21: =L21*M21 | O21: 213733.11 | P21: 2687 | Q21: =O21*P21 | R21: 229591.85 | S21: 3557 | T21: =R21*S21 | U21: 249156.41 | V21: 2399 | W21: =U21*V21 | X21: 231763.79 | Y21: 2257 | Z21: =X21*Y21 | AA21: 250860.83 | AB21: 3418 | AC21: =AA21*AB21 | AD21: 222395.09 | AE21: 3029 | AF21: =AD21*AE21 | AG21: 236787.11 | AH21: 2214 | AI21: =AG21*AH21 | AJ21: 243903.3 | AK21: 2862 | AL21: =AJ21*AK21 | AM21: 244650.22 | AN21: 2847 | AO21: =AM21*AN21 | AP21: 208589.47 | AQ21: 2501 | AR21: =AP21*AQ21 | AS21: 209465.66 | AT21: 3516 | AU21: =AS21*AT21 | AV21: 249289.38 | AW21: 3352 | AX21: =AV21*AW21 | AY21: =IFERROR(BA21/AZ21,0) | AZ21: =SUM(P21,S21,V21,Y21,AB21,AE21,AH21,AK21,AN21,AQ21,AT21,AW21) | BA21: =SUM(Q21,T21,W21,Z21,AC21,AF21,AI21,AL21,AO21,AR21,AU21,AX21) | BB21: =AY21-L21 | BC21: =IFERROR(BB21/L21,0) | BF21: =VLOOKUP("고정형"&J21,인자!A:D,4,0)
A22: 산전 영업부문 | B22: 산전 고정형 | C22: =D22&J22 | D22: 9073564 | E22: 가상상사E | F22: 9073564 | G22: 가상상사E | H22: 최지우 | I22: 광주 | J22: GSL 중형 | L22: 264012.83 | M22: 655 | N22: =L22*M22 | O22: 242134.27 | P22: 649 | Q22: =O22*P22 | R22: 241266.15 | S22: 757 | T22: =R22*S22 | U22: 278049.57 | V22: 509 | W22: =U22*V22 | X22: 262707.68 | Y22: 675 | Z22: =X22*Y22 | AA22: 251607.22 | AB22: 801 | AC22: =AA22*AB22 | AD22: 259954.32 | AE22: 542 | AF22: =AD22*AE22 | AG22: 266087.76 | AH22: 745 | AI22: =AG22*AH22 | AJ22: 248232.84 | AK22: 581 | AL22: =AJ22*AK22 | AM22: 290157.99 | AN22: 714 | AO22: =AM22*AN22 | AP22: 260744.36 | AQ22: 662 | AR22: =AP22*AQ22 | AS22: 244000.88 | AT22: 547 | AU22: =AS22*AT22 | AV22: 255463.33 | AW22: 690 | AX22: =AV22*AW22 | AY22: =IFERROR(BA22/AZ22,0) | AZ22: =SUM(P22,S22,V22,Y22,AB22,AE22,AH22,AK22,AN22,AQ22,AT22,AW22) | BA22: =SUM(Q22,T22,W22,Z22,AC22,AF22,AI22,AL22,AO22,AR22,AU22,AX22) | BB22: =AY22-L22 | BC22: =IFERROR(BB22/L22,0) | BF22: =VLOOKUP("고정형"&J22,인자!A:D,4,0)
A23: 산전 영업부문 | B23: 산전 고정형 | C23: =D23&J23 | D23: 9078908 | E23: 참좋은상사D | F23: 9078908 | G23: 참좋은상사D | H23: 임도현 | I23: 광주 | J23: CGS 소형 | L23: 25942.96 | M23: 492 | N23: =L23*M23 | O23: 24536.55 | P23: 612 | Q23: =O23*P23 | R23: 27808.96 | S23: 365 | T23: =R23*S23 | U23: 24583.57 | V23: 542 | W23: =U23*V23 | X23: 24460.25 | Y23: 383 | Z23: =X23*Y23 | AA23: 28202.67 | AB23: 513 | AC23: =AA23*AB23 | AD23: 25801.16 | AE23: 576 | AF23: =AD23*AE23 | AG23: 27538.44 | AH23: 401 | AI23: =AG23*AH23 | AJ23: 23851.6 | AK23: 472 | AL23: =AJ23*AK23 | AM23: 25546.44 | AN23: 482 | AO23: =AM23*AN23 | AP23: 27131.54 | AQ23: 543 | AR23: =AP23*AQ23 | AS23: 28455.1 | AT23: 373 | AU23: =AS23*AT23 | AV23: 25437.7 | AW23: 445 | AX23: =AV23*AW23 | AY23: =IFERROR(BA23/AZ23,0) | AZ23: =SUM(P23,S23,V23,Y23,AB23,AE23,AH23,AK23,AN23,AQ23,AT23,AW23) | BA23: =SUM(Q23,T23,W23,Z23,AC23,AF23,AI23,AL23,AO23,AR23,AU23,AX23) | BB23: =AY23-L23 | BC23: =IFERROR(BB23/L23,0) | BF23: =VLOOKUP("고정형"&J23,인자!A:D,4,0)
A24: 산전 영업부문 | B24: 산전 고정형 | C24: =D24&J24 | D24: 9012281 | E24: 가상상사B | F24: 9012281 | G24: 가상상사B | H24: 최지우 | I24: 광주 | J24: GSL 소형 | L24: 163204.3 | M24: 1158 | N24: =L24*M24 | O24: 160654.45 | P24: 1004 | Q24: =O24*P24 | R24: 155037.77 | S24: 1452 | T24: =R24*S24 | U24: 161348.04 | V24: 1409 | W24: =U24*V24 | X24: 164846.96 | Y24: 846 | Z24: =X24*Y24 | AA24: 179501.31 | AB24: 1391 | AC24: =AA24*AB24 | AD24: 178512.74 | AE24: 1454 | AF24: =AD24*AE24 | AG24: 174586.03 | AH24: 926 | AI24: =AG24*AH24 | AJ24: 162735.61 | AK24: 959 | AL24: =AJ24*AK24 | AM24: 159974.17 | AN24: 851 | AO24: =AM24*AN24 | AP24: 159253.88 | AQ24: 1495 | AR24: =AP24*AQ24 | AS24: 155540.33 | AT24: 1355 | AU24: =AS24*AT24 | AV24: 161735.73 | AW24: 1105 | AX24: =AV24*AW24 | AY24: =IFERROR(BA24/AZ24,0) | AZ24: =SUM(P24,S24,V24,Y24,AB24,AE24,AH24,AK24,AN24,AQ24,AT24,AW24) | BA24: =SUM(Q24,T24,W24,Z24,AC24,AF24,AI24,AL24,AO24,AR24,AU24,AX24) | BB24: =AY24-L24 | BC24: =IFERROR(BB24/L24,0) | BF24: =VLOOKUP("고정형"&J24,인자!A:D,4,0)
A25: 산전 영업부문 | B25: 산전 고정형 | C25: =D25&J25 | D25: 9054988 | E25: 참좋은상사H | F25: 9054988 | G25: 참좋은상사H | H25: 박도윤 | I25: 광주 | J25: MSB 대형 | L25: 69221.77 | M25: 489 | N25: =L25*M25 | O25: 70317.97 | P25: 501 | Q25: =O25*P25 | R25: 72654.83 | S25: 359 | T25: =R25*S25 | U25: 70387.15 | V25: 490 | W25: =U25*V25 | X25: 74104.95 | Y25: 388 | Z25: =X25*Y25 | AA25: 75600.96 | AB25: 366 | AC25: =AA25*AB25 | AD25: 64872.22 | AE25: 517 | AF25: =AD25*AE25 | AG25: 71647.47 | AH25: 411 | AI25: =AG25*AH25 | AJ25: 63959.35 | AK25: 604 | AL25: =AJ25*AK25 | AM25: 65708.29 | AN25: 517 | AO25: =AM25*AN25 | AP25: 70874.53 | AQ25: 465 | AR25: =AP25*AQ25 | AS25: 70380.16 | AT25: 496 | AU25: =AS25*AT25 | AV25: 75240 | AW25: 402 | AX25: =AV25*AW25 | AY25: =IFERROR(BA25/AZ25,0) | AZ25: =SUM(P25,S25,V25,Y25,AB25,AE25,AH25,AK25,AN25,AQ25,AT25,AW25) | BA25: =SUM(Q25,T25,W25,Z25,AC25,AF25,AI25,AL25,AO25,AR25,AU25,AX25) | BB25: =AY25-L25 | BC25: =IFERROR(BB25/L25,0) | BF25: =VLOOKUP("고정형"&J25,인자!A:D,4,0)
A26: 산전 영업부문 | B26: 산전 고정형 | C26: =D26&J26 | D26: 9093851 | E26: 한빛파워F | F26: 9093851 | G26: 한빛파워F | H26: 최지우 | I26: 창원 | J26: PS 소형 | L26: 43609.09 | M26: 2467 | N26: =L26*M26 | O26: 43236.01 | P26: 3102 | Q26: =O26*P26 | R26: 47409.49 | S26: 1741 | T26: =R26*S26 | U26: 44665.82 | V26: 2560 | W26: =U26*V26 | X26: 40120.2 | Y26: 2523 | Z26: =X26*Y26 | AA26: 43660.42 | AB26: 1923 | AC26: =AA26*AB26 | AD26: 42292.17 | AE26: 1829 | AF26: =AD26*AE26 | AG26: 41378.79 | AH26: 2149 | AI26: =AG26*AH26 | AJ26: 43069.95 | AK26: 2531 | AL26: =AJ26*AK26 | AM26: 41886.68 | AN26: 3183 | AO26: =AM26*AN26 | AP26: 46287.56 | AQ26: 2510 | AR26: =AP26*AQ26 | AS26: 45073.16 | AT26: 2548 | AU26: =AS26*AT26 | AV26: 47374.79 | AW26: 1880 | AX26: =AV26*AW26 | AY26: =IFERROR(BA26/AZ26,0) | AZ26: =SUM(P26,S26,V26,Y26,AB26,AE26,AH26,AK26,AN26,AQ26,AT26,AW26) | BA26: =SUM(Q26,T26,W26,Z26,AC26,AF26,AI26,AL26,AO26,AR26,AU26,AX26) | BB26: =AY26-L26 | BC26: =IFERROR(BB26/L26,0) | BF26: =VLOOKUP("고정형"&J26,인자!A:D,4,0)
A27: 산전 영업부문 | B27: 산전 고정형 | C27: =D27&J27 | D27: 9030496 | E27: 한빛파워C | F27: 9030496 | G27: 한빛파워C | H27: 정하은 | I27: 광주 | J27: ES 소형 | L27: 224012.92 | M27: 1283 | N27: =L27*M27 | O27: 213813.53 | P27: 1364 | Q27: =O27*P27 | R27: 233762.51 | S27: 1055 | T27: =R27*S27 | U27: 230027.13 | V27: 1101 | W27: =U27*V27 | X27: 223499.12 | Y27: 1595 | Z27: =X27*Y27 | AA27: 239519.26 | AB27: 969 | AC27: =AA27*AB27 | AD27: 220588.92 | AE27: 1111 | AF27: =AD27*AE27 | AG27: 201770.48 | AH27: 1492 | AI27: =AG27*AH27 | AJ27: 230155.95 | AK27: 1100 | AL27: =AJ27*AK27 | AM27: 234820.69 | AN27: 1323 | AO27: =AM27*AN27 | AP27: 220773.11 | AQ27: 906 | AR27: =AP27*AQ27 | AS27: 204982.75 | AT27: 1578 | AU27: =AS27*AT27 | AV27: 242109.96 | AW27: 1318 | AX27: =AV27*AW27 | AY27: =IFERROR(BA27/AZ27,0) | AZ27: =SUM(P27,S27,V27,Y27,AB27,AE27,AH27,AK27,AN27,AQ27,AT27,AW27) | BA27: =SUM(Q27,T27,W27,Z27,AC27,AF27,AI27,AL27,AO27,AR27,AU27,AX27) | BB27: =AY27-L27 | BC27: =IFERROR(BB27/L27,0) | BF27: =VLOOKUP("고정형"&J27,인자!A:D,4,0)
A28: 산전 영업부문 | B28: 산전 고정형 | C28: =D28&J28 | D28: 9093851 | E28: 한빛파워F | F28: 9093851 | G28: 한빛파워F | H28: 임도현 | I28: 상품 | J28: ES 중형 | L28: 131787.08 | M28: 352 | N28: =L28*M28 | O28: 126733.27 | P28: 436 | Q28: =O28*P28 | R28: 139592.1 | S28: 428 | T28: =R28*S28 | U28: 142301.7 | V28: 291 | W28: =U28*V28 | X28: 125185.33 | Y28: 268 | Z28: =X28*Y28 | AA28: 139170.22 | AB28: 433 | AC28: =AA28*AB28 | AD28: 129319.43 | AE28: 377 | AF28: =AD28*AE28 | AG28: 122682 | AH28: 443 | AI28: =AG28*AH28 | AJ28: 141397.14 | AK28: 453 | AL28: =AJ28*AK28 | AM28: 139978.22 | AN28: 433 | AO28: =AM28*AN28 | AP28: 119261.68 | AQ28: 402 | AR28: =AP28*AQ28 | AS28: 127363.92 | AT28: 443 | AU28: =AS28*AT28 | AV28: 139753.22 | AW28: 429 | AX28: =AV28*AW28 | AY28: =IFERROR(BA28/AZ28,0) | AZ28: =SUM(P28,S28,V28,Y28,AB28,AE28,AH28,AK28,AN28,AQ28,AT28,AW28) | BA28: =SUM(Q28,T28,W28,Z28,AC28,AF28,AI28,AL28,AO28,AR28,AU28,AX28) | BB28: =AY28-L28 | BC28: =IFERROR(BB28/L28,0) | BF28: =VLOOKUP("고정형"&J28,인자!A:D,4,0)
A29: 산전 영업부문 | B29: 산전 고정형 | C29: =D29&J29 | D29: 9078908 | E29: 참좋은상사D | F29: 9078908 | G29: 참좋은상사D | H29: 정하은 | I29: 광주 | J29: 산업용 기타 | L29: 36888.21 | M29: 327 | N29: =L29*M29 | O29: 39533.78 | P29: 273 | Q29: =O29*P29 | R29: 39223.87 | S29: 319 | T29: =R29*S29 | U29: 35450.98 | V29: 385 | W29: =U29*V29 | X29: 34878.51 | Y29: 234 | Z29: =X29*Y29 | AA29: 34624.23 | AB29: 293 | AC29: =AA29*AB29 | AD29: 39576.28 | AE29: 419 | AF29: =AD29*AE29 | AG29: 35258.67 | AH29: 355 | AI29: =AG29*AH29 | AJ29: 36148.07 | AK29: 421 | AL29: =AJ29*AK29 | AM29: 37155.4 | AN29: 413 | AO29: =AM29*AN29 | AP29: 34050.34 | AQ29: 419 | AR29: =AP29*AQ29 | AS29: 34516.8 | AT29: 418 | AU29: =AS29*AT29 | AV29: 35157.9 | AW29: 250 | AX29: =AV29*AW29 | AY29: =IFERROR(BA29/AZ29,0) | AZ29: =SUM(P29,S29,V29,Y29,AB29,AE29,AH29,AK29,AN29,AQ29,AT29,AW29) | BA29: =SUM(Q29,T29,W29,Z29,AC29,AF29,AI29,AL29,AO29,AR29,AU29,AX29) | BB29: =AY29-L29 | BC29: =IFERROR(BB29/L29,0) | BF29: =VLOOKUP("고정형"&J29,인자!A:D,4,0)
... A42: 산전 영업부문 | B42: 산전 고정형 | C42: =D42&J42 | D42: 9073564 | E42: 가상상사E | F42: 9073564 | G42: 가상상사E | H42: 임도현 | I42: 상품 | J42: VGS 대형 | L42: 276751.8 | M42: 3607 | N42: =L42*M42 | O42: 255959.64 | P42: 4015 | Q42: =O42*P42 | R42: 287807.13 | S42: 4565 | T42: =R42*S42 | U42: 276777.94 | V42: 3594 | W42: =U42*V42 | X42: 253529.11 | Y42: 2611 | Z42: =X42*Y42 | AA42: 272989.56 | AB42: 3222 | AC42: =AA42*AB42 | AD42: 262934.57 | AE42: 2723 | AF42: =AD42*AE42 | AG42: 302318.75 | AH42: 4334 | AI42: =AG42*AH42 | AJ42: 280914.1 | AK42: 4583 | AL42: =AJ42*AK42 | AM42: 304403.31 | AN42: 3980 | AO42: =AM42*AN42 | AP42: 263994.15 | AQ42: 2612 | AR42: =AP42*AQ42 | AS42: 290936.37 | AT42: 3543 | AU42: =AS42*AT42 | AV42: 285137.9 | AW42: 4507 | AX42: =AV42*AW42 | AY42: =IFERROR(BA42/AZ42,0) | AZ42: =SUM(P42,S42,V42,Y42,AB42,AE42,AH42,AK42,AN42,AQ42,AT42,AW42) | BA42: =SUM(Q42,T42,W42,Z42,AC42,AF42,AI42,AL42,AO42,AR42,AU42,AX42) | BB42: =AY42-L42 | BC42: =IFERROR(BB42/L42,0) | BF42: =VLOOKUP("고정형"&J42,인자!A:D,4,0)

Sheet 모티브
A2: 2026년 산전 모티브 판매계획 (더미데이터)
A6: 1. 기본정보
A7: 구분 | B7: 25년 8월 누계 | C7: 26년 경영계획 | D7: 증감율
A8: LME | B8: 1872.6 | C8: 2034.13 | D8: =C8/B8-1
A9: USD | B9: 1426.96 | C9: 1398.35 | D9: =C9/B9-1
A10: 지수 | B10: =B8*B9/1000 | C10: =C8*C9/1000 | D10: =C10/B10-1 | I10: ※ 더미데이터 안내
A11: JPY | B11: 913.69 | C11: 952.19 | D11: =C11/B11-1 | I11: - 본 파일은 판매계획 양식.xlsx의 스키마(시트/컬럼/수식 구조)를 참고하여 생성한 가상 데이터입니다.
A12: EUR | B12: 1550 | C12: 1600.52 | D12: =C12/B12-1 | I12: - 거래처명, 담당자명, 코드, 수량/금액은 전부 무작위로 생성된 값이며 실제 데이터와 무관합니다.
A15: 2026년 판매계획 (더미데이터) - 담당/거래처/수량/금액은 모두 가상 값
A16: 구분 | L16: 25년 8월 누계 | O16: 1월 | R16: 2월 | U16: 3월 | X16: 4월 | AA16: 5월 | AD16: 6월 | AG16: 7월 | AJ16: 8월 | AM16: 9월 | AP16: 10월 | AS16: 11월 | AV16: 12월
A17: 담당 | B17: 팀 | C17: 유통채널 | D17: 고객 | E17: 고객명 | F17: 납품처 | G17: 납품처명 | H17: 영업담당 | I17: 구분 | J17: 제품군 구분 | K17: 제품코드 | L17: 판가 | M17: 수량 | N17: 금액 | O17: 1월 판가 | P17: 1월 수량 | Q17: 1월 금액 | R17: 2월 판가 | S17: 2월 수량 | T17: 2월 금액 | U17: 3월 판가 | V17: 3월 수량 | W17: 3월 금액 | X17: 4월 판가 | Y17: 4월 수량 | Z17: 4월 금액 | AA17: 5월 판가 | AB17: 5월 수량 | AC17: 5월 금액 | AD17: 6월 판가 | AE17: 6월 수량 | AF17: 6월 금액 | AG17: 7월 판가 | AH17: 7월 수량 | AI17: 7월 금액 | AJ17: 8월 판가 | AK17: 8월 수량 | AL17: 8월 금액 | AM17: 9월 판가 | AN17: 9월 수량 | AO17: 9월 금액 | AP17: 10월 판가 | AQ17: 10월 수량 | AR17: 10월 금액 | AS17: 11월 판가 | AT17: 11월 수량 | AU17: 11월 금액 | AV17: 12월 판가 | AW17: 12월 수량 | AX17: 12월 금액 | AY17: 연평균판가 | AZ17: 연간수량합계 | BA17: 연간금액합계 | BB17: 판가차이 | BC17: 차이율 | BD17: 비고 | BF17: 본부보고용(제품군 매핑)
A18: 산전 영업부문 | B18: 산전 모티브 | C18: 모티브파트 | D18: 9004810 | E18: 참좋은상사F | F18: 9004810 | G18: 참좋은상사F | H18: 이서연 | I18: 광주 | J18: V-Type(Set)/OEM | L18: 199009.81 | M18: 4454 | N18: =L18*M18 | O18: 197496.39 | P18: 3263 | Q18: =O18*P18 | R18: 199743.73 | S18: 4782 | T18: =R18*S18 | U18: 198949.83 | V18: 4299 | W18: =U18*V18 | X18: 181163.08 | Y18: 3831 | Z18: =X18*Y18 | AA18: 184323.41 | AB18: 3888 | AC18: =AA18*AB18 | AD18: 214168.25 | AE18: 4413 | AF18: =AD18*AE18 | AG18: 180257.89 | AH18: 4801 | AI18: =AG18*AH18 | AJ18: 210923.08 | AK18: 5015 | AL18: =AJ18*AK18 | AM18: 191477.29 | AN18: 3154 | AO18: =AM18*AN18 | AP18: 195347.66 | AQ18: 3718 | AR18: =AP18*AQ18 | AS18: 212598.43 | AT18: 3421 | AU18: =AS18*AT18 | AV18: 216803.7 | AW18: 4849 | AX18: =AV18*AW18 | AY18: =IFERROR(BA18/AZ18,0) | AZ18: =SUM(P18,S18,V18,Y18,AB18,AE18,AH18,AK18,AN18,AQ18,AT18,AW18) | BA18: =SUM(Q18,T18,W18,Z18,AC18,AF18,AI18,AL18,AO18,AR18,AU18,AX18) | BB18: =AY18-L18 | BC18: =IFERROR(BB18/L18,0) | BF18: =VLOOKUP("모티브"&J18,인자!A:D,4,0)
A19: 산전 영업부문 | B19: 산전 모티브 | C19: 산전사업소 | D19: 9064943 | E19: 그린텍배터리C | F19: 9064943 | G19: 그린텍배터리C | H19: 윤재원 | I19: 광주 | J19: V-Type(Set)/OEM | L19: 127569.65 | M19: 3962 | N19: =L19*M19 | O19: 139822.58 | P19: 3353 | Q19: =O19*P19 | R19: 128877.62 | S19: 3685 | T19: =R19*S19 | U19: 138333.16 | V19: 3982 | W19: =U19*V19 | X19: 137247.75 | Y19: 4827 | Z19: =X19*Y19 | AA19: 121860.84 | AB19: 4651 | AC19: =AA19*AB19 | AD19: 125399.5 | AE19: 4994 | AF19: =AD19*AE19 | AG19: 127767.07 | AH19: 4724 | AI19: =AG19*AH19 | AJ19: 122029.02 | AK19: 3483 | AL19: =AJ19*AK19 | AM19: 129787.77 | AN19: 5148 | AO19: =AM19*AN19 | AP19: 127305.33 | AQ19: 3127 | AR19: =AP19*AQ19 | AS19: 128553.99 | AT19: 3594 | AU19: =AS19*AT19 | AV19: 128894.27 | AW19: 4065 | AX19: =AV19*AW19 | AY19: =IFERROR(BA19/AZ19,0) | AZ19: =SUM(P19,S19,V19,Y19,AB19,AE19,AH19,AK19,AN19,AQ19,AT19,AW19) | BA19: =SUM(Q19,T19,W19,Z19,AC19,AF19,AI19,AL19,AO19,AR19,AU19,AX19) | BB19: =AY19-L19 | BC19: =IFERROR(BB19/L19,0) | BF19: =VLOOKUP("모티브"&J19,인자!A:D,4,0)
A20: 산전 영업부문 | B20: 산전 모티브 | C20: 모티브파트 | D20: 9033083 | E20: 대한상용H | F20: 9033083 | G20: 대한상용H | H20: 황준서 | I20: 광주 | J20: Longest(EB) | L20: 173680.3 | M20: 1923 | N20: =L20*M20 | O20: 186046.79 | P20: 1820 | Q20: =O20*P20 | R20: 167364.46 | S20: 1892 | T20: =R20*S20 | U20: 188041.24 | V20: 1786 | W20: =U20*V20 | X20: 190645.88 | Y20: 2260 | Z20: =X20*Y20 | AA20: 178960.84 | AB20: 1522 | AC20: =AA20*AB20 | AD20: 189826.47 | AE20: 1492 | AF20: =AD20*AE20 | AG20: 189844.85 | AH20: 1729 | AI20: =AG20*AH20 | AJ20: 159798.54 | AK20: 2321 | AL20: =AJ20*AK20 | AM20: 159775.86 | AN20: 2397 | AO20: =AM20*AN20 | AP20: 156845.39 | AQ20: 1512 | AR20: =AP20*AQ20 | AS20: 186565.05 | AT20: 2465 | AU20: =AS20*AT20 | AV20: 158911.51 | AW20: 2248 | AX20: =AV20*AW20 | AY20: =IFERROR(BA20/AZ20,0) | AZ20: =SUM(P20,S20,V20,Y20,AB20,AE20,AH20,AK20,AN20,AQ20,AT20,AW20) | BA20: =SUM(Q20,T20,W20,Z20,AC20,AF20,AI20,AL20,AO20,AR20,AU20,AX20) | BB20: =AY20-L20 | BC20: =IFERROR(BB20/L20,0) | BF20: =VLOOKUP("모티브"&J20,인자!A:D,4,0)
A21: 산전 영업부문 | B21: 산전 모티브 | C21: 산전사업소 | D21: 9099681 | E21: 미래모터스E | F21: 9099681 | G21: 미래모터스E | H21: 강시우 | I21: 광주 | J21: V-Type(Set)/보수 | L21: 256440.69 | M21: 4381 | N21: =L21*M21 | O21: 250286.6 | P21: 3899 | Q21: =O21*P21 | R21: 267658.3 | S21: 5063 | T21: =R21*S21 | U21: 275539.52 | V21: 3161 | W21: =U21*V21 | X21: 234305.79 | Y21: 4726 | Z21: =X21*Y21 | AA21: 278029.36 | AB21: 5689 | AC21: =AA21*AB21 | AD21: 269096.88 | AE21: 4207 | AF21: =AD21*AE21 | AG21: 235845.59 | AH21: 4733 | AI21: =AG21*AH21 | AJ21: 275549.59 | AK21: 4233 | AL21: =AJ21*AK21 | AM21: 266390.65 | AN21: 5441 | AO21: =AM21*AN21 | AP21: 233155.41 | AQ21: 5159 | AR21: =AP21*AQ21 | AS21: 245842.91 | AT21: 4052 | AU21: =AS21*AT21 | AV21: 238262.62 | AW21: 4463 | AX21: =AV21*AW21 | AY21: =IFERROR(BA21/AZ21,0) | AZ21: =SUM(P21,S21,V21,Y21,AB21,AE21,AH21,AK21,AN21,AQ21,AT21,AW21) | BA21: =SUM(Q21,T21,W21,Z21,AC21,AF21,AI21,AL21,AO21,AR21,AU21,AX21) | BB21: =AY21-L21 | BC21: =IFERROR(BB21/L21,0) | BF21: =VLOOKUP("모티브"&J21,인자!A:D,4,0)
A22: 산전 영업부문 | B22: 산전 모티브 | C22: 산전사업소 | D22: 9064943 | E22: 그린텍배터리C | F22: 9064943 | G22: 그린텍배터리C | H22: 박도윤 | I22: 창원 | J22: V-Type(Set)/보수 | L22: 187814.56 | M22: 1982 | N22: =L22*M22 | O22: 187726.94 | P22: 2081 | Q22: =O22*P22 | R22: 177754.78 | S22: 2146 | T22: =R22*S22 | U22: 186295.91 | V22: 2180 | W22: =U22*V22 | X22: 202798.73 | Y22: 1941 | Z22: =X22*Y22 | AA22: 179837.39 | AB22: 2037 | AC22: =AA22*AB22 | AD22: 171807.57 | AE22: 2511 | AF22: =AD22*AE22 | AG22: 206132.18 | AH22: 1743 | AI22: =AG22*AH22 | AJ22: 205169.72 | AK22: 2208 | AL22: =AJ22*AK22 | AM22: 186193.19 | AN22: 1747 | AO22: =AM22*AN22 | AP22: 206572.49 | AQ22: 2402 | AR22: =AP22*AQ22 | AS22: 173039.31 | AT22: 1841 | AU22: =AS22*AT22 | AV22: 182516.66 | AW22: 1739 | AX22: =AV22*AW22 | AY22: =IFERROR(BA22/AZ22,0) | AZ22: =SUM(P22,S22,V22,Y22,AB22,AE22,AH22,AK22,AN22,AQ22,AT22,AW22) | BA22: =SUM(Q22,T22,W22,Z22,AC22,AF22,AI22,AL22,AO22,AR22,AU22,AX22) | BB22: =AY22-L22 | BC22: =IFERROR(BB22/L22,0) | BF22: =VLOOKUP("모티브"&J22,인자!A:D,4,0)
A23: 산전 영업부문 | B23: 산전 모티브 | C23: 모티브파트 | D23: 9099681 | E23: 미래모터스E | F23: 9099681 | G23: 미래모터스E | H23: 김민준 | I23: 광주 | J23: Longest(GC6) | L23: 171949.06 | M23: 411 | N23: =L23*M23 | O23: 186070.1 | P23: 471 | Q23: =O23*P23 | R23: 183395.33 | S23: 510 | T23: =R23*S23 | U23: 181431.74 | V23: 344 | W23: =U23*V23 | X23: 182332.44 | Y23: 342 | Z23: =X23*Y23 | AA23: 161292.76 | AB23: 350 | AC23: =AA23*AB23 | AD23: 180738.32 | AE23: 477 | AF23: =AD23*AE23 | AG23: 178168.63 | AH23: 321 | AI23: =AG23*AH23 | AJ23: 158095.6 | AK23: 442 | AL23: =AJ23*AK23 | AM23: 156109.89 | AN23: 482 | AO23: =AM23*AN23 | AP23: 155901.55 | AQ23: 378 | AR23: =AP23*AQ23 | AS23: 159273.38 | AT23: 512 | AU23: =AS23*AT23 | AV23: 165989.96 | AW23: 390 | AX23: =AV23*AW23 | AY23: =IFERROR(BA23/AZ23,0) | AZ23: =SUM(P23,S23,V23,Y23,AB23,AE23,AH23,AK23,AN23,AQ23,AT23,AW23) | BA23: =SUM(Q23,T23,W23,Z23,AC23,AF23,AI23,AL23,AO23,AR23,AU23,AX23) | BB23: =AY23-L23 | BC23: =IFERROR(BB23/L23,0) | BF23: =VLOOKUP("모티브"&J23,인자!A:D,4,0)
A24: 산전 영업부문 | B24: 산전 모티브 | C24: 산전사업소 | D24: 9086847 | E24: 스타에너지D | F24: 9086847 | G24: 스타에너지D | H24: 박도윤 | I24: 광주 | J24: V-Type(Set)/OEM | L24: 249989.42 | M24: 2115 | N24: =L24*M24 | O24: 270690.99 | P24: 2679 | Q24: =O24*P24 | R24: 273357.63 | S24: 1855 | T24: =R24*S24 | U24: 268508.48 | V24: 2501 | W24: =U24*V24 | X24: 248406.06 | Y24: 1576 | Z24: =X24*Y24 | AA24: 262696.46 | AB24: 1767 | AC24: =AA24*AB24 | AD24: 258805.23 | AE24: 2336 | AF24: =AD24*AE24 | AG24: 244860.21 | AH24: 2554 | AI24: =AG24*AH24 | AJ24: 252854.93 | AK24: 1595 | AL24: =AJ24*AK24 | AM24: 244718.37 | AN24: 1816 | AO24: =AM24*AN24 | AP24: 231169.65 | AQ24: 1948 | AR24: =AP24*AQ24 | AS24: 262439.47 | AT24: 1813 | AU24: =AS24*AT24 | AV24: 244040.95 | AW24: 2291 | AX24: =AV24*AW24 | AY24: =IFERROR(BA24/AZ24,0) | AZ24: =SUM(P24,S24,V24,Y24,AB24,AE24,AH24,AK24,AN24,AQ24,AT24,AW24) | BA24: =SUM(Q24,T24,W24,Z24,AC24,AF24,AI24,AL24,AO24,AR24,AU24,AX24) | BB24: =AY24-L24 | BC24: =IFERROR(BB24/L24,0) | BF24: =VLOOKUP("모티브"&J24,인자!A:D,4,0)
A25: 산전 영업부문 | B25: 산전 모티브 | C25: 모티브파트 | D25: 9004810 | E25: 참좋은상사F | F25: 9004810 | G25: 참좋은상사F | H25: 이서연 | I25: 창원 | J25: 차량용 대형 EXP | L25: 187766.33 | M25: 4609 | N25: =L25*M25 | O25: 181307.4 | P25: 4913 | Q25: =O25*P25 | R25: 193311.16 | S25: 4983 | T25: =R25*S25 | U25: 186424.46 | V25: 5165 | W25: =U25*V25 | X25: 193370.76 | Y25: 3549 | Z25: =X25*Y25 | AA25: 170692.62 | AB25: 3329 | AC25: =AA25*AB25 | AD25: 206390.02 | AE25: 3547 | AF25: =AD25*AE25 | AG25: 177807.21 | AH25: 4713 | AI25: =AG25*AH25 | AJ25: 183584.62 | AK25: 4252 | AL25: =AJ25*AK25 | AM25: 204642.05 | AN25: 5152 | AO25: =AM25*AN25 | AP25: 189275.69 | AQ25: 4851 | AR25: =AP25*AQ25 | AS25: 196275.87 | AT25: 5675 | AU25: =AS25*AT25 | AV25: 193584.15 | AW25: 5532 | AX25: =AV25*AW25 | AY25: =IFERROR(BA25/AZ25,0) | AZ25: =SUM(P25,S25,V25,Y25,AB25,AE25,AH25,AK25,AN25,AQ25,AT25,AW25) | BA25: =SUM(Q25,T25,W25,Z25,AC25,AF25,AI25,AL25,AO25,AR25,AU25,AX25) | BB25: =AY25-L25 | BC25: =IFERROR(BB25/L25,0) | BF25: =VLOOKUP("모티브"&J25,인자!A:D,4,0)
A26: 산전 영업부문 | B26: 산전 모티브 | C26: 모티브파트 | D26: 9011543 | E26: 우리전지G | F26: 9011543 | G26: 우리전지G | H26: 정하은 | I26: 창원 | J26: Longest(GC8) | L26: 135798.01 | M26: 1944 | N26: =L26*M26 | O26: 145451.9 | P26: 1477 | Q26: =O26*P26 | R26: 140841.01 | S26: 1996 | T26: =R26*S26 | U26: 148776.02 | V26: 1779 | W26: =U26*V26 | X26: 133031.52 | Y26: 1582 | Z26: =X26*Y26 | AA26: 125536.02 | AB26: 2350 | AC26: =AA26*AB26 | AD26: 134568.15 | AE26: 2134 | AF26: =AD26*AE26 | AG26: 139646.65 | AH26: 2057 | AI26: =AG26*AH26 | AJ26: 122798.27 | AK26: 2279 | AL26: =AJ26*AK26 | AM26: 128833.44 | AN26: 1508 | AO26: =AM26*AN26 | AP26: 137551.92 | AQ26: 1441 | AR26: =AP26*AQ26 | AS26: 142999.58 | AT26: 1602 | AU26: =AS26*AT26 | AV26: 128083.36 | AW26: 2375 | AX26: =AV26*AW26 | AY26: =IFERROR(BA26/AZ26,0) | AZ26: =SUM(P26,S26,V26,Y26,AB26,AE26,AH26,AK26,AN26,AQ26,AT26,AW26) | BA26: =SUM(Q26,T26,W26,Z26,AC26,AF26,AI26,AL26,AO26,AR26,AU26,AX26) | BB26: =AY26-L26 | BC26: =IFERROR(BB26/L26,0) | BF26: =VLOOKUP("모티브"&J26,인자!A:D,4,0)
A27: 산전 영업부문 | B27: 산전 모티브 | C27: 산전사업소 | D27: 9004810 | E27: 참좋은상사F | F27: 9004810 | G27: 참좋은상사F | H27: 신태양 | I27: 창원 | J27: V-Type(Cell) | L27: 258229.81 | M27: 1195 | N27: =L27*M27 | O27: 283408.63 | P27: 1224 | Q27: =O27*P27 | R27: 273646.84 | S27: 915 | T27: =R27*S27 | U27: 277155.36 | V27: 931 | W27: =U27*V27 | X27: 250908.6 | Y27: 1402 | Z27: =X27*Y27 | AA27: 262818.7 | AB27: 848 | AC27: =AA27*AB27 | AD27: 246111.99 | AE27: 927 | AF27: =AD27*AE27 | AG27: 254147.74 | AH27: 918 | AI27: =AG27*AH27 | AJ27: 235689.35 | AK27: 1158 | AL27: =AJ27*AK27 | AM27: 251104.68 | AN27: 1262 | AO27: =AM27*AN27 | AP27: 255751.08 | AQ27: 995 | AR27: =AP27*AQ27 | AS27: 264174.61 | AT27: 1358 | AU27: =AS27*AT27 | AV27: 279340.18 | AW27: 1309 | AX27: =AV27*AW27 | AY27: =IFERROR(BA27/AZ27,0) | AZ27: =SUM(P27,S27,V27,Y27,AB27,AE27,AH27,AK27,AN27,AQ27,AT27,AW27) | BA27: =SUM(Q27,T27,W27,Z27,AC27,AF27,AI27,AL27,AO27,AR27,AU27,AX27) | BB27: =AY27-L27 | BC27: =IFERROR(BB27/L27,0) | BF27: =VLOOKUP("모티브"&J27,인자!A:D,4,0)
A28: 산전 영업부문 | B28: 산전 모티브 | C28: 산전사업소 | D28: 9099681 | E28: 미래모터스E | F28: 9099681 | G28: 미래모터스E | H28: 윤재원 | I28: 창원 | J28: V-Type(Cell) | L28: 254953.07 | M28: 3502 | N28: =L28*M28 | O28: 264442.3 | P28: 3482 | Q28: =O28*P28 | R28: 275843.97 | S28: 2606 | T28: =R28*S28 | U28: 233577.32 | V28: 3730 | W28: =U28*V28 | X28: 232806.94 | Y28: 3029 | Z28: =X28*Y28 | AA28: 261738.73 | AB28: 3604 | AC28: =AA28*AB28 | AD28: 246039.17 | AE28: 4541 | AF28: =AD28*AE28 | AG28: 256511.18 | AH28: 3405 | AI28: =AG28*AH28 | AJ28: 260328.85 | AK28: 2660 | AL28: =AJ28*AK28 | AM28: 265241.93 | AN28: 4243 | AO28: =AM28*AN28 | AP28: 262648.4 | AQ28: 4067 | AR28: =AP28*AQ28 | AS28: 266213.83 | AT28: 2903 | AU28: =AS28*AT28 | AV28: 252482.83 | AW28: 2932 | AX28: =AV28*AW28 | AY28: =IFERROR(BA28/AZ28,0) | AZ28: =SUM(P28,S28,V28,Y28,AB28,AE28,AH28,AK28,AN28,AQ28,AT28,AW28) | BA28: =SUM(Q28,T28,W28,Z28,AC28,AF28,AI28,AL28,AO28,AR28,AU28,AX28) | BB28: =AY28-L28 | BC28: =IFERROR(BB28/L28,0) | BF28: =VLOOKUP("모티브"&J28,인자!A:D,4,0)
A29: 산전 영업부문 | B29: 산전 모티브 | C29: 산전사업소 | D29: 9004810 | E29: 참좋은상사F | F29: 9004810 | G29: 참좋은상사F | H29: 권나윤 | I29: 광주 | J29: 차량용 소형 EXP | L29: 220235.69 | M29: 2570 | N29: =L29*M29 | O29: 217009.85 | P29: 2825 | Q29: =O29*P29 | R29: 214699.01 | S29: 2034 | T29: =R29*S29 | U29: 238866.97 | V29: 1903 | W29: =U29*V29 | X29: 234849.29 | Y29: 1943 | Z29: =X29*Y29 | AA29: 202465.51 | AB29: 2938 | AC29: =AA29*AB29 | AD29: 233968.23 | AE29: 2657 | AF29: =AD29*AE29 | AG29: 224044.23 | AH29: 2665 | AI29: =AG29*AH29 | AJ29: 212732.08 | AK29: 1987 | AL29: =AJ29*AK29 | AM29: 213787.1 | AN29: 2825 | AO29: =AM29*AN29 | AP29: 231259.99 | AQ29: 3138 | AR29: =AP29*AQ29 | AS29: 229972.78 | AT29: 3292 | AU29: =AS29*AT29 | AV29: 224658.47 | AW29: 2341 | AX29: =AV29*AW29 | AY29: =IFERROR(BA29/AZ29,0) | AZ29: =SUM(P29,S29,V29,Y29,AB29,AE29,AH29,AK29,AN29,AQ29,AT29,AW29) | BA29: =SUM(Q29,T29,W29,Z29,AC29,AF29,AI29,AL29,AO29,AR29,AU29,AX29) | BB29: =AY29-L29 | BC29: =IFERROR(BB29/L29,0) | BF29: =VLOOKUP("모티브"&J29,인자!A:D,4,0)
... A42: 산전 영업부문 | B42: 산전 모티브 | C42: 모티브파트 | D42: 9064943 | E42: 그린텍배터리C | F42: 9064943 | G42: 그린텍배터리C | H42: 장수아 | I42: 광주 | J42: Longest(GC8) | L42: 28620.33 | M42: 2431 | N42: =L42*M42 | O42: 27512.7 | P42: 2581 | Q42: =O42*P42 | R42: 28197.41 | S42: 2708 | T42: =R42*S42 | U42: 27770.58 | V42: 1763 | W42: =U42*V42 | X42: 30738.45 | Y42: 2216 | Z42: =X42*Y42 | AA42: 31471.78 | AB42: 2102 | AC42: =AA42*AB42 | AD42: 31368.04 | AE42: 3084 | AF42: =AD42*AE42 | AG42: 26187.84 | AH42: 2632 | AI42: =AG42*AH42 | AJ42: 27837.91 | AK42: 2870 | AL42: =AJ42*AK42 | AM42: 29647.29 | AN42: 3091 | AO42: =AM42*AN42 | AP42: 26575.58 | AQ42: 2588 | AR42: =AP42*AQ42 | AS42: 30230.58 | AT42: 1752 | AU42: =AS42*AT42 | AV42: 26143.15 | AW42: 2837 | AX42: =AV42*AW42 | AY42: =IFERROR(BA42/AZ42,0) | AZ42: =SUM(P42,S42,V42,Y42,AB42,AE42,AH42,AK42,AN42,AQ42,AT42,AW42) | BA42: =SUM(Q42,T42,W42,Z42,AC42,AF42,AI42,AL42,AO42,AR42,AU42,AX42) | BB42: =AY42-L42 | BC42: =IFERROR(BB42/L42,0) | BF42: =VLOOKUP("모티브"&J42,인자!A:D,4,0)

Sheet 차량대리점
A2: 2026년 차량대리점 판매계획 (더미데이터)
A6: 1. 기본정보
A7: 구분 | B7: 25년 8월 누계 | C7: 26년 경영계획 | D7: 증감율
A8: LME | B8: 1946.53 | C8: 1953.14 | D8: =C8/B8-1
A9: USD | B9: 1413.45 | C9: 1421.02 | D9: =C9/B9-1
A10: 지수 | B10: =B8*B9/1000 | C10: =C8*C9/1000 | D10: =C10/B10-1 | I10: ※ 더미데이터 안내
A11: JPY | B11: 1001.86 | C11: 1042.32 | D11: =C11/B11-1 | I11: - 본 파일은 판매계획 양식.xlsx의 스키마(시트/컬럼/수식 구조)를 참고하여 생성한 가상 데이터입니다.
A12: EUR | B12: 1555.8 | C12: 1614.46 | D12: =C12/B12-1 | I12: - 거래처명, 담당자명, 코드, 수량/금액은 전부 무작위로 생성된 값이며 실제 데이터와 무관합니다.
A15: 2026년 판매계획 (더미데이터) - 담당/거래처/수량/금액은 모두 가상 값
A16: 구분 | L16: 25년 8월 누계 | O16: 1월 | R16: 2월 | U16: 3월 | X16: 4월 | AA16: 5월 | AD16: 6월 | AG16: 7월 | AJ16: 8월 | AM16: 9월 | AP16: 10월 | AS16: 11월 | AV16: 12월
A17: 담당 | B17: 팀 | C17: 유통채널 | D17: 고객 | E17: 고객명 | F17: 납품처 | G17: 납품처명 | H17: 영업담당 | I17: 구분 | J17: 제품군 구분 | K17: 제품코드 | L17: 판가 | M17: 수량 | N17: 금액 | O17: 1월 판가 | P17: 1월 수량 | Q17: 1월 금액 | R17: 2월 판가 | S17: 2월 수량 | T17: 2월 금액 | U17: 3월 판가 | V17: 3월 수량 | W17: 3월 금액 | X17: 4월 판가 | Y17: 4월 수량 | Z17: 4월 금액 | AA17: 5월 판가 | AB17: 5월 수량 | AC17: 5월 금액 | AD17: 6월 판가 | AE17: 6월 수량 | AF17: 6월 금액 | AG17: 7월 판가 | AH17: 7월 수량 | AI17: 7월 금액 | AJ17: 8월 판가 | AK17: 8월 수량 | AL17: 8월 금액 | AM17: 9월 판가 | AN17: 9월 수량 | AO17: 9월 금액 | AP17: 10월 판가 | AQ17: 10월 수량 | AR17: 10월 금액 | AS17: 11월 판가 | AT17: 11월 수량 | AU17: 11월 금액 | AV17: 12월 판가 | AW17: 12월 수량 | AX17: 12월 금액 | AY17: 연평균판가 | AZ17: 연간수량합계 | BA17: 연간금액합계 | BB17: 판가차이 | BC17: 차이율 | BD17: 비고 | BF17: 본부보고용(제품군 매핑)
A18: 차량 영업부문 | B18: 차량 대리점 | C18: =D18&J18 | D18: 9048097 | E18: 참좋은상사B | F18: 9048097 | G18: 참좋은상사B | H18: 정하은 | I18: 창원 | J18: 차량용 중형 PH | L18: 136650.57 | M18: 2349 | N18: =L18*M18 | O18: 141952.08 | P18: 3052 | Q18: =O18*P18 | R18: 128456.41 | S18: 1836 | T18: =R18*S18 | U18: 125009.36 | V18: 1888 | W18: =U18*V18 | X18: 142481.99 | Y18: 3050 | Z18: =X18*Y18 | AA18: 145136.93 | AB18: 3008 | AC18: =AA18*AB18 | AD18: 149948.71 | AE18: 2586 | AF18: =AD18*AE18 | AG18: 142377.34 | AH18: 2419 | AI18: =AG18*AH18 | AJ18: 130921.15 | AK18: 2067 | AL18: =AJ18*AK18 | AM18: 127290.15 | AN18: 2644 | AO18: =AM18*AN18 | AP18: 142122.59 | AQ18: 1890 | AR18: =AP18*AQ18 | AS18: 132865.14 | AT18: 1960 | AU18: =AS18*AT18 | AV18: 149909.3 | AW18: 2761 | AX18: =AV18*AW18 | AY18: =IFERROR(BA18/AZ18,0) | AZ18: =SUM(P18,S18,V18,Y18,AB18,AE18,AH18,AK18,AN18,AQ18,AT18,AW18) | BA18: =SUM(Q18,T18,W18,Z18,AC18,AF18,AI18,AL18,AO18,AR18,AU18,AX18) | BB18: =AY18-L18 | BC18: =IFERROR(BB18/L18,0) | BF18: =VLOOKUP("대리점"&J18,인자!A:D,4,0)
A19: 차량 영업부문 | B19: 차량 대리점 | C19: =D19&J19 | D19: 9036529 | E19: 새한전자D | F19: 9036529 | G19: 새한전자D | H19: 신태양 | I19: 창원 | J19: AGM 3세대 | L19: 111464.47 | M19: 4698 | N19: =L19*M19 | O19: 108542.12 | P19: 5554 | Q19: =O19*P19 | R19: 112615.83 | S19: 5014 | T19: =R19*S19 | U19: 102240.02 | V19: 4160 | W19: =U19*V19 | X19: 122601.89 | Y19: 5315 | Z19: =X19*Y19 | AA19: 112037.3 | AB19: 5457 | AC19: =AA19*AB19 | AD19: 118672.64 | AE19: 3496 | AF19: =AD19*AE19 | AG19: 121995.18 | AH19: 5099 | AI19: =AG19*AH19 | AJ19: 110349.26 | AK19: 5206 | AL19: =AJ19*AK19 | AM19: 107998.25 | AN19: 5763 | AO19: =AM19*AN19 | AP19: 117712.34 | AQ19: 5092 | AR19: =AP19*AQ19 | AS19: 104374.51 | AT19: 6012 | AU19: =AS19*AT19 | AV19: 109962.34 | AW19: 5856 | AX19: =AV19*AW19 | AY19: =IFERROR(BA19/AZ19,0) | AZ19: =SUM(P19,S19,V19,Y19,AB19,AE19,AH19,AK19,AN19,AQ19,AT19,AW19) | BA19: =SUM(Q19,T19,W19,Z19,AC19,AF19,AI19,AL19,AO19,AR19,AU19,AX19) | BB19: =AY19-L19 | BC19: =IFERROR(BB19/L19,0) | BF19: =VLOOKUP("대리점"&J19,인자!A:D,4,0)
A20: 차량 영업부문 | B20: 차량 대리점 | C20: =D20&J20 | D20: 9018048 | E20: 동해파워A | F20: 9018048 | G20: 동해파워A | H20: 권나윤 | I20: 광주 | J20: 이륜용 상품 | L20: 50139.56 | M20: 1358 | N20: =L20*M20 | O20: 46749.79 | P20: 1712 | Q20: =O20*P20 | R20: 47386.6 | S20: 1723 | T20: =R20*S20 | U20: 50329.07 | V20: 1182 | W20: =U20*V20 | X20: 45916.4 | Y20: 1111 | Z20: =X20*Y20 | AA20: 54715.81 | AB20: 1174 | AC20: =AA20*AB20 | AD20: 51393.27 | AE20: 1451 | AF20: =AD20*AE20 | AG20: 46062.5 | AH20: 1473 | AI20: =AG20*AH20 | AJ20: 51060.21 | AK20: 1424 | AL20: =AJ20*AK20 | AM20: 46842.39 | AN20: 1459 | AO20: =AM20*AN20 | AP20: 54170.79 | AQ20: 1226 | AR20: =AP20*AQ20 | AS20: 54390.69 | AT20: 984 | AU20: =AS20*AT20 | AV20: 53787.53 | AW20: 1017 | AX20: =AV20*AW20 | AY20: =IFERROR(BA20/AZ20,0) | AZ20: =SUM(P20,S20,V20,Y20,AB20,AE20,AH20,AK20,AN20,AQ20,AT20,AW20) | BA20: =SUM(Q20,T20,W20,Z20,AC20,AF20,AI20,AL20,AO20,AR20,AU20,AX20) | BB20: =AY20-L20 | BC20: =IFERROR(BB20/L20,0) | BF20: =VLOOKUP("대리점"&J20,인자!A:D,4,0)
A21: 차량 영업부문 | B21: 차량 대리점 | C21: =D21&J21 | D21: 9014870 | E21: 한빛파워E | F21: 9014870 | G21: 한빛파워E | H21: 한지호 | I21: 광주 | J21: MF 대형 EXP | L21: 173780.47 | M21: 258 | N21: =L21*M21 | O21: 173712.28 | P21: 278 | Q21: =O21*P21 | R21: 166470.28 | S21: 329 | T21: =R21*S21 | U21: 173187.7 | V21: 305 | W21: =U21*V21 | X21: 180210.03 | Y21: 227 | Z21: =X21*Y21 | AA21: 158938.68 | AB21: 190 | AC21: =AA21*AB21 | AD21: 171681.39 | AE21: 256 | AF21: =AD21*AE21 | AG21: 163493.47 | AH21: 275 | AI21: =AG21*AH21 | AJ21: 167266.57 | AK21: 292 | AL21: =AJ21*AK21 | AM21: 181920.34 | AN21: 314 | AO21: =AM21*AN21 | AP21: 190302.62 | AQ21: 201 | AR21: =AP21*AQ21 | AS21: 169280.95 | AT21: 268 | AU21: =AS21*AT21 | AV21: 167493.64 | AW21: 253 | AX21: =AV21*AW21 | AY21: =IFERROR(BA21/AZ21,0) | AZ21: =SUM(P21,S21,V21,Y21,AB21,AE21,AH21,AK21,AN21,AQ21,AT21,AW21) | BA21: =SUM(Q21,T21,W21,Z21,AC21,AF21,AI21,AL21,AO21,AR21,AU21,AX21) | BB21: =AY21-L21 | BC21: =IFERROR(BB21/L21,0) | BF21: =VLOOKUP("대리점"&J21,인자!A:D,4,0)
A22: 차량 영업부문 | B22: 차량 대리점 | C22: =D22&J22 | D22: 9014870 | E22: 한빛파워E | F22: 9014870 | G22: 한빛파워E | H22: 윤재원 | I22: 광주 | J22: MF 농기계 | L22: 33559.44 | M22: 2387 | N22: =L22*M22 | O22: 36548.81 | P22: 2909 | Q22: =O22*P22 | R22: 33009.97 | S22: 3050 | T22: =R22*S22 | U22: 36259.71 | V22: 2836 | W22: =U22*V22 | X22: 36470.73 | Y22: 2704 | Z22: =X22*Y22 | AA22: 31477.64 | AB22: 1899 | AC22: =AA22*AB22 | AD22: 36888.33 | AE22: 2339 | AF22: =AD22*AE22 | AG22: 36103.75 | AH22: 2383 | AI22: =AG22*AH22 | AJ22: 30807.9 | AK22: 2234 | AL22: =AJ22*AK22 | AM22: 33272.38 | AN22: 2016 | AO22: =AM22*AN22 | AP22: 34118.84 | AQ22: 1741 | AR22: =AP22*AQ22 | AS22: 32091.93 | AT22: 2527 | AU22: =AS22*AT22 | AV22: 35860.61 | AW22: 2634 | AX22: =AV22*AW22 | AY22: =IFERROR(BA22/AZ22,0) | AZ22: =SUM(P22,S22,V22,Y22,AB22,AE22,AH22,AK22,AN22,AQ22,AT22,AW22) | BA22: =SUM(Q22,T22,W22,Z22,AC22,AF22,AI22,AL22,AO22,AR22,AU22,AX22) | BB22: =AY22-L22 | BC22: =IFERROR(BB22/L22,0) | BF22: =VLOOKUP("대리점"&J22,인자!A:D,4,0)
A23: 차량 영업부문 | B23: 차량 대리점 | C23: =D23&J23 | D23: 9014870 | E23: 한빛파워E | F23: 9014870 | G23: 한빛파워E | H23: 장수아 | I23: 광주 | J23: 차량용 대형 EXP | L23: 36711.64 | M23: 1107 | N23: =L23*M23 | O23: 39519.76 | P23: 1258 | Q23: =O23*P23 | R23: 38648.96 | S23: 1018 | T23: =R23*S23 | U23: 35981.68 | V23: 1154 | W23: =U23*V23 | X23: 34469.7 | Y23: 1142 | Z23: =X23*Y23 | AA23: 33580.37 | AB23: 1110 | AC23: =AA23*AB23 | AD23: 38652.98 | AE23: 961 | AF23: =AD23*AE23 | AG23: 40302.7 | AH23: 1227 | AI23: =AG23*AH23 | AJ23: 33912.83 | AK23: 1423 | AL23: =AJ23*AK23 | AM23: 35932.65 | AN23: 1303 | AO23: =AM23*AN23 | AP23: 35530.15 | AQ23: 1399 | AR23: =AP23*AQ23 | AS23: 38583.68 | AT23: 907 | AU23: =AS23*AT23 | AV23: 36778.62 | AW23: 1107 | AX23: =AV23*AW23 | AY23: =IFERROR(BA23/AZ23,0) | AZ23: =SUM(P23,S23,V23,Y23,AB23,AE23,AH23,AK23,AN23,AQ23,AT23,AW23) | BA23: =SUM(Q23,T23,W23,Z23,AC23,AF23,AI23,AL23,AO23,AR23,AU23,AX23) | BB23: =AY23-L23 | BC23: =IFERROR(BB23/L23,0) | BF23: =VLOOKUP("대리점"&J23,인자!A:D,4,0)
A24: 차량 영업부문 | B24: 차량 대리점 | C24: =D24&J24 | D24: 9018048 | E24: 동해파워A | F24: 9018048 | G24: 동해파워A | H24: 김민준 | I24: 광주 | J24: 차량용 중형 PH | L24: 103247.01 | M24: 3890 | N24: =L24*M24 | O24: 103646.22 | P24: 3071 | Q24: =O24*P24 | R24: 111364.94 | S24: 3049 | T24: =R24*S24 | U24: 112154.52 | V24: 3466 | W24: =U24*V24 | X24: 101036.59 | Y24: 4162 | Z24: =X24*Y24 | AA24: 110321.53 | AB24: 4109 | AC24: =AA24*AB24 | AD24: 103398.06 | AE24: 3913 | AF24: =AD24*AE24 | AG24: 103037.35 | AH24: 4037 | AI24: =AG24*AH24 | AJ24: 102728.56 | AK24: 2762 | AL24: =AJ24*AK24 | AM24: 99762.21 | AN24: 2979 | AO24: =AM24*AN24 | AP24: 101523.62 | AQ24: 3441 | AR24: =AP24*AQ24 | AS24: 111481.31 | AT24: 4758 | AU24: =AS24*AT24 | AV24: 105916.16 | AW24: 4116 | AX24: =AV24*AW24 | AY24: =IFERROR(BA24/AZ24,0) | AZ24: =SUM(P24,S24,V24,Y24,AB24,AE24,AH24,AK24,AN24,AQ24,AT24,AW24) | BA24: =SUM(Q24,T24,W24,Z24,AC24,AF24,AI24,AL24,AO24,AR24,AU24,AX24) | BB24: =AY24-L24 | BC24: =IFERROR(BB24/L24,0) | BF24: =VLOOKUP("대리점"&J24,인자!A:D,4,0)
A25: 차량 영업부문 | B25: 차량 대리점 | C25: =D25&J25 | D25: 9014870 | E25: 한빛파워E | F25: 9014870 | G25: 한빛파워E | H25: 한지호 | I25: 광주 | J25: 차량용 중형 PH | L25: 20149.77 | M25: 3945 | N25: =L25*M25 | O25: 18821.95 | P25: 4250 | Q25: =O25*P25 | R25: 20632.3 | S25: 4753 | T25: =R25*S25 | U25: 18730.32 | V25: 4373 | W25: =U25*V25 | X25: 18262.02 | Y25: 5006 | Z25: =X25*Y25 | AA25: 18577.67 | AB25: 2806 | AC25: =AA25*AB25 | AD25: 19398.96 | AE25: 3120 | AF25: =AD25*AE25 | AG25: 20917.48 | AH25: 3733 | AI25: =AG25*AH25 | AJ25: 21257.9 | AK25: 4940 | AL25: =AJ25*AK25 | AM25: 21652.21 | AN25: 4503 | AO25: =AM25*AN25 | AP25: 18385.78 | AQ25: 3088 | AR25: =AP25*AQ25 | AS25: 18970.37 | AT25: 3531 | AU25: =AS25*AT25 | AV25: 20803.54 | AW25: 4005 | AX25: =AV25*AW25 | AY25: =IFERROR(BA25/AZ25,0) | AZ25: =SUM(P25,S25,V25,Y25,AB25,AE25,AH25,AK25,AN25,AQ25,AT25,AW25) | BA25: =SUM(Q25,T25,W25,Z25,AC25,AF25,AI25,AL25,AO25,AR25,AU25,AX25) | BB25: =AY25-L25 | BC25: =IFERROR(BB25/L25,0) | BF25: =VLOOKUP("대리점"&J25,인자!A:D,4,0)
A26: 차량 영업부문 | B26: 차량 대리점 | C26: =D26&J26 | D26: 9096427 | E26: 가상상사F | F26: 9096427 | G26: 가상상사F | H26: 박도윤 | I26: 창원 | J26: 차량용 대형 PH | L26: 162272.48 | M26: 4485 | N26: =L26*M26 | O26: 157543.44 | P26: 5217 | Q26: =O26*P26 | R26: 169442.48 | S26: 4871 | T26: =R26*S26 | U26: 168546.37 | V26: 4781 | W26: =U26*V26 | X26: 152285.07 | Y26: 3803 | Z26: =X26*Y26 | AA26: 164157.65 | AB26: 3745 | AC26: =AA26*AB26 | AD26: 177620.56 | AE26: 3940 | AF26: =AD26*AE26 | AG26: 155424.72 | AH26: 3697 | AI26: =AG26*AH26 | AJ26: 168925.27 | AK26: 3993 | AL26: =AJ26*AK26 | AM26: 157365.46 | AN26: 5652 | AO26: =AM26*AN26 | AP26: 171859.71 | AQ26: 3875 | AR26: =AP26*AQ26 | AS26: 150000.59 | AT26: 4960 | AU26: =AS26*AT26 | AV26: 158368.02 | AW26: 5777 | AX26: =AV26*AW26 | AY26: =IFERROR(BA26/AZ26,0) | AZ26: =SUM(P26,S26,V26,Y26,AB26,AE26,AH26,AK26,AN26,AQ26,AT26,AW26) | BA26: =SUM(Q26,T26,W26,Z26,AC26,AF26,AI26,AL26,AO26,AR26,AU26,AX26) | BB26: =AY26-L26 | BC26: =IFERROR(BB26/L26,0) | BF26: =VLOOKUP("대리점"&J26,인자!A:D,4,0)
A27: 차량 영업부문 | B27: 차량 대리점 | C27: =D27&J27 | D27: 9096427 | E27: 가상상사F | F27: 9096427 | G27: 가상상사F | H27: 신태양 | I27: 광주 | J27: FB | L27: 17409.61 | M27: 657 | N27: =L27*M27 | O27: 16874.66 | P27: 634 | Q27: =O27*P27 | R27: 16561.57 | S27: 649 | T27: =R27*S27 | U27: 16372.23 | V27: 672 | W27: =U27*V27 | X27: 18917.37 | Y27: 734 | Z27: =X27*Y27 | AA27: 16146.62 | AB27: 703 | AC27: =AA27*AB27 | AD27: 17711.95 | AE27: 555 | AF27: =AD27*AE27 | AG27: 18000.96 | AH27: 669 | AI27: =AG27*AH27 | AJ27: 17889.92 | AK27: 481 | AL27: =AJ27*AK27 | AM27: 17107.73 | AN27: 743 | AO27: =AM27*AN27 | AP27: 16018.74 | AQ27: 764 | AR27: =AP27*AQ27 | AS27: 15686.69 | AT27: 677 | AU27: =AS27*AT27 | AV27: 18903.7 | AW27: 620 | AX27: =AV27*AW27 | AY27: =IFERROR(BA27/AZ27,0) | AZ27: =SUM(P27,S27,V27,Y27,AB27,AE27,AH27,AK27,AN27,AQ27,AT27,AW27) | BA27: =SUM(Q27,T27,W27,Z27,AC27,AF27,AI27,AL27,AO27,AR27,AU27,AX27) | BB27: =AY27-L27 | BC27: =IFERROR(BB27/L27,0) | BF27: =VLOOKUP("대리점"&J27,인자!A:D,4,0)
A28: 차량 영업부문 | B28: 차량 대리점 | C28: =D28&J28 | D28: 9050724 | E28: 참좋은상사H | F28: 9050724 | G28: 참좋은상사H | H28: 윤재원 | I28: 광주 | J28: MF 대형 EXP | L28: 289354.64 | M28: 2641 | N28: =L28*M28 | O28: 276936.43 | P28: 1942 | Q28: =O28*P28 | R28: 304906 | S28: 2882 | T28: =R28*S28 | U28: 273857.97 | V28: 3019 | W28: =U28*V28 | X28: 309628.74 | Y28: 1908 | Z28: =X28*Y28 | AA28: 313745.55 | AB28: 2511 | AC28: =AA28*AB28 | AD28: 308892.15 | AE28: 3329 | AF28: =AD28*AE28 | AG28: 262522.2 | AH28: 3174 | AI28: =AG28*AH28 | AJ28: 306019.19 | AK28: 2144 | AL28: =AJ28*AK28 | AM28: 303764.69 | AN28: 3231 | AO28: =AM28*AN28 | AP28: 277170.9 | AQ28: 1908 | AR28: =AP28*AQ28 | AS28: 277687.41 | AT28: 2804 | AU28: =AS28*AT28 | AV28: 314149.72 | AW28: 2380 | AX28: =AV28*AW28 | AY28: =IFERROR(BA28/AZ28,0) | AZ28: =SUM(P28,S28,V28,Y28,AB28,AE28,AH28,AK28,AN28,AQ28,AT28,AW28) | BA28: =SUM(Q28,T28,W28,Z28,AC28,AF28,AI28,AL28,AO28,AR28,AU28,AX28) | BB28: =AY28-L28 | BC28: =IFERROR(BB28/L28,0) | BF28: =VLOOKUP("대리점"&J28,인자!A:D,4,0)
A29: 차량 영업부문 | B29: 차량 대리점 | C29: =D29&J29 | D29: 9050724 | E29: 참좋은상사H | F29: 9050724 | G29: 참좋은상사H | H29: 한지호 | I29: 창원 | J29: 차량용 대형 PH | L29: 281875.35 | M29: 4140 | N29: =L29*M29 | O29: 280072.52 | P29: 3377 | Q29: =O29*P29 | R29: 260038.28 | S29: 3302 | T29: =R29*S29 | U29: 279559.15 | V29: 3537 | W29: =U29*V29 | X29: 264184.8 | Y29: 4728 | Z29: =X29*Y29 | AA29: 298267.4 | AB29: 4308 | AC29: =AA29*AB29 | AD29: 296379.68 | AE29: 3334 | AF29: =AD29*AE29 | AG29: 301953.13 | AH29: 5126 | AI29: =AG29*AH29 | AJ29: 300309.42 | AK29: 4178 | AL29: =AJ29*AK29 | AM29: 258577.66 | AN29: 4560 | AO29: =AM29*AN29 | AP29: 264104.87 | AQ29: 3247 | AR29: =AP29*AQ29 | AS29: 271930.88 | AT29: 3514 | AU29: =AS29*AT29 | AV29: 268389.6 | AW29: 3483 | AX29: =AV29*AW29 | AY29: =IFERROR(BA29/AZ29,0) | AZ29: =SUM(P29,S29,V29,Y29,AB29,AE29,AH29,AK29,AN29,AQ29,AT29,AW29) | BA29: =SUM(Q29,T29,W29,Z29,AC29,AF29,AI29,AL29,AO29,AR29,AU29,AX29) | BB29: =AY29-L29 | BC29: =IFERROR(BB29/L29,0) | BF29: =VLOOKUP("대리점"&J29,인자!A:D,4,0)
... A42: 차량 영업부문 | B42: 차량 대리점 | C42: =D42&J42 | D42: 9096427 | E42: 가상상사F | F42: 9096427 | G42: 가상상사F | H42: 강시우 | I42: 광주 | J42: PT(CA) 대형 | L42: 6532.59 | M42: 2535 | N42: =L42*M42 | O42: 6460.39 | P42: 2933 | Q42: =O42*P42 | R42: 6012.9 | S42: 1907 | T42: =R42*S42 | U42: 6442.41 | V42: 2622 | W42: =U42*V42 | X42: 6548.84 | Y42: 1932 | Z42: =X42*Y42 | AA42: 5996.42 | AB42: 2617 | AC42: =AA42*AB42 | AD42: 6659.22 | AE42: 2968 | AF42: =AD42*AE42 | AG42: 7007.79 | AH42: 1793 | AI42: =AG42*AH42 | AJ42: 6419.98 | AK42: 2960 | AL42: =AJ42*AK42 | AM42: 6826.35 | AN42: 2626 | AO42: =AM42*AN42 | AP42: 7176.35 | AQ42: 2144 | AR42: =AP42*AQ42 | AS42: 6560.16 | AT42: 2817 | AU42: =AS42*AT42 | AV42: 6100.79 | AW42: 2184 | AX42: =AV42*AW42 | AY42: =IFERROR(BA42/AZ42,0) | AZ42: =SUM(P42,S42,V42,Y42,AB42,AE42,AH42,AK42,AN42,AQ42,AT42,AW42) | BA42: =SUM(Q42,T42,W42,Z42,AC42,AF42,AI42,AL42,AO42,AR42,AU42,AX42) | BB42: =AY42-L42 | BC42: =IFERROR(BB42/L42,0) | BF42: =VLOOKUP("대리점"&J42,인자!A:D,4,0)

Sheet 차량OE
A2: 2026년 차량OE 판매계획 (더미데이터)
A6: 1. 기본정보
A7: 구분 | B7: 25년 8월 누계 | C7: 26년 경영계획 | D7: 증감율
A8: LME | B8: 1907.36 | C8: 1858.37 | D8: =C8/B8-1
A9: USD | B9: 1333.44 | C9: 1355.19 | D9: =C9/B9-1
A10: 지수 | B10: =B8*B9/1000 | C10: =C8*C9/1000 | D10: =C10/B10-1 | I10: ※ 더미데이터 안내
A11: JPY | B11: 944.96 | C11: 1017.4 | D11: =C11/B11-1 | I11: - 본 파일은 판매계획 양식.xlsx의 스키마(시트/컬럼/수식 구조)를 참고하여 생성한 가상 데이터입니다.
A12: EUR | B12: 1554.17 | C12: 1641.63 | D12: =C12/B12-1 | I12: - 거래처명, 담당자명, 코드, 수량/금액은 전부 무작위로 생성된 값이며 실제 데이터와 무관합니다.
A15: 2026년 판매계획 (더미데이터) - 담당/거래처/수량/금액은 모두 가상 값
A16: 구분 | L16: 25년 8월 누계 | O16: 1월 | R16: 2월 | U16: 3월 | X16: 4월 | AA16: 5월 | AD16: 6월 | AG16: 7월 | AJ16: 8월 | AM16: 9월 | AP16: 10월 | AS16: 11월 | AV16: 12월
A17: 담당 | B17: 팀 | C17: 유통채널 | D17: 고객 | E17: 고객명 | F17: 납품처 | G17: 납품처명 | H17: 영업담당 | I17: 구분 | J17: 제품군 구분 | K17: 제품코드 | L17: 판가 | M17: 수량 | N17: 금액 | O17: 1월 판가 | P17: 1월 수량 | Q17: 1월 금액 | R17: 2월 판가 | S17: 2월 수량 | T17: 2월 금액 | U17: 3월 판가 | V17: 3월 수량 | W17: 3월 금액 | X17: 4월 판가 | Y17: 4월 수량 | Z17: 4월 금액 | AA17: 5월 판가 | AB17: 5월 수량 | AC17: 5월 금액 | AD17: 6월 판가 | AE17: 6월 수량 | AF17: 6월 금액 | AG17: 7월 판가 | AH17: 7월 수량 | AI17: 7월 금액 | AJ17: 8월 판가 | AK17: 8월 수량 | AL17: 8월 금액 | AM17: 9월 판가 | AN17: 9월 수량 | AO17: 9월 금액 | AP17: 10월 판가 | AQ17: 10월 수량 | AR17: 10월 금액 | AS17: 11월 판가 | AT17: 11월 수량 | AU17: 11월 금액 | AV17: 12월 판가 | AW17: 12월 수량 | AX17: 12월 금액 | AY17: 연평균판가 | AZ17: 연간수량합계 | BA17: 연간금액합계 | BB17: 판가차이 | BC17: 차이율 | BD17: 비고 | BF17: 본부보고용(제품군 매핑)
A18: 차량 영업부문 | B18: 차량 OE | C18: =D18&J18 | D18: 9043194 | E18: 미래모터스H | F18: 9043194 | G18: 미래모터스H | H18: 강시우 | I18: 창원 | J18: PT(SB) | K18: DUM95332 | L18: 292396.49 | M18: 1125 | N18: =L18*M18 | O18: 280726.09 | P18: 1195 | Q18: =O18*P18 | R18: 303817.05 | S18: 1111 | T18: =R18*S18 | U18: 273544.94 | V18: 1056 | W18: =U18*V18 | X18: 281819.79 | Y18: 1284 | Z18: =X18*Y18 | AA18: 300168.53 | AB18: 1441 | AC18: =AA18*AB18 | AD18: 308886.15 | AE18: 1007 | AF18: =AD18*AE18 | AG18: 279548.6 | AH18: 1318 | AI18: =AG18*AH18 | AJ18: 284502.69 | AK18: 1417 | AL18: =AJ18*AK18 | AM18: 274841.01 | AN18: 1461 | AO18: =AM18*AN18 | AP18: 273678.86 | AQ18: 1306 | AR18: =AP18*AQ18 | AS18: 264730.88 | AT18: 1278 | AU18: =AS18*AT18 | AV18: 318301.35 | AW18: 929 | AX18: =AV18*AW18 | AY18: =IFERROR(BA18/AZ18,0) | AZ18: =SUM(P18,S18,V18,Y18,AB18,AE18,AH18,AK18,AN18,AQ18,AT18,AW18) | BA18: =SUM(Q18,T18,W18,Z18,AC18,AF18,AI18,AL18,AO18,AR18,AU18,AX18) | BB18: =AY18-L18 | BC18: =IFERROR(BB18/L18,0) | BF18: =VLOOKUP("차량OE"&J18,인자!A:D,4,0)
A19: 차량 영업부문 | B19: 차량 OE | C19: =D19&J19 | D19: 9039933 | E19: 드림배터리E | F19: 9039933 | G19: 드림배터리E | H19: 권나윤 | I19: 광주 | J19: PT(SB) | K19: DUM63627 | L19: 203528.41 | M19: 1150 | N19: =L19*M19 | O19: 208955.94 | P19: 972 | Q19: =O19*P19 | R19: 209986.89 | S19: 1299 | T19: =R19*S19 | U19: 215295.48 | V19: 856 | W19: =U19*V19 | X19: 223502.71 | Y19: 1136 | Z19: =X19*Y19 | AA19: 199490.61 | AB19: 1155 | AC19: =AA19*AB19 | AD19: 220640.76 | AE19: 1282 | AF19: =AD19*AE19 | AG19: 205305.02 | AH19: 1351 | AI19: =AG19*AH19 | AJ19: 197810.46 | AK19: 1423 | AL19: =AJ19*AK19 | AM19: 205030.69 | AN19: 1245 | AO19: =AM19*AN19 | AP19: 186634.82 | AQ19: 1336 | AR19: =AP19*AQ19 | AS19: 209943.69 | AT19: 1050 | AU19: =AS19*AT19 | AV19: 209512.14 | AW19: 836 | AX19: =AV19*AW19 | AY19: =IFERROR(BA19/AZ19,0) | AZ19: =SUM(P19,S19,V19,Y19,AB19,AE19,AH19,AK19,AN19,AQ19,AT19,AW19) | BA19: =SUM(Q19,T19,W19,Z19,AC19,AF19,AI19,AL19,AO19,AR19,AU19,AX19) | BB19: =AY19-L19 | BC19: =IFERROR(BB19/L19,0) | BF19: =VLOOKUP("차량OE"&J19,인자!A:D,4,0)
A20: 차량 영업부문 | B20: 차량 OE | C20: =D20&J20 | D20: 9081290 | E20: 대한상용G | F20: 9081290 | G20: 대한상용G | H20: 신태양 | I20: 창원 | J20: 차량용 대형 PH | K20: DUM66420 | L20: 36253.64 | M20: 817 | N20: =L20*M20 | O20: 34504.32 | P20: 822 | Q20: =O20*P20 | R20: 36389.94 | S20: 856 | T20: =R20*S20 | U20: 36799.15 | V20: 790 | W20: =U20*V20 | X20: 35464.28 | Y20: 951 | Z20: =X20*Y20 | AA20: 36895.98 | AB20: 817 | AC20: =AA20*AB20 | AD20: 35129.54 | AE20: 584 | AF20: =AD20*AE20 | AG20: 33386.33 | AH20: 776 | AI20: =AG20*AH20 | AJ20: 39601.5 | AK20: 629 | AL20: =AJ20*AK20 | AM20: 39448.86 | AN20: 641 | AO20: =AM20*AN20 | AP20: 34889.71 | AQ20: 795 | AR20: =AP20*AQ20 | AS20: 34128.21 | AT20: 809 | AU20: =AS20*AT20 | AV20: 36080.8 | AW20: 787 | AX20: =AV20*AW20 | AY20: =IFERROR(BA20/AZ20,0) | AZ20: =SUM(P20,S20,V20,Y20,AB20,AE20,AH20,AK20,AN20,AQ20,AT20,AW20) | BA20: =SUM(Q20,T20,W20,Z20,AC20,AF20,AI20,AL20,AO20,AR20,AU20,AX20) | BB20: =AY20-L20 | BC20: =IFERROR(BB20/L20,0) | BF20: =VLOOKUP("차량OE"&J20,인자!A:D,4,0)
A21: 차량 영업부문 | B21: 차량 OE | C21: =D21&J21 | D21: 9043194 | E21: 미래모터스H | F21: 9043194 | G21: 미래모터스H | H21: 강시우 | I21: 광주 | J21: MF 중형 EXP | K21: DUM15856 | L21: 244004.85 | M21: 952 | N21: =L21*M21 | O21: 220706.54 | P21: 862 | Q21: =O21*P21 | R21: 224941.37 | S21: 1123 | T21: =R21*S21 | U21: 264985.48 | V21: 1089 | W21: =U21*V21 | X21: 244785.37 | Y21: 982 | Z21: =X21*Y21 | AA21: 235756.98 | AB21: 910 | AC21: =AA21*AB21 | AD21: 242153.06 | AE21: 1122 | AF21: =AD21*AE21 | AG21: 250337.28 | AH21: 773 | AI21: =AG21*AH21 | AJ21: 251681.63 | AK21: 892 | AL21: =AJ21*AK21 | AM21: 255589.63 | AN21: 1171 | AO21: =AM21*AN21 | AP21: 241544.06 | AQ21: 912 | AR21: =AP21*AQ21 | AS21: 219821.53 | AT21: 789 | AU21: =AS21*AT21 | AV21: 233187.86 | AW21: 1068 | AX21: =AV21*AW21 | AY21: =IFERROR(BA21/AZ21,0) | AZ21: =SUM(P21,S21,V21,Y21,AB21,AE21,AH21,AK21,AN21,AQ21,AT21,AW21) | BA21: =SUM(Q21,T21,W21,Z21,AC21,AF21,AI21,AL21,AO21,AR21,AU21,AX21) | BB21: =AY21-L21 | BC21: =IFERROR(BB21/L21,0) | BF21: =VLOOKUP("차량OE"&J21,인자!A:D,4,0)
A22: 차량 영업부문 | B22: 차량 OE | C22: =D22&J22 | D22: 9077832 | E22: 우리전지B | F22: 9077832 | G22: 우리전지B | H22: 임도현 | I22: 광주 | J22: 차량용 대형 PH | K22: DUM80371 | L22: 60153.15 | M22: 2680 | N22: =L22*M22 | O22: 56508.76 | P22: 2059 | Q22: =O22*P22 | R22: 62206.8 | S22: 2663 | T22: =R22*S22 | U22: 65758.42 | V22: 2380 | W22: =U22*V22 | X22: 58813.41 | Y22: 2507 | Z22: =X22*Y22 | AA22: 55512.12 | AB22: 2442 | AC22: =AA22*AB22 | AD22: 59646.19 | AE22: 2153 | AF22: =AD22*AE22 | AG22: 62241.53 | AH22: 3163 | AI22: =AG22*AH22 | AJ22: 65190.17 | AK22: 2825 | AL22: =AJ22*AK22 | AM22: 62223.74 | AN22: 2380 | AO22: =AM22*AN22 | AP22: 57008.02 | AQ22: 2064 | AR22: =AP22*AQ22 | AS22: 58628.94 | AT22: 2103 | AU22: =AS22*AT22 | AV22: 58811.29 | AW22: 2835 | AX22: =AV22*AW22 | AY22: =IFERROR(BA22/AZ22,0) | AZ22: =SUM(P22,S22,V22,Y22,AB22,AE22,AH22,AK22,AN22,AQ22,AT22,AW22) | BA22: =SUM(Q22,T22,W22,Z22,AC22,AF22,AI22,AL22,AO22,AR22,AU22,AX22) | BB22: =AY22-L22 | BC22: =IFERROR(BB22/L22,0) | BF22: =VLOOKUP("차량OE"&J22,인자!A:D,4,0)
A23: 차량 영업부문 | B23: 차량 OE | C23: =D23&J23 | D23: 9081290 | E23: 대한상용G | F23: 9081290 | G23: 대한상용G | H23: 조유나 | I23: 광주 | J23: 이륜용 상품 | K23: DUM93296 | L23: 163526.88 | M23: 1429 | N23: =L23*M23 | O23: 165322.82 | P23: 1420 | Q23: =O23*P23 | R23: 151762.64 | S23: 1270 | T23: =R23*S23 | U23: 161924.35 | V23: 1046 | W23: =U23*V23 | X23: 158916.7 | Y23: 1009 | Z23: =X23*Y23 | AA23: 151639.61 | AB23: 1699 | AC23: =AA23*AB23 | AD23: 178696.58 | AE23: 1434 | AF23: =AD23*AE23 | AG23: 163362.37 | AH23: 1587 | AI23: =AG23*AH23 | AJ23: 160767.54 | AK23: 1720 | AL23: =AJ23*AK23 | AM23: 163157.29 | AN23: 1071 | AO23: =AM23*AN23 | AP23: 148183.5 | AQ23: 1653 | AR23: =AP23*AQ23 | AS23: 156727.1 | AT23: 1236 | AU23: =AS23*AT23 | AV23: 164756.88 | AW23: 1145 | AX23: =AV23*AW23 | AY23: =IFERROR(BA23/AZ23,0) | AZ23: =SUM(P23,S23,V23,Y23,AB23,AE23,AH23,AK23,AN23,AQ23,AT23,AW23) | BA23: =SUM(Q23,T23,W23,Z23,AC23,AF23,AI23,AL23,AO23,AR23,AU23,AX23) | BB23: =AY23-L23 | BC23: =IFERROR(BB23/L23,0) | BF23: =VLOOKUP("차량OE"&J23,인자!A:D,4,0)
A24: 차량 영업부문 | B24: 차량 OE | C24: =D24&J24 | D24: 9043194 | E24: 미래모터스H | F24: 9043194 | G24: 미래모터스H | H24: 임도현 | I24: 창원 | J24: PT(CA) 중형 | K24: DUM76952 | L24: 38397.24 | M24: 945 | N24: =L24*M24 | O24: 36614.75 | P24: 969 | Q24: =O24*P24 | R24: 42167.03 | S24: 969 | T24: =R24*S24 | U24: 40369.22 | V24: 1092 | W24: =U24*V24 | X24: 37946.97 | Y24: 785 | Z24: =X24*Y24 | AA24: 37822.47 | AB24: 1079 | AC24: =AA24*AB24 | AD24: 39577.35 | AE24: 802 | AF24: =AD24*AE24 | AG24: 41275.57 | AH24: 680 | AI24: =AG24*AH24 | AJ24: 36575.79 | AK24: 1150 | AL24: =AJ24*AK24 | AM24: 35225.5 | AN24: 1152 | AO24: =AM24*AN24 | AP24: 35458.98 | AQ24: 1122 | AR24: =AP24*AQ24 | AS24: 36169.26 | AT24: 1080 | AU24: =AS24*AT24 | AV24: 39849.68 | AW24: 1150 | AX24: =AV24*AW24 | AY24: =IFERROR(BA24/AZ24,0) | AZ24: =SUM(P24,S24,V24,Y24,AB24,AE24,AH24,AK24,AN24,AQ24,AT24,AW24) | BA24: =SUM(Q24,T24,W24,Z24,AC24,AF24,AI24,AL24,AO24,AR24,AU24,AX24) | BB24: =AY24-L24 | BC24: =IFERROR(BB24/L24,0) | BF24: =VLOOKUP("차량OE"&J24,인자!A:D,4,0)
A25: 차량 영업부문 | B25: 차량 OE | C25: =D25&J25 | D25: 9081290 | E25: 대한상용G | F25: 9081290 | G25: 대한상용G | H25: 박도윤 | I25: 광주 | J25: 차량용 대형 PH | K25: DUM37082 | L25: 244991.31 | M25: 496 | N25: =L25*M25 | O25: 248424.83 | P25: 506 | Q25: =O25*P25 | R25: 249737.17 | S25: 397 | T25: =R25*S25 | U25: 268461.49 | V25: 434 | W25: =U25*V25 | X25: 248555.23 | Y25: 631 | Z25: =X25*Y25 | AA25: 245697.62 | AB25: 615 | AC25: =AA25*AB25 | AD25: 260434.63 | AE25: 388 | AF25: =AD25*AE25 | AG25: 257245.49 | AH25: 470 | AI25: =AG25*AH25 | AJ25: 223397.08 | AK25: 430 | AL25: =AJ25*AK25 | AM25: 252629.96 | AN25: 556 | AO25: =AM25*AN25 | AP25: 226993.8 | AQ25: 391 | AR25: =AP25*AQ25 | AS25: 236274.36 | AT25: 421 | AU25: =AS25*AT25 | AV25: 261824.94 | AW25: 464 | AX25: =AV25*AW25 | AY25: =IFERROR(BA25/AZ25,0) | AZ25: =SUM(P25,S25,V25,Y25,AB25,AE25,AH25,AK25,AN25,AQ25,AT25,AW25) | BA25: =SUM(Q25,T25,W25,Z25,AC25,AF25,AI25,AL25,AO25,AR25,AU25,AX25) | BB25: =AY25-L25 | BC25: =IFERROR(BB25/L25,0) | BF25: =VLOOKUP("차량OE"&J25,인자!A:D,4,0)
A26: 차량 영업부문 | B26: 차량 OE | C26: =D26&J26 | D26: 9025631 | E26: 동해파워C | F26: 9025631 | G26: 동해파워C | H26: 임도현 | I26: 창원 | J26: MF 소형 EXP | K26: DUM64293 | L26: 115675.84 | M26: 628 | N26: =L26*M26 | O26: 118767.34 | P26: 771 | Q26: =O26*P26 | R26: 106262.02 | S26: 634 | T26: =R26*S26 | U26: 110545.05 | V26: 792 | W26: =U26*V26 | X26: 112646.78 | Y26: 798 | Z26: =X26*Y26 | AA26: 111680.15 | AB26: 441 | AC26: =AA26*AB26 | AD26: 122018.01 | AE26: 716 | AF26: =AD26*AE26 | AG26: 121018.49 | AH26: 612 | AI26: =AG26*AH26 | AJ26: 119473.33 | AK26: 575 | AL26: =AJ26*AK26 | AM26: 105573.42 | AN26: 641 | AO26: =AM26*AN26 | AP26: 109147.79 | AQ26: 601 | AR26: =AP26*AQ26 | AS26: 109009.48 | AT26: 541 | AU26: =AS26*AT26 | AV26: 123272.12 | AW26: 567 | AX26: =AV26*AW26 | AY26: =IFERROR(BA26/AZ26,0) | AZ26: =SUM(P26,S26,V26,Y26,AB26,AE26,AH26,AK26,AN26,AQ26,AT26,AW26) | BA26: =SUM(Q26,T26,W26,Z26,AC26,AF26,AI26,AL26,AO26,AR26,AU26,AX26) | BB26: =AY26-L26 | BC26: =IFERROR(BB26/L26,0) | BF26: =VLOOKUP("차량OE"&J26,인자!A:D,4,0)
A27: 차량 영업부문 | B27: 차량 OE | C27: =D27&J27 | D27: 9025631 | E27: 동해파워C | F27: 9025631 | G27: 동해파워C | H27: 임도현 | I27: 창원 | J27: 차량용 대형 PH | K27: DUM55054 | L27: 268775.62 | M27: 406 | N27: =L27*M27 | O27: 244367.73 | P27: 437 | Q27: =O27*P27 | R27: 286875.09 | S27: 288 | T27: =R27*S27 | U27: 291859.84 | V27: 323 | W27: =U27*V27 | X27: 266438.25 | Y27: 526 | Z27: =X27*Y27 | AA27: 264894.46 | AB27: 527 | AC27: =AA27*AB27 | AD27: 290783.36 | AE27: 499 | AF27: =AD27*AE27 | AG27: 258124.88 | AH27: 497 | AI27: =AG27*AH27 | AJ27: 289019.53 | AK27: 307 | AL27: =AJ27*AK27 | AM27: 261273.31 | AN27: 304 | AO27: =AM27*AN27 | AP27: 277618.81 | AQ27: 442 | AR27: =AP27*AQ27 | AS27: 244681.89 | AT27: 437 | AU27: =AS27*AT27 | AV27: 280923.65 | AW27: 468 | AX27: =AV27*AW27 | AY27: =IFERROR(BA27/AZ27,0) | AZ27: =SUM(P27,S27,V27,Y27,AB27,AE27,AH27,AK27,AN27,AQ27,AT27,AW27) | BA27: =SUM(Q27,T27,W27,Z27,AC27,AF27,AI27,AL27,AO27,AR27,AU27,AX27) | BB27: =AY27-L27 | BC27: =IFERROR(BB27/L27,0) | BF27: =VLOOKUP("차량OE"&J27,인자!A:D,4,0)
A28: 차량 영업부문 | B28: 차량 OE | C28: =D28&J28 | D28: 9081290 | E28: 대한상용G | F28: 9081290 | G28: 대한상용G | H28: 한지호 | I28: 광주 | J28: MF 대형 EXP | K28: DUM22475 | L28: 5320.46 | M28: 3916 | N28: =L28*M28 | O28: 4871.35 | P28: 4136 | Q28: =O28*P28 | R28: 5341.15 | S28: 3787 | T28: =R28*S28 | U28: 4796.99 | V28: 3548 | W28: =U28*V28 | X28: 4916.74 | Y28: 4763 | Z28: =X28*Y28 | AA28: 5526.93 | AB28: 3864 | AC28: =AA28*AB28 | AD28: 5032.03 | AE28: 2951 | AF28: =AD28*AE28 | AG28: 5646.03 | AH28: 2984 | AI28: =AG28*AH28 | AJ28: 5179.53 | AK28: 3444 | AL28: =AJ28*AK28 | AM28: 5195.66 | AN28: 4652 | AO28: =AM28*AN28 | AP28: 5718.96 | AQ28: 4249 | AR28: =AP28*AQ28 | AS28: 5508.95 | AT28: 2902 | AU28: =AS28*AT28 | AV28: 5387.81 | AW28: 4175 | AX28: =AV28*AW28 | AY28: =IFERROR(BA28/AZ28,0) | AZ28: =SUM(P28,S28,V28,Y28,AB28,AE28,AH28,AK28,AN28,AQ28,AT28,AW28) | BA28: =SUM(Q28,T28,W28,Z28,AC28,AF28,AI28,AL28,AO28,AR28,AU28,AX28) | BB28: =AY28-L28 | BC28: =IFERROR(BB28/L28,0) | BF28: =VLOOKUP("차량OE"&J28,인자!A:D,4,0)
A29: 차량 영업부문 | B29: 차량 OE | C29: =D29&J29 | D29: 9025631 | E29: 동해파워C | F29: 9025631 | G29: 동해파워C | H29: 윤재원 | I29: 창원 | J29: MF 대형 EXP | K29: DUM37925 | L29: 190283.61 | M29: 1250 | N29: =L29*M29 | O29: 206263.4 | P29: 1337 | Q29: =O29*P29 | R29: 188090.93 | S29: 1038 | T29: =R29*S29 | U29: 205376.64 | V29: 980 | W29: =U29*V29 | X29: 175942.21 | Y29: 1423 | Z29: =X29*Y29 | AA29: 184633.54 | AB29: 1197 | AC29: =AA29*AB29 | AD29: 201361.03 | AE29: 1061 | AF29: =AD29*AE29 | AG29: 195787.39 | AH29: 1061 | AI29: =AG29*AH29 | AJ29: 194127.3 | AK29: 1416 | AL29: =AJ29*AK29 | AM29: 182098.4 | AN29: 1581 | AO29: =AM29*AN29 | AP29: 172276.1 | AQ29: 1510 | AR29: =AP29*AQ29 | AS29: 204586.36 | AT29: 1029 | AU29: =AS29*AT29 | AV29: 194352.9 | AW29: 1016 | AX29: =AV29*AW29 | AY29: =IFERROR(BA29/AZ29,0) | AZ29: =SUM(P29,S29,V29,Y29,AB29,AE29,AH29,AK29,AN29,AQ29,AT29,AW29) | BA29: =SUM(Q29,T29,W29,Z29,AC29,AF29,AI29,AL29,AO29,AR29,AU29,AX29) | BB29: =AY29-L29 | BC29: =IFERROR(BB29/L29,0) | BF29: =VLOOKUP("차량OE"&J29,인자!A:D,4,0)
... A42: 차량 영업부문 | B42: 차량 OE | C42: =D42&J42 | D42: 9081925 | E42: 그린텍배터리A | F42: 9081925 | G42: 그린텍배터리A | H42: 박도윤 | I42: 창원 | J42: 차량용 대형 PH | K42: DUM90134 | L42: 70164.1 | M42: 4642 | N42: =L42*M42 | O42: 64608.65 | P42: 4631 | Q42: =O42*P42 | R42: 67794.92 | S42: 3466 | T42: =R42*S42 | U42: 68014.41 | V42: 4139 | W42: =U42*V42 | X42: 72075.18 | Y42: 5932 | Z42: =X42*Y42 | AA42: 74677.92 | AB42: 5116 | AC42: =AA42*AB42 | AD42: 73381.63 | AE42: 4185 | AF42: =AD42*AE42 | AG42: 63307.6 | AH42: 3833 | AI42: =AG42*AH42 | AJ42: 72874.91 | AK42: 4226 | AL42: =AJ42*AK42 | AM42: 74191.8 | AN42: 5256 | AO42: =AM42*AN42 | AP42: 63823.33 | AQ42: 4470 | AR42: =AP42*AQ42 | AS42: 69036.61 | AT42: 3713 | AU42: =AS42*AT42 | AV42: 68957.55 | AW42: 5705 | AX42: =AV42*AW42 | AY42: =IFERROR(BA42/AZ42,0) | AZ42: =SUM(P42,S42,V42,Y42,AB42,AE42,AH42,AK42,AN42,AQ42,AT42,AW42) | BA42: =SUM(Q42,T42,W42,Z42,AC42,AF42,AI42,AL42,AO42,AR42,AU42,AX42) | BB42: =AY42-L42 | BC42: =IFERROR(BB42/L42,0) | BF42: =VLOOKUP("차량OE"&J42,인자!A:D,4,0)

Sheet 인자
B1: 제품군 인자
A2: VLOOK | B2: 팀 | C2: 제품군 | D2: 본부 보고용
A3: =B3&C3 | B3: 고정형 | C3: CGS 소형 | D3: CGS
A4: =B4&C4 | B4: 고정형 | C4: CGS 중형 | D4: CGS
A5: =B5&C5 | B5: 고정형 | C5: ES 대형 | D5: ES
A6: =B6&C6 | B6: 고정형 | C6: ES 소형 | D6: ES
A7: =B7&C7 | B7: 고정형 | C7: ES 중형 | D7: ES
A8: =B8&C8 | B8: 고정형 | C8: GSL 대형 | D8: GSL
A9: =B9&C9 | B9: 고정형 | C9: GSL 소형 | D9: GSL
A10: =B10&C10 | B10: 고정형 | C10: GSL 중형 | D10: GSL
A11: =B11&C11 | B11: 고정형 | C11: LM | D11: LM
A12: =B12&C12 | B12: 고정형 | C12: MSB 대형 | D12: MSB
A13: =B13&C13 | B13: 고정형 | C13: MSB 소형 | D13: MSB
A14: =B14&C14 | B14: 고정형 | C14: MSB 중형 | D14: MSB
... A63: =B63&C63 | B63: 차량OE | C63: PT(SB) | D63: PT(SB)
